  using cached demonstrations (30000, 234)
  demos (30000, 234), actions (30000, 2)

Using cpu device
  cloning for 60 epochs ...
    epoch   0  action MSE 0.02769
    epoch   5  action MSE 0.01118
    epoch  10  action MSE 0.00738
    epoch  15  action MSE 0.00485
    epoch  20  action MSE 0.00346
    epoch  25  action MSE 0.00244
    epoch  30  action MSE 0.00193
    epoch  35  action MSE 0.00154
    epoch  40  action MSE 0.00133
    epoch  45  action MSE 0.00109
    epoch  50  action MSE 0.00102
    epoch  55  action MSE 0.00073
    epoch  59  action MSE 0.00091
  net_arch 128,128, log_std pinned to std = 0.4, ent_coef 0.004

  fine-tuning with PPO for 500,000 steps (ent_coef 0.004)

---------------------------------
| rollout/           |          |
|    ep_len_mean     | 241      |
|    ep_rew_mean     | -312     |
| time/              |          |
|    fps             | 473      |
|    iterations      | 1        |
|    time_elapsed    | 6        |
|    total_timesteps | 3072     |
---------------------------------
-----------------------------------------
| rollout/                |             |
|    ep_len_mean          | 241         |
|    ep_rew_mean          | -752        |
| time/                   |             |
|    fps                  | 483         |
|    iterations           | 2           |
|    time_elapsed         | 12          |
|    total_timesteps      | 6144        |
| train/                  |             |
|    approx_kl            | 0.010163606 |
|    clip_fraction        | 0.0905      |
|    clip_range           | 0.2         |
|    entropy_loss         | -1.01       |
|    explained_variance   | -0.436      |
|    learning_rate        | 0.0001      |
|    loss                 | 0.604       |
|    n_updates            | 10          |
|    policy_gradient_loss | -0.0363     |
|    std                  | 0.4         |
|    value_loss           | 1.7         |
-----------------------------------------
-----------------------------------------
| rollout/                |             |
|    ep_len_mean          | 241         |
|    ep_rew_mean          | -918        |
| time/                   |             |
|    fps                  | 481         |
|    iterations           | 3           |
|    time_elapsed         | 19          |
|    total_timesteps      | 9216        |
| train/                  |             |
|    approx_kl            | 0.011434611 |
|    clip_fraction        | 0.0935      |
|    clip_range           | 0.2         |
|    entropy_loss         | -1          |
|    explained_variance   | 0.0358      |
|    learning_rate        | 0.0001      |
|    loss                 | 0.243       |
|    n_updates            | 20          |
|    policy_gradient_loss | -0.0308     |
|    std                  | 0.399       |
|    value_loss           | 0.635       |
-----------------------------------------
-----------------------------------------
| rollout/                |             |
|    ep_len_mean          | 241         |
|    ep_rew_mean          | -996        |
| time/                   |             |
|    fps                  | 485         |
|    iterations           | 4           |
|    time_elapsed         | 25          |
|    total_timesteps      | 12288       |
| train/                  |             |
|    approx_kl            | 0.010956279 |
|    clip_fraction        | 0.0804      |
|    clip_range           | 0.2         |
|    entropy_loss         | -0.998      |
|    explained_variance   | -1.57       |
|    learning_rate        | 0.0001      |
|    loss                 | 0.00336     |
|    n_updates            | 30          |
|    policy_gradient_loss | -0.0308     |
|    std                  | 0.398       |
|    value_loss           | 0.193       |
-----------------------------------------
-----------------------------------------
| rollout/                |             |
|    ep_len_mean          | 241         |
|    ep_rew_mean          | -1.04e+03   |
| time/                   |             |
|    fps                  | 486         |
|    iterations           | 5           |
|    time_elapsed         | 31          |
|    total_timesteps      | 15360       |
| train/                  |             |
|    approx_kl            | 0.010863647 |
|    clip_fraction        | 0.0934      |
|    clip_range           | 0.2         |
|    entropy_loss         | -0.995      |
|    explained_variance   | -0.727      |
|    learning_rate        | 0.0001      |
|    loss                 | -0.0431     |
|    n_updates            | 40          |
|    policy_gradient_loss | -0.0357     |
|    std                  | 0.398       |
|    value_loss           | 0.0684      |
-----------------------------------------
-----------------------------------------
| rollout/                |             |
|    ep_len_mean          | 241         |
|    ep_rew_mean          | -992        |
| time/                   |             |
|    fps                  | 485         |
|    iterations           | 6           |
|    time_elapsed         | 37          |
|    total_timesteps      | 18432       |
| train/                  |             |
|    approx_kl            | 0.011511193 |
|    clip_fraction        | 0.0936      |
|    clip_range           | 0.2         |
|    entropy_loss         | -0.992      |
|    explained_variance   | 0.304       |
|    learning_rate        | 0.0001      |
|    loss                 | -0.0294     |
|    n_updates            | 50          |
|    policy_gradient_loss | -0.0349     |
|    std                  | 0.397       |
|    value_loss           | 0.0799      |
-----------------------------------------
-----------------------------------------
| rollout/                |             |
|    ep_len_mean          | 241         |
|    ep_rew_mean          | -966        |
| time/                   |             |
|    fps                  | 485         |
|    iterations           | 7           |
|    time_elapsed         | 44          |
|    total_timesteps      | 21504       |
| train/                  |             |
|    approx_kl            | 0.011574299 |
|    clip_fraction        | 0.09        |
|    clip_range           | 0.2         |
|    entropy_loss         | -0.988      |
|    explained_variance   | 0.382       |
|    learning_rate        | 0.0001      |
|    loss                 | -0.0405     |
|    n_updates            | 60          |
|    policy_gradient_loss | -0.0341     |
|    std                  | 0.396       |
|    value_loss           | 0.064       |
-----------------------------------------
------------------------------------------
| rollout/                |              |
|    ep_len_mean          | 241          |
|    ep_rew_mean          | -898         |
| time/                   |              |
|    fps                  | 478          |
|    iterations           | 8            |
|    time_elapsed         | 51           |
|    total_timesteps      | 24576        |
| train/                  |              |
|    approx_kl            | 0.0127193555 |
|    clip_fraction        | 0.11         |
|    clip_range           | 0.2          |
|    entropy_loss         | -0.986       |
|    explained_variance   | 0.534        |
|    learning_rate        | 0.0001       |
|    loss                 | -0.0389      |
|    n_updates            | 70           |
|    policy_gradient_loss | -0.0335      |
|    std                  | 0.396        |
|    value_loss           | 0.0552       |
------------------------------------------
-----------------------------------------
| rollout/                |             |
|    ep_len_mean          | 241         |
|    ep_rew_mean          | -969        |
| time/                   |             |
|    fps                  | 466         |
|    iterations           | 9           |
|    time_elapsed         | 59          |
|    total_timesteps      | 27648       |
| train/                  |             |
|    approx_kl            | 0.012395985 |
|    clip_fraction        | 0.0989      |
|    clip_range           | 0.2         |
|    entropy_loss         | -0.982      |
|    explained_variance   | 0.324       |
|    learning_rate        | 0.0001      |
|    loss                 | -0.0414     |
|    n_updates            | 80          |
|    policy_gradient_loss | -0.035      |
|    std                  | 0.395       |
|    value_loss           | 0.0438      |
-----------------------------------------
----------------------------------------
| rollout/                |            |
|    ep_len_mean          | 241        |
|    ep_rew_mean          | -977       |
| time/                   |            |
|    fps                  | 464        |
|    iterations           | 10         |
|    time_elapsed         | 66         |
|    total_timesteps      | 30720      |
| train/                  |            |
|    approx_kl            | 0.01014091 |
|    clip_fraction        | 0.0817     |
|    clip_range           | 0.2        |
|    entropy_loss         | -0.978     |
|    explained_variance   | -3.45      |
|    learning_rate        | 0.0001     |
|    loss                 | -0.0502    |
|    n_updates            | 90         |
|    policy_gradient_loss | -0.0305    |
|    std                  | 0.394      |
|    value_loss           | 0.0519     |
----------------------------------------
----------------------------------------
| rollout/                |            |
|    ep_len_mean          | 241        |
|    ep_rew_mean          | -953       |
| time/                   |            |
|    fps                  | 463        |
|    iterations           | 11         |
|    time_elapsed         | 72         |
|    total_timesteps      | 33792      |
| train/                  |            |
|    approx_kl            | 0.01032688 |
|    clip_fraction        | 0.0918     |
|    clip_range           | 0.2        |
|    entropy_loss         | -0.974     |
|    explained_variance   | -0.632     |
|    learning_rate        | 0.0001     |
|    loss                 | -0.0434    |
|    n_updates            | 100        |
|    policy_gradient_loss | -0.032     |
|    std                  | 0.393      |
|    value_loss           | 0.0462     |
----------------------------------------
-----------------------------------------
| rollout/                |             |
|    ep_len_mean          | 241         |
|    ep_rew_mean          | -976        |
| time/                   |             |
|    fps                  | 461         |
|    iterations           | 12          |
|    time_elapsed         | 79          |
|    total_timesteps      | 36864       |
| train/                  |             |
|    approx_kl            | 0.011689324 |
|    clip_fraction        | 0.109       |
|    clip_range           | 0.2         |
|    entropy_loss         | -0.973      |
|    explained_variance   | 0.423       |
|    learning_rate        | 0.0001      |
|    loss                 | -0.0511     |
|    n_updates            | 110         |
|    policy_gradient_loss | -0.0319     |
|    std                  | 0.394       |
|    value_loss           | 0.0487      |
-----------------------------------------
-----------------------------------------
| rollout/                |             |
|    ep_len_mean          | 241         |
|    ep_rew_mean          | -935        |
| time/                   |             |
|    fps                  | 461         |
|    iterations           | 13          |
|    time_elapsed         | 86          |
|    total_timesteps      | 39936       |
| train/                  |             |
|    approx_kl            | 0.011595633 |
|    clip_fraction        | 0.113       |
|    clip_range           | 0.2         |
|    entropy_loss         | -0.977      |
|    explained_variance   | 0.683       |
|    learning_rate        | 0.0001      |
|    loss                 | -0.0251     |
|    n_updates            | 120         |
|    policy_gradient_loss | -0.0324     |
|    std                  | 0.395       |
|    value_loss           | 0.0575      |
-----------------------------------------
-----------------------------------------
| rollout/                |             |
|    ep_len_mean          | 241         |
|    ep_rew_mean          | -881        |
| time/                   |             |
|    fps                  | 461         |
|    iterations           | 14          |
|    time_elapsed         | 93          |
|    total_timesteps      | 43008       |
| train/                  |             |
|    approx_kl            | 0.013163254 |
|    clip_fraction        | 0.114       |
|    clip_range           | 0.2         |
|    entropy_loss         | -0.976      |
|    explained_variance   | 0.63        |
|    learning_rate        | 0.0001      |
|    loss                 | -0.0414     |
|    n_updates            | 130         |
|    policy_gradient_loss | -0.0355     |
|    std                  | 0.393       |
|    value_loss           | 0.0455      |
-----------------------------------------
-----------------------------------------
| rollout/                |             |
|    ep_len_mean          | 241         |
|    ep_rew_mean          | -843        |
| time/                   |             |
|    fps                  | 461         |
|    iterations           | 15          |
|    time_elapsed         | 99          |
|    total_timesteps      | 46080       |
| train/                  |             |
|    approx_kl            | 0.015118134 |
|    clip_fraction        | 0.115       |
|    clip_range           | 0.2         |
|    entropy_loss         | -0.969      |
|    explained_variance   | 0.241       |
|    learning_rate        | 0.0001      |
|    loss                 | -0.0458     |
|    n_updates            | 140         |
|    policy_gradient_loss | -0.0352     |
|    std                  | 0.392       |
|    value_loss           | 0.0388      |
-----------------------------------------
-----------------------------------------
| rollout/                |             |
|    ep_len_mean          | 241         |
|    ep_rew_mean          | -824        |
| time/                   |             |
|    fps                  | 461         |
|    iterations           | 16          |
|    time_elapsed         | 106         |
|    total_timesteps      | 49152       |
| train/                  |             |
|    approx_kl            | 0.013218559 |
|    clip_fraction        | 0.103       |
|    clip_range           | 0.2         |
|    entropy_loss         | -0.967      |
|    explained_variance   | -0.413      |
|    learning_rate        | 0.0001      |
|    loss                 | -0.0528     |
|    n_updates            | 150         |
|    policy_gradient_loss | -0.0337     |
|    std                  | 0.392       |
|    value_loss           | 0.026       |
-----------------------------------------
-----------------------------------------
| rollout/                |             |
|    ep_len_mean          | 241         |
|    ep_rew_mean          | -748        |
| time/                   |             |
|    fps                  | 461         |
|    iterations           | 17          |
|    time_elapsed         | 113         |
|    total_timesteps      | 52224       |
| train/                  |             |
|    approx_kl            | 0.011033128 |
|    clip_fraction        | 0.0972      |
|    clip_range           | 0.2         |
|    entropy_loss         | -0.964      |
|    explained_variance   | -2.08       |
|    learning_rate        | 0.0001      |
|    loss                 | -0.0542     |
|    n_updates            | 160         |
|    policy_gradient_loss | -0.0332     |
|    std                  | 0.391       |
|    value_loss           | 0.0223      |
-----------------------------------------
-----------------------------------------
| rollout/                |             |
|    ep_len_mean          | 241         |
|    ep_rew_mean          | -660        |
| time/                   |             |
|    fps                  | 462         |
|    iterations           | 18          |
|    time_elapsed         | 119         |
|    total_timesteps      | 55296       |
| train/                  |             |
|    approx_kl            | 0.009330571 |
|    clip_fraction        | 0.0792      |
|    clip_range           | 0.2         |
|    entropy_loss         | -0.959      |
|    explained_variance   | -2.67       |
|    learning_rate        | 0.0001      |
|    loss                 | -0.0513     |
|    n_updates            | 170         |
|    policy_gradient_loss | -0.0291     |
|    std                  | 0.391       |
|    value_loss           | 0.0201      |
-----------------------------------------
-----------------------------------------
| rollout/                |             |
|    ep_len_mean          | 241         |
|    ep_rew_mean          | -571        |
| time/                   |             |
|    fps                  | 462         |
|    iterations           | 19          |
|    time_elapsed         | 126         |
|    total_timesteps      | 58368       |
| train/                  |             |
|    approx_kl            | 0.009710956 |
|    clip_fraction        | 0.0761      |
|    clip_range           | 0.2         |
|    entropy_loss         | -0.956      |
|    explained_variance   | -0.627      |
|    learning_rate        | 0.0001      |
|    loss                 | -0.0546     |
|    n_updates            | 180         |
|    policy_gradient_loss | -0.0304     |
|    std                  | 0.39        |
|    value_loss           | 0.0191      |
-----------------------------------------
-----------------------------------------
| rollout/                |             |
|    ep_len_mean          | 241         |
|    ep_rew_mean          | -457        |
| time/                   |             |
|    fps                  | 463         |
|    iterations           | 20          |
|    time_elapsed         | 132         |
|    total_timesteps      | 61440       |
| train/                  |             |
|    approx_kl            | 0.012403126 |
|    clip_fraction        | 0.0943      |
|    clip_range           | 0.2         |
|    entropy_loss         | -0.952      |
|    explained_variance   | 0.247       |
|    learning_rate        | 0.0001      |
|    loss                 | -0.0551     |
|    n_updates            | 190         |
|    policy_gradient_loss | -0.0336     |
|    std                  | 0.389       |
|    value_loss           | 0.0191      |
-----------------------------------------
-----------------------------------------
| rollout/                |             |
|    ep_len_mean          | 241         |
|    ep_rew_mean          | -423        |
| time/                   |             |
|    fps                  | 463         |
|    iterations           | 21          |
|    time_elapsed         | 139         |
|    total_timesteps      | 64512       |
| train/                  |             |
|    approx_kl            | 0.013068464 |
|    clip_fraction        | 0.113       |
|    clip_range           | 0.2         |
|    entropy_loss         | -0.948      |
|    explained_variance   | 0.328       |
|    learning_rate        | 0.0001      |
|    loss                 | -0.0538     |
|    n_updates            | 200         |
|    policy_gradient_loss | -0.0369     |
|    std                  | 0.388       |
|    value_loss           | 0.0211      |
-----------------------------------------
-----------------------------------------
| rollout/                |             |
|    ep_len_mean          | 241         |
|    ep_rew_mean          | -404        |
| time/                   |             |
|    fps                  | 463         |
|    iterations           | 22          |
|    time_elapsed         | 145         |
|    total_timesteps      | 67584       |
| train/                  |             |
|    approx_kl            | 0.011982904 |
|    clip_fraction        | 0.096       |
|    clip_range           | 0.2         |
|    entropy_loss         | -0.946      |
|    explained_variance   | 0.218       |
|    learning_rate        | 0.0001      |
|    loss                 | -0.0559     |
|    n_updates            | 210         |
|    policy_gradient_loss | -0.0345     |
|    std                  | 0.388       |
|    value_loss           | 0.0191      |
-----------------------------------------
-----------------------------------------
| rollout/                |             |
|    ep_len_mean          | 241         |
|    ep_rew_mean          | -396        |
| time/                   |             |
|    fps                  | 463         |
|    iterations           | 23          |
|    time_elapsed         | 152         |
|    total_timesteps      | 70656       |
| train/                  |             |
|    approx_kl            | 0.012923889 |
|    clip_fraction        | 0.103       |
|    clip_range           | 0.2         |
|    entropy_loss         | -0.945      |
|    explained_variance   | -0.797      |
|    learning_rate        | 0.0001      |
|    loss                 | -0.0616     |
|    n_updates            | 220         |
|    policy_gradient_loss | -0.0335     |
|    std                  | 0.388       |
|    value_loss           | 0.0147      |
-----------------------------------------
-----------------------------------------
| rollout/                |             |
|    ep_len_mean          | 241         |
|    ep_rew_mean          | -379        |
| time/                   |             |
|    fps                  | 464         |
|    iterations           | 24          |
|    time_elapsed         | 158         |
|    total_timesteps      | 73728       |
| train/                  |             |
|    approx_kl            | 0.011769507 |
|    clip_fraction        | 0.0933      |
|    clip_range           | 0.2         |
|    entropy_loss         | -0.943      |
|    explained_variance   | -0.944      |
|    learning_rate        | 0.0001      |
|    loss                 | -0.0582     |
|    n_updates            | 230         |
|    policy_gradient_loss | -0.0336     |
|    std                  | 0.387       |
|    value_loss           | 0.0119      |
-----------------------------------------
-----------------------------------------
| rollout/                |             |
|    ep_len_mean          | 241         |
|    ep_rew_mean          | -341        |
| time/                   |             |
|    fps                  | 464         |
|    iterations           | 25          |
|    time_elapsed         | 165         |
|    total_timesteps      | 76800       |
| train/                  |             |
|    approx_kl            | 0.012111916 |
|    clip_fraction        | 0.109       |
|    clip_range           | 0.2         |
|    entropy_loss         | -0.938      |
|    explained_variance   | -2.72       |
|    learning_rate        | 0.0001      |
|    loss                 | -0.0614     |
|    n_updates            | 240         |
|    policy_gradient_loss | -0.034      |
|    std                  | 0.386       |
|    value_loss           | 0.0118      |
-----------------------------------------
-----------------------------------------
| rollout/                |             |
|    ep_len_mean          | 241         |
|    ep_rew_mean          | -300        |
| time/                   |             |
|    fps                  | 464         |
|    iterations           | 26          |
|    time_elapsed         | 171         |
|    total_timesteps      | 79872       |
| train/                  |             |
|    approx_kl            | 0.012454133 |
|    clip_fraction        | 0.114       |
|    clip_range           | 0.2         |
|    entropy_loss         | -0.934      |
|    explained_variance   | -1.09       |
|    learning_rate        | 0.0001      |
|    loss                 | -0.0485     |
|    n_updates            | 250         |
|    policy_gradient_loss | -0.0327     |
|    std                  | 0.386       |
|    value_loss           | 0.0129      |
-----------------------------------------
-----------------------------------------
| rollout/                |             |
|    ep_len_mean          | 241         |
|    ep_rew_mean          | -259        |
| time/                   |             |
|    fps                  | 465         |
|    iterations           | 27          |
|    time_elapsed         | 178         |
|    total_timesteps      | 82944       |
| train/                  |             |
|    approx_kl            | 0.010832071 |
|    clip_fraction        | 0.0825      |
|    clip_range           | 0.2         |
|    entropy_loss         | -0.932      |
|    explained_variance   | -0.679      |
|    learning_rate        | 0.0001      |
|    loss                 | -0.0519     |
|    n_updates            | 260         |
|    policy_gradient_loss | -0.0317     |
|    std                  | 0.385       |
|    value_loss           | 0.00951     |
-----------------------------------------
------------------------------------------
| rollout/                |              |
|    ep_len_mean          | 241          |
|    ep_rew_mean          | -224         |
| time/                   |              |
|    fps                  | 464          |
|    iterations           | 28           |
|    time_elapsed         | 185          |
|    total_timesteps      | 86016        |
| train/                  |              |
|    approx_kl            | 0.0129918605 |
|    clip_fraction        | 0.101        |
|    clip_range           | 0.2          |
|    entropy_loss         | -0.929       |
|    explained_variance   | -0.342       |
|    learning_rate        | 0.0001       |
|    loss                 | -0.0614      |
|    n_updates            | 270          |
|    policy_gradient_loss | -0.0364      |
|    std                  | 0.385        |
|    value_loss           | 0.00867      |
------------------------------------------
-----------------------------------------
| rollout/                |             |
|    ep_len_mean          | 241         |
|    ep_rew_mean          | -205        |
| time/                   |             |
|    fps                  | 464         |
|    iterations           | 29          |
|    time_elapsed         | 191         |
|    total_timesteps      | 89088       |
| train/                  |             |
|    approx_kl            | 0.012624361 |
|    clip_fraction        | 0.0917      |
|    clip_range           | 0.2         |
|    entropy_loss         | -0.924      |
|    explained_variance   | -1.61       |
|    learning_rate        | 0.0001      |
|    loss                 | -0.0611     |
|    n_updates            | 280         |
|    policy_gradient_loss | -0.0339     |
|    std                  | 0.384       |
|    value_loss           | 0.00704     |
-----------------------------------------
-----------------------------------------
| rollout/                |             |
|    ep_len_mean          | 241         |
|    ep_rew_mean          | -193        |
| time/                   |             |
|    fps                  | 464         |
|    iterations           | 30          |
|    time_elapsed         | 198         |
|    total_timesteps      | 92160       |
| train/                  |             |
|    approx_kl            | 0.010678516 |
|    clip_fraction        | 0.0871      |
|    clip_range           | 0.2         |
|    entropy_loss         | -0.92       |
|    explained_variance   | -1.57       |
|    learning_rate        | 0.0001      |
|    loss                 | -0.0605     |
|    n_updates            | 290         |
|    policy_gradient_loss | -0.0328     |
|    std                  | 0.383       |
|    value_loss           | 0.00666     |
-----------------------------------------
-----------------------------------------
| rollout/                |             |
|    ep_len_mean          | 241         |
|    ep_rew_mean          | -181        |
| time/                   |             |
|    fps                  | 463         |
|    iterations           | 31          |
|    time_elapsed         | 205         |
|    total_timesteps      | 95232       |
| train/                  |             |
|    approx_kl            | 0.009545966 |
|    clip_fraction        | 0.0808      |
|    clip_range           | 0.2         |
|    entropy_loss         | -0.917      |
|    explained_variance   | -2.71       |
|    learning_rate        | 0.0001      |
|    loss                 | -0.0549     |
|    n_updates            | 300         |
|    policy_gradient_loss | -0.0307     |
|    std                  | 0.383       |
|    value_loss           | 0.00667     |
-----------------------------------------
-----------------------------------------
| rollout/                |             |
|    ep_len_mean          | 241         |
|    ep_rew_mean          | -174        |
| time/                   |             |
|    fps                  | 463         |
|    iterations           | 32          |
|    time_elapsed         | 212         |
|    total_timesteps      | 98304       |
| train/                  |             |
|    approx_kl            | 0.011665576 |
|    clip_fraction        | 0.0891      |
|    clip_range           | 0.2         |
|    entropy_loss         | -0.918      |
|    explained_variance   | -7.14       |
|    learning_rate        | 0.0001      |
|    loss                 | -0.0558     |
|    n_updates            | 310         |
|    policy_gradient_loss | -0.0325     |
|    std                  | 0.383       |
|    value_loss           | 0.00586     |
-----------------------------------------
-----------------------------------------
| rollout/                |             |
|    ep_len_mean          | 241         |
|    ep_rew_mean          | -150        |
| time/                   |             |
|    fps                  | 463         |
|    iterations           | 33          |
|    time_elapsed         | 218         |
|    total_timesteps      | 101376      |
| train/                  |             |
|    approx_kl            | 0.012032517 |
|    clip_fraction        | 0.101       |
|    clip_range           | 0.2         |
|    entropy_loss         | -0.916      |
|    explained_variance   | -5.38       |
|    learning_rate        | 0.0001      |
|    loss                 | -0.0587     |
|    n_updates            | 320         |
|    policy_gradient_loss | -0.0321     |
|    std                  | 0.382       |
|    value_loss           | 0.00622     |
-----------------------------------------
-----------------------------------------
| rollout/                |             |
|    ep_len_mean          | 241         |
|    ep_rew_mean          | -137        |
| time/                   |             |
|    fps                  | 462         |
|    iterations           | 34          |
|    time_elapsed         | 225         |
|    total_timesteps      | 104448      |
| train/                  |             |
|    approx_kl            | 0.013114695 |
|    clip_fraction        | 0.113       |
|    clip_range           | 0.2         |
|    entropy_loss         | -0.913      |
|    explained_variance   | -4.64       |
|    learning_rate        | 0.0001      |
|    loss                 | -0.0652     |
|    n_updates            | 330         |
|    policy_gradient_loss | -0.0346     |
|    std                  | 0.382       |
|    value_loss           | 0.00532     |
-----------------------------------------
-----------------------------------------
| rollout/                |             |
|    ep_len_mean          | 241         |
|    ep_rew_mean          | -128        |
| time/                   |             |
|    fps                  | 462         |
|    iterations           | 35          |
|    time_elapsed         | 232         |
|    total_timesteps      | 107520      |
| train/                  |             |
|    approx_kl            | 0.012395713 |
|    clip_fraction        | 0.109       |
|    clip_range           | 0.2         |
|    entropy_loss         | -0.911      |
|    explained_variance   | -3.19       |
|    learning_rate        | 0.0001      |
|    loss                 | -0.0613     |
|    n_updates            | 340         |
|    policy_gradient_loss | -0.0338     |
|    std                  | 0.381       |
|    value_loss           | 0.00543     |
-----------------------------------------
----------------------------------------
| rollout/                |            |
|    ep_len_mean          | 241        |
|    ep_rew_mean          | -128       |
| time/                   |            |
|    fps                  | 462        |
|    iterations           | 36         |
|    time_elapsed         | 238        |
|    total_timesteps      | 110592     |
| train/                  |            |
|    approx_kl            | 0.01022338 |
|    clip_fraction        | 0.0835     |
|    clip_range           | 0.2        |
|    entropy_loss         | -0.908     |
|    explained_variance   | -3.4       |
|    learning_rate        | 0.0001     |
|    loss                 | -0.0553    |
|    n_updates            | 350        |
|    policy_gradient_loss | -0.0315    |
|    std                  | 0.381      |
|    value_loss           | 0.00464    |
----------------------------------------
----------------------------------------
| rollout/                |            |
|    ep_len_mean          | 241        |
|    ep_rew_mean          | -130       |
| time/                   |            |
|    fps                  | 462        |
|    iterations           | 37         |
|    time_elapsed         | 245        |
|    total_timesteps      | 113664     |
| train/                  |            |
|    approx_kl            | 0.01119692 |
|    clip_fraction        | 0.101      |
|    clip_range           | 0.2        |
|    entropy_loss         | -0.908     |
|    explained_variance   | -2.21      |
|    learning_rate        | 0.0001     |
|    loss                 | -0.0606    |
|    n_updates            | 360        |
|    policy_gradient_loss | -0.0324    |
|    std                  | 0.381      |
|    value_loss           | 0.00442    |
----------------------------------------
-----------------------------------------
| rollout/                |             |
|    ep_len_mean          | 241         |
|    ep_rew_mean          | -127        |
| time/                   |             |
|    fps                  | 462         |
|    iterations           | 38          |
|    time_elapsed         | 252         |
|    total_timesteps      | 116736      |
| train/                  |             |
|    approx_kl            | 0.012234232 |
|    clip_fraction        | 0.0969      |
|    clip_range           | 0.2         |
|    entropy_loss         | -0.91       |
|    explained_variance   | -1.5        |
|    learning_rate        | 0.0001      |
|    loss                 | -0.0626     |
|    n_updates            | 370         |
|    policy_gradient_loss | -0.0331     |
|    std                  | 0.382       |
|    value_loss           | 0.00499     |
-----------------------------------------
-----------------------------------------
| rollout/                |             |
|    ep_len_mean          | 241         |
|    ep_rew_mean          | -123        |
| time/                   |             |
|    fps                  | 462         |
|    iterations           | 39          |
|    time_elapsed         | 258         |
|    total_timesteps      | 119808      |
| train/                  |             |
|    approx_kl            | 0.012324349 |
|    clip_fraction        | 0.105       |
|    clip_range           | 0.2         |
|    entropy_loss         | -0.91       |
|    explained_variance   | -2.54       |
|    learning_rate        | 0.0001      |
|    loss                 | -0.0551     |
|    n_updates            | 380         |
|    policy_gradient_loss | -0.0335     |
|    std                  | 0.381       |
|    value_loss           | 0.00441     |
-----------------------------------------
-----------------------------------------
| rollout/                |             |
|    ep_len_mean          | 241         |
|    ep_rew_mean          | -117        |
| time/                   |             |
|    fps                  | 463         |
|    iterations           | 40          |
|    time_elapsed         | 265         |
|    total_timesteps      | 122880      |
| train/                  |             |
|    approx_kl            | 0.011347222 |
|    clip_fraction        | 0.0951      |
|    clip_range           | 0.2         |
|    entropy_loss         | -0.908      |
|    explained_variance   | -1.85       |
|    learning_rate        | 0.0001      |
|    loss                 | -0.0591     |
|    n_updates            | 390         |
|    policy_gradient_loss | -0.0332     |
|    std                  | 0.38        |
|    value_loss           | 0.00403     |
-----------------------------------------
-----------------------------------------
| rollout/                |             |
|    ep_len_mean          | 241         |
|    ep_rew_mean          | -110        |
| time/                   |             |
|    fps                  | 463         |
|    iterations           | 41          |
|    time_elapsed         | 271         |
|    total_timesteps      | 125952      |
| train/                  |             |
|    approx_kl            | 0.011654644 |
|    clip_fraction        | 0.105       |
|    clip_range           | 0.2         |
|    entropy_loss         | -0.904      |
|    explained_variance   | -4.3        |
|    learning_rate        | 0.0001      |
|    loss                 | -0.0638     |
|    n_updates            | 400         |
|    policy_gradient_loss | -0.0333     |
|    std                  | 0.38        |
|    value_loss           | 0.00391     |
-----------------------------------------
-----------------------------------------
| rollout/                |             |
|    ep_len_mean          | 241         |
|    ep_rew_mean          | -104        |
| time/                   |             |
|    fps                  | 463         |
|    iterations           | 42          |
|    time_elapsed         | 278         |
|    total_timesteps      | 129024      |
| train/                  |             |
|    approx_kl            | 0.010623033 |
|    clip_fraction        | 0.0843      |
|    clip_range           | 0.2         |
|    entropy_loss         | -0.902      |
|    explained_variance   | -8.27       |
|    learning_rate        | 0.0001      |
|    loss                 | -0.0557     |
|    n_updates            | 410         |
|    policy_gradient_loss | -0.0313     |
|    std                  | 0.38        |
|    value_loss           | 0.00337     |
-----------------------------------------
-----------------------------------------
| rollout/                |             |
|    ep_len_mean          | 241         |
|    ep_rew_mean          | -101        |
| time/                   |             |
|    fps                  | 464         |
|    iterations           | 43          |
|    time_elapsed         | 284         |
|    total_timesteps      | 132096      |
| train/                  |             |
|    approx_kl            | 0.012577344 |
|    clip_fraction        | 0.0958      |
|    clip_range           | 0.2         |
|    entropy_loss         | -0.902      |
|    explained_variance   | -6.97       |
|    learning_rate        | 0.0001      |
|    loss                 | -0.0548     |
|    n_updates            | 420         |
|    policy_gradient_loss | -0.0324     |
|    std                  | 0.38        |
|    value_loss           | 0.00327     |
-----------------------------------------
-----------------------------------------
| rollout/                |             |
|    ep_len_mean          | 241         |
|    ep_rew_mean          | -98.2       |
| time/                   |             |
|    fps                  | 464         |
|    iterations           | 44          |
|    time_elapsed         | 290         |
|    total_timesteps      | 135168      |
| train/                  |             |
|    approx_kl            | 0.011566226 |
|    clip_fraction        | 0.0822      |
|    clip_range           | 0.2         |
|    entropy_loss         | -0.9        |
|    explained_variance   | -7.08       |
|    learning_rate        | 0.0001      |
|    loss                 | -0.056      |
|    n_updates            | 430         |
|    policy_gradient_loss | -0.0321     |
|    std                  | 0.379       |
|    value_loss           | 0.00311     |
-----------------------------------------
-----------------------------------------
| rollout/                |             |
|    ep_len_mean          | 241         |
|    ep_rew_mean          | -88.3       |
| time/                   |             |
|    fps                  | 464         |
|    iterations           | 45          |
|    time_elapsed         | 297         |
|    total_timesteps      | 138240      |
| train/                  |             |
|    approx_kl            | 0.011363156 |
|    clip_fraction        | 0.0938      |
|    clip_range           | 0.2         |
|    entropy_loss         | -0.893      |
|    explained_variance   | -4.35       |
|    learning_rate        | 0.0001      |
|    loss                 | -0.0627     |
|    n_updates            | 440         |
|    policy_gradient_loss | -0.0322     |
|    std                  | 0.378       |
|    value_loss           | 0.00316     |
-----------------------------------------
-----------------------------------------
| rollout/                |             |
|    ep_len_mean          | 241         |
|    ep_rew_mean          | -87.4       |
| time/                   |             |
|    fps                  | 464         |
|    iterations           | 46          |
|    time_elapsed         | 303         |
|    total_timesteps      | 141312      |
| train/                  |             |
|    approx_kl            | 0.011689216 |
|    clip_fraction        | 0.091       |
|    clip_range           | 0.2         |
|    entropy_loss         | -0.89       |
|    explained_variance   | -10.7       |
|    learning_rate        | 0.0001      |
|    loss                 | -0.0505     |
|    n_updates            | 450         |
|    policy_gradient_loss | -0.033      |
|    std                  | 0.378       |
|    value_loss           | 0.00284     |
-----------------------------------------
----------------------------------------
| rollout/                |            |
|    ep_len_mean          | 241        |
|    ep_rew_mean          | -84.8      |
| time/                   |            |
|    fps                  | 465        |
|    iterations           | 47         |
|    time_elapsed         | 310        |
|    total_timesteps      | 144384     |
| train/                  |            |
|    approx_kl            | 0.01178249 |
|    clip_fraction        | 0.0858     |
|    clip_range           | 0.2        |
|    entropy_loss         | -0.891     |
|    explained_variance   | -8.24      |
|    learning_rate        | 0.0001     |
|    loss                 | -0.0598    |
|    n_updates            | 460        |
|    policy_gradient_loss | -0.0317    |
|    std                  | 0.378      |
|    value_loss           | 0.00277    |
----------------------------------------
-----------------------------------------
| rollout/                |             |
|    ep_len_mean          | 241         |
|    ep_rew_mean          | -81.6       |
| time/                   |             |
|    fps                  | 465         |
|    iterations           | 48          |
|    time_elapsed         | 316         |
|    total_timesteps      | 147456      |
| train/                  |             |
|    approx_kl            | 0.011848698 |
|    clip_fraction        | 0.0958      |
|    clip_range           | 0.2         |
|    entropy_loss         | -0.888      |
|    explained_variance   | -7.24       |
|    learning_rate        | 0.0001      |
|    loss                 | -0.0644     |
|    n_updates            | 470         |
|    policy_gradient_loss | -0.0336     |
|    std                  | 0.377       |
|    value_loss           | 0.00269     |
-----------------------------------------
-----------------------------------------
| rollout/                |             |
|    ep_len_mean          | 241         |
|    ep_rew_mean          | -79.4       |
| time/                   |             |
|    fps                  | 465         |
|    iterations           | 49          |
|    time_elapsed         | 323         |
|    total_timesteps      | 150528      |
| train/                  |             |
|    approx_kl            | 0.010762638 |
|    clip_fraction        | 0.0887      |
|    clip_range           | 0.2         |
|    entropy_loss         | -0.883      |
|    explained_variance   | -6.55       |
|    learning_rate        | 0.0001      |
|    loss                 | -0.0488     |
|    n_updates            | 480         |
|    policy_gradient_loss | -0.0317     |
|    std                  | 0.376       |
|    value_loss           | 0.00267     |
-----------------------------------------
-----------------------------------------
| rollout/                |             |
|    ep_len_mean          | 241         |
|    ep_rew_mean          | -77.2       |
| time/                   |             |
|    fps                  | 464         |
|    iterations           | 50          |
|    time_elapsed         | 330         |
|    total_timesteps      | 153600      |
| train/                  |             |
|    approx_kl            | 0.011467618 |
|    clip_fraction        | 0.091       |
|    clip_range           | 0.2         |
|    entropy_loss         | -0.882      |
|    explained_variance   | -5.68       |
|    learning_rate        | 0.0001      |
|    loss                 | -0.0651     |
|    n_updates            | 490         |
|    policy_gradient_loss | -0.0343     |
|    std                  | 0.376       |
|    value_loss           | 0.00257     |
-----------------------------------------
-----------------------------------------
| rollout/                |             |
|    ep_len_mean          | 241         |
|    ep_rew_mean          | -77.6       |
| time/                   |             |
|    fps                  | 463         |
|    iterations           | 51          |
|    time_elapsed         | 337         |
|    total_timesteps      | 156672      |
| train/                  |             |
|    approx_kl            | 0.012609058 |
|    clip_fraction        | 0.0962      |
|    clip_range           | 0.2         |
|    entropy_loss         | -0.882      |
|    explained_variance   | -7.6        |
|    learning_rate        | 0.0001      |
|    loss                 | -0.0535     |
|    n_updates            | 500         |
|    policy_gradient_loss | -0.0327     |
|    std                  | 0.376       |
|    value_loss           | 0.0024      |
-----------------------------------------
-----------------------------------------
| rollout/                |             |
|    ep_len_mean          | 241         |
|    ep_rew_mean          | -74.3       |
| time/                   |             |
|    fps                  | 463         |
|    iterations           | 52          |
|    time_elapsed         | 344         |
|    total_timesteps      | 159744      |
| train/                  |             |
|    approx_kl            | 0.011032921 |
|    clip_fraction        | 0.0919      |
|    clip_range           | 0.2         |
|    entropy_loss         | -0.878      |
|    explained_variance   | -8.11       |
|    learning_rate        | 0.0001      |
|    loss                 | -0.0637     |
|    n_updates            | 510         |
|    policy_gradient_loss | -0.031      |
|    std                  | 0.375       |
|    value_loss           | 0.00234     |
-----------------------------------------
-----------------------------------------
| rollout/                |             |
|    ep_len_mean          | 241         |
|    ep_rew_mean          | -74.4       |
| time/                   |             |
|    fps                  | 462         |
|    iterations           | 53          |
|    time_elapsed         | 351         |
|    total_timesteps      | 162816      |
| train/                  |             |
|    approx_kl            | 0.011413154 |
|    clip_fraction        | 0.094       |
|    clip_range           | 0.2         |
|    entropy_loss         | -0.872      |
|    explained_variance   | -8.25       |
|    learning_rate        | 0.0001      |
|    loss                 | -0.056      |
|    n_updates            | 520         |
|    policy_gradient_loss | -0.0325     |
|    std                  | 0.373       |
|    value_loss           | 0.00222     |
-----------------------------------------
-----------------------------------------
| rollout/                |             |
|    ep_len_mean          | 241         |
|    ep_rew_mean          | -73.6       |
| time/                   |             |
|    fps                  | 462         |
|    iterations           | 54          |
|    time_elapsed         | 358         |
|    total_timesteps      | 165888      |
| train/                  |             |
|    approx_kl            | 0.011967618 |
|    clip_fraction        | 0.0882      |
|    clip_range           | 0.2         |
|    entropy_loss         | -0.866      |
|    explained_variance   | -8.31       |
|    learning_rate        | 0.0001      |
|    loss                 | -0.063      |
|    n_updates            | 530         |
|    policy_gradient_loss | -0.0326     |
|    std                  | 0.373       |
|    value_loss           | 0.0022      |
-----------------------------------------
-----------------------------------------
| rollout/                |             |
|    ep_len_mean          | 241         |
|    ep_rew_mean          | -72.7       |
| time/                   |             |
|    fps                  | 462         |
|    iterations           | 55          |
|    time_elapsed         | 365         |
|    total_timesteps      | 168960      |
| train/                  |             |
|    approx_kl            | 0.011082935 |
|    clip_fraction        | 0.0906      |
|    clip_range           | 0.2         |
|    entropy_loss         | -0.864      |
|    explained_variance   | -7.26       |
|    learning_rate        | 0.0001      |
|    loss                 | -0.061      |
|    n_updates            | 540         |
|    policy_gradient_loss | -0.0327     |
|    std                  | 0.372       |
|    value_loss           | 0.00214     |
-----------------------------------------
-----------------------------------------
| rollout/                |             |
|    ep_len_mean          | 241         |
|    ep_rew_mean          | -71.4       |
| time/                   |             |
|    fps                  | 461         |
|    iterations           | 56          |
|    time_elapsed         | 372         |
|    total_timesteps      | 172032      |
| train/                  |             |
|    approx_kl            | 0.012090604 |
|    clip_fraction        | 0.0904      |
|    clip_range           | 0.2         |
|    entropy_loss         | -0.858      |
|    explained_variance   | -5.86       |
|    learning_rate        | 0.0001      |
|    loss                 | -0.061      |
|    n_updates            | 550         |
|    policy_gradient_loss | -0.0332     |
|    std                  | 0.371       |
|    value_loss           | 0.00196     |
-----------------------------------------
------------------------------------------
| rollout/                |              |
|    ep_len_mean          | 241          |
|    ep_rew_mean          | -68.6        |
| time/                   |              |
|    fps                  | 461          |
|    iterations           | 57           |
|    time_elapsed         | 379          |
|    total_timesteps      | 175104       |
| train/                  |              |
|    approx_kl            | 0.0122948475 |
|    clip_fraction        | 0.106        |
|    clip_range           | 0.2          |
|    entropy_loss         | -0.853       |
|    explained_variance   | -11.1        |
|    learning_rate        | 0.0001       |
|    loss                 | -0.0632      |
|    n_updates            | 560          |
|    policy_gradient_loss | -0.0337      |
|    std                  | 0.37         |
|    value_loss           | 0.00184      |
------------------------------------------
-----------------------------------------
| rollout/                |             |
|    ep_len_mean          | 241         |
|    ep_rew_mean          | -68.5       |
| time/                   |             |
|    fps                  | 461         |
|    iterations           | 58          |
|    time_elapsed         | 386         |
|    total_timesteps      | 178176      |
| train/                  |             |
|    approx_kl            | 0.012286368 |
|    clip_fraction        | 0.102       |
|    clip_range           | 0.2         |
|    entropy_loss         | -0.85       |
|    explained_variance   | -7.01       |
|    learning_rate        | 0.0001      |
|    loss                 | -0.0592     |
|    n_updates            | 570         |
|    policy_gradient_loss | -0.033      |
|    std                  | 0.37        |
|    value_loss           | 0.00175     |
-----------------------------------------
-----------------------------------------
| rollout/                |             |
|    ep_len_mean          | 241         |
|    ep_rew_mean          | -67.1       |
| time/                   |             |
|    fps                  | 461         |
|    iterations           | 59          |
|    time_elapsed         | 392         |
|    total_timesteps      | 181248      |
| train/                  |             |
|    approx_kl            | 0.010692003 |
|    clip_fraction        | 0.0844      |
|    clip_range           | 0.2         |
|    entropy_loss         | -0.847      |
|    explained_variance   | -9.19       |
|    learning_rate        | 0.0001      |
|    loss                 | -0.0588     |
|    n_updates            | 580         |
|    policy_gradient_loss | -0.0313     |
|    std                  | 0.369       |
|    value_loss           | 0.00177     |
-----------------------------------------
-----------------------------------------
| rollout/                |             |
|    ep_len_mean          | 241         |
|    ep_rew_mean          | -66.5       |
| time/                   |             |
|    fps                  | 461         |
|    iterations           | 60          |
|    time_elapsed         | 399         |
|    total_timesteps      | 184320      |
| train/                  |             |
|    approx_kl            | 0.013630311 |
|    clip_fraction        | 0.108       |
|    clip_range           | 0.2         |
|    entropy_loss         | -0.844      |
|    explained_variance   | -6.99       |
|    learning_rate        | 0.0001      |
|    loss                 | -0.0662     |
|    n_updates            | 590         |
|    policy_gradient_loss | -0.0341     |
|    std                  | 0.368       |
|    value_loss           | 0.00165     |
-----------------------------------------
-----------------------------------------
| rollout/                |             |
|    ep_len_mean          | 241         |
|    ep_rew_mean          | -64.8       |
| time/                   |             |
|    fps                  | 461         |
|    iterations           | 61          |
|    time_elapsed         | 406         |
|    total_timesteps      | 187392      |
| train/                  |             |
|    approx_kl            | 0.012331632 |
|    clip_fraction        | 0.105       |
|    clip_range           | 0.2         |
|    entropy_loss         | -0.839      |
|    explained_variance   | -6.58       |
|    learning_rate        | 0.0001      |
|    loss                 | -0.0587     |
|    n_updates            | 600         |
|    policy_gradient_loss | -0.0329     |
|    std                  | 0.368       |
|    value_loss           | 0.00168     |
-----------------------------------------
----------------------------------------
| rollout/                |            |
|    ep_len_mean          | 241        |
|    ep_rew_mean          | -64.6      |
| time/                   |            |
|    fps                  | 461        |
|    iterations           | 62         |
|    time_elapsed         | 412        |
|    total_timesteps      | 190464     |
| train/                  |            |
|    approx_kl            | 0.01167804 |
|    clip_fraction        | 0.0954     |
|    clip_range           | 0.2        |
|    entropy_loss         | -0.838     |
|    explained_variance   | -9.32      |
|    learning_rate        | 0.0001     |
|    loss                 | -0.0512    |
|    n_updates            | 610        |
|    policy_gradient_loss | -0.0328    |
|    std                  | 0.368      |
|    value_loss           | 0.00154    |
----------------------------------------
-----------------------------------------
| rollout/                |             |
|    ep_len_mean          | 241         |
|    ep_rew_mean          | -62.6       |
| time/                   |             |
|    fps                  | 461         |
|    iterations           | 63          |
|    time_elapsed         | 419         |
|    total_timesteps      | 193536      |
| train/                  |             |
|    approx_kl            | 0.012305595 |
|    clip_fraction        | 0.101       |
|    clip_range           | 0.2         |
|    entropy_loss         | -0.836      |
|    explained_variance   | -6.46       |
|    learning_rate        | 0.0001      |
|    loss                 | -0.0667     |
|    n_updates            | 620         |
|    policy_gradient_loss | -0.033      |
|    std                  | 0.367       |
|    value_loss           | 0.00151     |
-----------------------------------------
-----------------------------------------
| rollout/                |             |
|    ep_len_mean          | 241         |
|    ep_rew_mean          | -61.8       |
| time/                   |             |
|    fps                  | 461         |
|    iterations           | 64          |
|    time_elapsed         | 426         |
|    total_timesteps      | 196608      |
| train/                  |             |
|    approx_kl            | 0.011792702 |
|    clip_fraction        | 0.0968      |
|    clip_range           | 0.2         |
|    entropy_loss         | -0.834      |
|    explained_variance   | -8.72       |
|    learning_rate        | 0.0001      |
|    loss                 | -0.0564     |
|    n_updates            | 630         |
|    policy_gradient_loss | -0.0325     |
|    std                  | 0.367       |
|    value_loss           | 0.00148     |
-----------------------------------------
----------------------------------------
| rollout/                |            |
|    ep_len_mean          | 241        |
|    ep_rew_mean          | -60.9      |
| time/                   |            |
|    fps                  | 460        |
|    iterations           | 65         |
|    time_elapsed         | 433        |
|    total_timesteps      | 199680     |
| train/                  |            |
|    approx_kl            | 0.01336405 |
|    clip_fraction        | 0.115      |
|    clip_range           | 0.2        |
|    entropy_loss         | -0.829     |
|    explained_variance   | -8.05      |
|    learning_rate        | 0.0001     |
|    loss                 | -0.0719    |
|    n_updates            | 640        |
|    policy_gradient_loss | -0.0364    |
|    std                  | 0.366      |
|    value_loss           | 0.00153    |
----------------------------------------
-----------------------------------------
| rollout/                |             |
|    ep_len_mean          | 241         |
|    ep_rew_mean          | -60.7       |
| time/                   |             |
|    fps                  | 460         |
|    iterations           | 66          |
|    time_elapsed         | 440         |
|    total_timesteps      | 202752      |
| train/                  |             |
|    approx_kl            | 0.012102383 |
|    clip_fraction        | 0.0951      |
|    clip_range           | 0.2         |
|    entropy_loss         | -0.827      |
|    explained_variance   | -10.2       |
|    learning_rate        | 0.0001      |
|    loss                 | -0.0621     |
|    n_updates            | 650         |
|    policy_gradient_loss | -0.0328     |
|    std                  | 0.366       |
|    value_loss           | 0.00132     |
-----------------------------------------
-----------------------------------------
| rollout/                |             |
|    ep_len_mean          | 241         |
|    ep_rew_mean          | -59.7       |
| time/                   |             |
|    fps                  | 459         |
|    iterations           | 67          |
|    time_elapsed         | 447         |
|    total_timesteps      | 205824      |
| train/                  |             |
|    approx_kl            | 0.013138494 |
|    clip_fraction        | 0.106       |
|    clip_range           | 0.2         |
|    entropy_loss         | -0.825      |
|    explained_variance   | -9.37       |
|    learning_rate        | 0.0001      |
|    loss                 | -0.06       |
|    n_updates            | 660         |
|    policy_gradient_loss | -0.0357     |
|    std                  | 0.365       |
|    value_loss           | 0.00141     |
-----------------------------------------
----------------------------------------
| rollout/                |            |
|    ep_len_mean          | 241        |
|    ep_rew_mean          | -59.2      |
| time/                   |            |
|    fps                  | 459        |
|    iterations           | 68         |
|    time_elapsed         | 454        |
|    total_timesteps      | 208896     |
| train/                  |            |
|    approx_kl            | 0.01130093 |
|    clip_fraction        | 0.0954     |
|    clip_range           | 0.2        |
|    entropy_loss         | -0.821     |
|    explained_variance   | -6.93      |
|    learning_rate        | 0.0001     |
|    loss                 | -0.0615    |
|    n_updates            | 670        |
|    policy_gradient_loss | -0.0332    |
|    std                  | 0.365      |
|    value_loss           | 0.00121    |
----------------------------------------
-----------------------------------------
| rollout/                |             |
|    ep_len_mean          | 241         |
|    ep_rew_mean          | -59         |
| time/                   |             |
|    fps                  | 459         |
|    iterations           | 69          |
|    time_elapsed         | 461         |
|    total_timesteps      | 211968      |
| train/                  |             |
|    approx_kl            | 0.010740005 |
|    clip_fraction        | 0.0841      |
|    clip_range           | 0.2         |
|    entropy_loss         | -0.817      |
|    explained_variance   | -8.28       |
|    learning_rate        | 0.0001      |
|    loss                 | -0.0563     |
|    n_updates            | 680         |
|    policy_gradient_loss | -0.0307     |
|    std                  | 0.364       |
|    value_loss           | 0.0013      |
-----------------------------------------
-----------------------------------------
| rollout/                |             |
|    ep_len_mean          | 241         |
|    ep_rew_mean          | -58.5       |
| time/                   |             |
|    fps                  | 459         |
|    iterations           | 70          |
|    time_elapsed         | 468         |
|    total_timesteps      | 215040      |
| train/                  |             |
|    approx_kl            | 0.012362725 |
|    clip_fraction        | 0.107       |
|    clip_range           | 0.2         |
|    entropy_loss         | -0.812      |
|    explained_variance   | -6.45       |
|    learning_rate        | 0.0001      |
|    loss                 | -0.0615     |
|    n_updates            | 690         |
|    policy_gradient_loss | -0.0342     |
|    std                  | 0.363       |
|    value_loss           | 0.00138     |
-----------------------------------------
----------------------------------------
| rollout/                |            |
|    ep_len_mean          | 241        |
|    ep_rew_mean          | -58.6      |
| time/                   |            |
|    fps                  | 459        |
|    iterations           | 71         |
|    time_elapsed         | 475        |
|    total_timesteps      | 218112     |
| train/                  |            |
|    approx_kl            | 0.01199216 |
|    clip_fraction        | 0.105      |
|    clip_range           | 0.2        |
|    entropy_loss         | -0.808     |
|    explained_variance   | -9.37      |
|    learning_rate        | 0.0001     |
|    loss                 | -0.0586    |
|    n_updates            | 700        |
|    policy_gradient_loss | -0.0349    |
|    std                  | 0.362      |
|    value_loss           | 0.00119    |
----------------------------------------
----------------------------------------
| rollout/                |            |
|    ep_len_mean          | 241        |
|    ep_rew_mean          | -58.3      |
| time/                   |            |
|    fps                  | 459        |
|    iterations           | 72         |
|    time_elapsed         | 481        |
|    total_timesteps      | 221184     |
| train/                  |            |
|    approx_kl            | 0.01121562 |
|    clip_fraction        | 0.0998     |
|    clip_range           | 0.2        |
|    entropy_loss         | -0.803     |
|    explained_variance   | -6.22      |
|    learning_rate        | 0.0001     |
|    loss                 | -0.0593    |
|    n_updates            | 710        |
|    policy_gradient_loss | -0.0332    |
|    std                  | 0.361      |
|    value_loss           | 0.00129    |
----------------------------------------
-----------------------------------------
| rollout/                |             |
|    ep_len_mean          | 241         |
|    ep_rew_mean          | -59.4       |
| time/                   |             |
|    fps                  | 459         |
|    iterations           | 73          |
|    time_elapsed         | 488         |
|    total_timesteps      | 224256      |
| train/                  |             |
|    approx_kl            | 0.012432051 |
|    clip_fraction        | 0.103       |
|    clip_range           | 0.2         |
|    entropy_loss         | -0.797      |
|    explained_variance   | -7.59       |
|    learning_rate        | 0.0001      |
|    loss                 | -0.0677     |
|    n_updates            | 720         |
|    policy_gradient_loss | -0.0348     |
|    std                  | 0.36        |
|    value_loss           | 0.00114     |
-----------------------------------------
-----------------------------------------
| rollout/                |             |
|    ep_len_mean          | 241         |
|    ep_rew_mean          | -58.3       |
| time/                   |             |
|    fps                  | 459         |
|    iterations           | 74          |
|    time_elapsed         | 494         |
|    total_timesteps      | 227328      |
| train/                  |             |
|    approx_kl            | 0.012160696 |
|    clip_fraction        | 0.0992      |
|    clip_range           | 0.2         |
|    entropy_loss         | -0.791      |
|    explained_variance   | -10.4       |
|    learning_rate        | 0.0001      |
|    loss                 | -0.0661     |
|    n_updates            | 730         |
|    policy_gradient_loss | -0.034      |
|    std                  | 0.359       |
|    value_loss           | 0.00118     |
-----------------------------------------
-----------------------------------------
| rollout/                |             |
|    ep_len_mean          | 241         |
|    ep_rew_mean          | -58.5       |
| time/                   |             |
|    fps                  | 459         |
|    iterations           | 75          |
|    time_elapsed         | 501         |
|    total_timesteps      | 230400      |
| train/                  |             |
|    approx_kl            | 0.012552194 |
|    clip_fraction        | 0.0989      |
|    clip_range           | 0.2         |
|    entropy_loss         | -0.789      |
|    explained_variance   | -7.61       |
|    learning_rate        | 0.0001      |
|    loss                 | -0.0682     |
|    n_updates            | 740         |
|    policy_gradient_loss | -0.0346     |
|    std                  | 0.359       |
|    value_loss           | 0.00112     |
-----------------------------------------
-----------------------------------------
| rollout/                |             |
|    ep_len_mean          | 241         |
|    ep_rew_mean          | -57.9       |
| time/                   |             |
|    fps                  | 459         |
|    iterations           | 76          |
|    time_elapsed         | 508         |
|    total_timesteps      | 233472      |
| train/                  |             |
|    approx_kl            | 0.010769594 |
|    clip_fraction        | 0.0906      |
|    clip_range           | 0.2         |
|    entropy_loss         | -0.787      |
|    explained_variance   | -10.3       |
|    learning_rate        | 0.0001      |
|    loss                 | -0.0596     |
|    n_updates            | 750         |
|    policy_gradient_loss | -0.0308     |
|    std                  | 0.359       |
|    value_loss           | 0.000992    |
-----------------------------------------
-----------------------------------------
| rollout/                |             |
|    ep_len_mean          | 241         |
|    ep_rew_mean          | -57.4       |
| time/                   |             |
|    fps                  | 458         |
|    iterations           | 77          |
|    time_elapsed         | 515         |
|    total_timesteps      | 236544      |
| train/                  |             |
|    approx_kl            | 0.013853292 |
|    clip_fraction        | 0.113       |
|    clip_range           | 0.2         |
|    entropy_loss         | -0.784      |
|    explained_variance   | -7.62       |
|    learning_rate        | 0.0001      |
|    loss                 | -0.0579     |
|    n_updates            | 760         |
|    policy_gradient_loss | -0.0363     |
|    std                  | 0.357       |
|    value_loss           | 0.000935    |
-----------------------------------------
----------------------------------------
| rollout/                |            |
|    ep_len_mean          | 241        |
|    ep_rew_mean          | -57.2      |
| time/                   |            |
|    fps                  | 459        |
|    iterations           | 78         |
|    time_elapsed         | 522        |
|    total_timesteps      | 239616     |
| train/                  |            |
|    approx_kl            | 0.01233811 |
|    clip_fraction        | 0.107      |
|    clip_range           | 0.2        |
|    entropy_loss         | -0.777     |
|    explained_variance   | -5.7       |
|    learning_rate        | 0.0001     |
|    loss                 | -0.0593    |
|    n_updates            | 770        |
|    policy_gradient_loss | -0.0341    |
|    std                  | 0.357      |
|    value_loss           | 0.000947   |
----------------------------------------
-----------------------------------------
| rollout/                |             |
|    ep_len_mean          | 241         |
|    ep_rew_mean          | -56.8       |
| time/                   |             |
|    fps                  | 458         |
|    iterations           | 79          |
|    time_elapsed         | 528         |
|    total_timesteps      | 242688      |
| train/                  |             |
|    approx_kl            | 0.011836466 |
|    clip_fraction        | 0.0947      |
|    clip_range           | 0.2         |
|    entropy_loss         | -0.773      |
|    explained_variance   | -8.07       |
|    learning_rate        | 0.0001      |
|    loss                 | -0.0631     |
|    n_updates            | 780         |
|    policy_gradient_loss | -0.0326     |
|    std                  | 0.356       |
|    value_loss           | 0.000872    |
-----------------------------------------
-----------------------------------------
| rollout/                |             |
|    ep_len_mean          | 241         |
|    ep_rew_mean          | -55.8       |
| time/                   |             |
|    fps                  | 458         |
|    iterations           | 80          |
|    time_elapsed         | 535         |
|    total_timesteps      | 245760      |
| train/                  |             |
|    approx_kl            | 0.012837321 |
|    clip_fraction        | 0.116       |
|    clip_range           | 0.2         |
|    entropy_loss         | -0.768      |
|    explained_variance   | -10.2       |
|    learning_rate        | 0.0001      |
|    loss                 | -0.0627     |
|    n_updates            | 790         |
|    policy_gradient_loss | -0.0368     |
|    std                  | 0.355       |
|    value_loss           | 0.000879    |
-----------------------------------------
-----------------------------------------
| rollout/                |             |
|    ep_len_mean          | 241         |
|    ep_rew_mean          | -54.6       |
| time/                   |             |
|    fps                  | 458         |
|    iterations           | 81          |
|    time_elapsed         | 542         |
|    total_timesteps      | 248832      |
| train/                  |             |
|    approx_kl            | 0.011465178 |
|    clip_fraction        | 0.101       |
|    clip_range           | 0.2         |
|    entropy_loss         | -0.766      |
|    explained_variance   | -4.77       |
|    learning_rate        | 0.0001      |
|    loss                 | -0.0626     |
|    n_updates            | 800         |
|    policy_gradient_loss | -0.0332     |
|    std                  | 0.355       |
|    value_loss           | 0.000883    |
-----------------------------------------
----------------------------------------
| rollout/                |            |
|    ep_len_mean          | 241        |
|    ep_rew_mean          | -54.4      |
| time/                   |            |
|    fps                  | 459        |
|    iterations           | 82         |
|    time_elapsed         | 548        |
|    total_timesteps      | 251904     |
| train/                  |            |
|    approx_kl            | 0.01201123 |
|    clip_fraction        | 0.0983     |
|    clip_range           | 0.2        |
|    entropy_loss         | -0.764     |
|    explained_variance   | -5.79      |
|    learning_rate        | 0.0001     |
|    loss                 | -0.0649    |
|    n_updates            | 810        |
|    policy_gradient_loss | -0.0356    |
|    std                  | 0.355      |
|    value_loss           | 0.000925   |
----------------------------------------
-----------------------------------------
| rollout/                |             |
|    ep_len_mean          | 241         |
|    ep_rew_mean          | -54.1       |
| time/                   |             |
|    fps                  | 459         |
|    iterations           | 83          |
|    time_elapsed         | 555         |
|    total_timesteps      | 254976      |
| train/                  |             |
|    approx_kl            | 0.012594455 |
|    clip_fraction        | 0.105       |
|    clip_range           | 0.2         |
|    entropy_loss         | -0.761      |
|    explained_variance   | -7.02       |
|    learning_rate        | 0.0001      |
|    loss                 | -0.0678     |
|    n_updates            | 820         |
|    policy_gradient_loss | -0.0353     |
|    std                  | 0.354       |
|    value_loss           | 0.000824    |
-----------------------------------------
-----------------------------------------
| rollout/                |             |
|    ep_len_mean          | 241         |
|    ep_rew_mean          | -53.8       |
| time/                   |             |
|    fps                  | 459         |
|    iterations           | 84          |
|    time_elapsed         | 561         |
|    total_timesteps      | 258048      |
| train/                  |             |
|    approx_kl            | 0.011909108 |
|    clip_fraction        | 0.0912      |
|    clip_range           | 0.2         |
|    entropy_loss         | -0.756      |
|    explained_variance   | -8.96       |
|    learning_rate        | 0.0001      |
|    loss                 | -0.0684     |
|    n_updates            | 830         |
|    policy_gradient_loss | -0.0348     |
|    std                  | 0.353       |
|    value_loss           | 0.000818    |
-----------------------------------------
-----------------------------------------
| rollout/                |             |
|    ep_len_mean          | 241         |
|    ep_rew_mean          | -53.5       |
| time/                   |             |
|    fps                  | 459         |
|    iterations           | 85          |
|    time_elapsed         | 568         |
|    total_timesteps      | 261120      |
| train/                  |             |
|    approx_kl            | 0.012708209 |
|    clip_fraction        | 0.111       |
|    clip_range           | 0.2         |
|    entropy_loss         | -0.751      |
|    explained_variance   | -7.47       |
|    learning_rate        | 0.0001      |
|    loss                 | -0.0577     |
|    n_updates            | 840         |
|    policy_gradient_loss | -0.0348     |
|    std                  | 0.352       |
|    value_loss           | 0.000774    |
-----------------------------------------
-----------------------------------------
| rollout/                |             |
|    ep_len_mean          | 241         |
|    ep_rew_mean          | -53.4       |
| time/                   |             |
|    fps                  | 459         |
|    iterations           | 86          |
|    time_elapsed         | 574         |
|    total_timesteps      | 264192      |
| train/                  |             |
|    approx_kl            | 0.013753968 |
|    clip_fraction        | 0.12        |
|    clip_range           | 0.2         |
|    entropy_loss         | -0.745      |
|    explained_variance   | -8.36       |
|    learning_rate        | 0.0001      |
|    loss                 | -0.0624     |
|    n_updates            | 850         |
|    policy_gradient_loss | -0.0345     |
|    std                  | 0.351       |
|    value_loss           | 0.000736    |
-----------------------------------------
-----------------------------------------
| rollout/                |             |
|    ep_len_mean          | 241         |
|    ep_rew_mean          | -53.2       |
| time/                   |             |
|    fps                  | 459         |
|    iterations           | 87          |
|    time_elapsed         | 581         |
|    total_timesteps      | 267264      |
| train/                  |             |
|    approx_kl            | 0.012151998 |
|    clip_fraction        | 0.0947      |
|    clip_range           | 0.2         |
|    entropy_loss         | -0.739      |
|    explained_variance   | -6.01       |
|    learning_rate        | 0.0001      |
|    loss                 | -0.0609     |
|    n_updates            | 860         |
|    policy_gradient_loss | -0.0341     |
|    std                  | 0.35        |
|    value_loss           | 0.000788    |
-----------------------------------------
-----------------------------------------
| rollout/                |             |
|    ep_len_mean          | 241         |
|    ep_rew_mean          | -53.2       |
| time/                   |             |
|    fps                  | 460         |
|    iterations           | 88          |
|    time_elapsed         | 587         |
|    total_timesteps      | 270336      |
| train/                  |             |
|    approx_kl            | 0.012759559 |
|    clip_fraction        | 0.105       |
|    clip_range           | 0.2         |
|    entropy_loss         | -0.735      |
|    explained_variance   | -6.69       |
|    learning_rate        | 0.0001      |
|    loss                 | -0.0629     |
|    n_updates            | 870         |
|    policy_gradient_loss | -0.0344     |
|    std                  | 0.35        |
|    value_loss           | 0.000757    |
-----------------------------------------
-----------------------------------------
| rollout/                |             |
|    ep_len_mean          | 241         |
|    ep_rew_mean          | -51.9       |
| time/                   |             |
|    fps                  | 460         |
|    iterations           | 89          |
|    time_elapsed         | 593         |
|    total_timesteps      | 273408      |
| train/                  |             |
|    approx_kl            | 0.012059676 |
|    clip_fraction        | 0.101       |
|    clip_range           | 0.2         |
|    entropy_loss         | -0.733      |
|    explained_variance   | -7.06       |
|    learning_rate        | 0.0001      |
|    loss                 | -0.057      |
|    n_updates            | 880         |
|    policy_gradient_loss | -0.0331     |
|    std                  | 0.349       |
|    value_loss           | 0.000646    |
-----------------------------------------
-----------------------------------------
| rollout/                |             |
|    ep_len_mean          | 241         |
|    ep_rew_mean          | -52.4       |
| time/                   |             |
|    fps                  | 460         |
|    iterations           | 90          |
|    time_elapsed         | 600         |
|    total_timesteps      | 276480      |
| train/                  |             |
|    approx_kl            | 0.013993057 |
|    clip_fraction        | 0.108       |
|    clip_range           | 0.2         |
|    entropy_loss         | -0.73       |
|    explained_variance   | -7.54       |
|    learning_rate        | 0.0001      |
|    loss                 | -0.062      |
|    n_updates            | 890         |
|    policy_gradient_loss | -0.0361     |
|    std                  | 0.349       |
|    value_loss           | 0.000637    |
-----------------------------------------
-----------------------------------------
| rollout/                |             |
|    ep_len_mean          | 241         |
|    ep_rew_mean          | -52.3       |
| time/                   |             |
|    fps                  | 460         |
|    iterations           | 91          |
|    time_elapsed         | 606         |
|    total_timesteps      | 279552      |
| train/                  |             |
|    approx_kl            | 0.012821488 |
|    clip_fraction        | 0.1         |
|    clip_range           | 0.2         |
|    entropy_loss         | -0.727      |
|    explained_variance   | -6.1        |
|    learning_rate        | 0.0001      |
|    loss                 | -0.0585     |
|    n_updates            | 900         |
|    policy_gradient_loss | -0.0338     |
|    std                  | 0.348       |
|    value_loss           | 0.000734    |
-----------------------------------------
-----------------------------------------
| rollout/                |             |
|    ep_len_mean          | 241         |
|    ep_rew_mean          | -52.1       |
| time/                   |             |
|    fps                  | 460         |
|    iterations           | 92          |
|    time_elapsed         | 613         |
|    total_timesteps      | 282624      |
| train/                  |             |
|    approx_kl            | 0.012918894 |
|    clip_fraction        | 0.102       |
|    clip_range           | 0.2         |
|    entropy_loss         | -0.721      |
|    explained_variance   | -6.82       |
|    learning_rate        | 0.0001      |
|    loss                 | -0.0624     |
|    n_updates            | 910         |
|    policy_gradient_loss | -0.0357     |
|    std                  | 0.347       |
|    value_loss           | 0.00063     |
-----------------------------------------
-----------------------------------------
| rollout/                |             |
|    ep_len_mean          | 241         |
|    ep_rew_mean          | -52.2       |
| time/                   |             |
|    fps                  | 460         |
|    iterations           | 93          |
|    time_elapsed         | 619         |
|    total_timesteps      | 285696      |
| train/                  |             |
|    approx_kl            | 0.011640909 |
|    clip_fraction        | 0.0922      |
|    clip_range           | 0.2         |
|    entropy_loss         | -0.716      |
|    explained_variance   | -5.96       |
|    learning_rate        | 0.0001      |
|    loss                 | -0.063      |
|    n_updates            | 920         |
|    policy_gradient_loss | -0.0335     |
|    std                  | 0.346       |
|    value_loss           | 0.00063     |
-----------------------------------------
-----------------------------------------
| rollout/                |             |
|    ep_len_mean          | 241         |
|    ep_rew_mean          | -51.9       |
| time/                   |             |
|    fps                  | 460         |
|    iterations           | 94          |
|    time_elapsed         | 626         |
|    total_timesteps      | 288768      |
| train/                  |             |
|    approx_kl            | 0.012033104 |
|    clip_fraction        | 0.0925      |
|    clip_range           | 0.2         |
|    entropy_loss         | -0.711      |
|    explained_variance   | -7.67       |
|    learning_rate        | 0.0001      |
|    loss                 | -0.0601     |
|    n_updates            | 930         |
|    policy_gradient_loss | -0.0336     |
|    std                  | 0.345       |
|    value_loss           | 0.000616    |
-----------------------------------------
-----------------------------------------
| rollout/                |             |
|    ep_len_mean          | 241         |
|    ep_rew_mean          | -51.6       |
| time/                   |             |
|    fps                  | 460         |
|    iterations           | 95          |
|    time_elapsed         | 633         |
|    total_timesteps      | 291840      |
| train/                  |             |
|    approx_kl            | 0.012851232 |
|    clip_fraction        | 0.108       |
|    clip_range           | 0.2         |
|    entropy_loss         | -0.707      |
|    explained_variance   | -8.23       |
|    learning_rate        | 0.0001      |
|    loss                 | -0.065      |
|    n_updates            | 940         |
|    policy_gradient_loss | -0.0354     |
|    std                  | 0.345       |
|    value_loss           | 0.000611    |
-----------------------------------------
-----------------------------------------
| rollout/                |             |
|    ep_len_mean          | 241         |
|    ep_rew_mean          | -51.1       |
| time/                   |             |
|    fps                  | 460         |
|    iterations           | 96          |
|    time_elapsed         | 640         |
|    total_timesteps      | 294912      |
| train/                  |             |
|    approx_kl            | 0.013275065 |
|    clip_fraction        | 0.1         |
|    clip_range           | 0.2         |
|    entropy_loss         | -0.703      |
|    explained_variance   | -8.14       |
|    learning_rate        | 0.0001      |
|    loss                 | -0.0698     |
|    n_updates            | 950         |
|    policy_gradient_loss | -0.0334     |
|    std                  | 0.344       |
|    value_loss           | 0.000512    |
-----------------------------------------
-----------------------------------------
| rollout/                |             |
|    ep_len_mean          | 241         |
|    ep_rew_mean          | -50.8       |
| time/                   |             |
|    fps                  | 460         |
|    iterations           | 97          |
|    time_elapsed         | 646         |
|    total_timesteps      | 297984      |
| train/                  |             |
|    approx_kl            | 0.012967456 |
|    clip_fraction        | 0.104       |
|    clip_range           | 0.2         |
|    entropy_loss         | -0.699      |
|    explained_variance   | -8.89       |
|    learning_rate        | 0.0001      |
|    loss                 | -0.0593     |
|    n_updates            | 960         |
|    policy_gradient_loss | -0.0339     |
|    std                  | 0.343       |
|    value_loss           | 0.000498    |
-----------------------------------------
-----------------------------------------
| rollout/                |             |
|    ep_len_mean          | 241         |
|    ep_rew_mean          | -50.3       |
| time/                   |             |
|    fps                  | 460         |
|    iterations           | 98          |
|    time_elapsed         | 653         |
|    total_timesteps      | 301056      |
| train/                  |             |
|    approx_kl            | 0.013290661 |
|    clip_fraction        | 0.105       |
|    clip_range           | 0.2         |
|    entropy_loss         | -0.694      |
|    explained_variance   | -8.16       |
|    learning_rate        | 0.0001      |
|    loss                 | -0.0763     |
|    n_updates            | 970         |
|    policy_gradient_loss | -0.0355     |
|    std                  | 0.342       |
|    value_loss           | 0.000493    |
-----------------------------------------
----------------------------------------
| rollout/                |            |
|    ep_len_mean          | 241        |
|    ep_rew_mean          | -49.9      |
| time/                   |            |
|    fps                  | 460        |
|    iterations           | 99         |
|    time_elapsed         | 660        |
|    total_timesteps      | 304128     |
| train/                  |            |
|    approx_kl            | 0.01461774 |
|    clip_fraction        | 0.111      |
|    clip_range           | 0.2        |
|    entropy_loss         | -0.686     |
|    explained_variance   | -8.11      |
|    learning_rate        | 0.0001     |
|    loss                 | -0.0618    |
|    n_updates            | 980        |
|    policy_gradient_loss | -0.0358    |
|    std                  | 0.341      |
|    value_loss           | 0.000502   |
----------------------------------------
------------------------------------------
| rollout/                |              |
|    ep_len_mean          | 241          |
|    ep_rew_mean          | -49.4        |
| time/                   |              |
|    fps                  | 460          |
|    iterations           | 100          |
|    time_elapsed         | 666          |
|    total_timesteps      | 307200       |
| train/                  |              |
|    approx_kl            | 0.0141731305 |
|    clip_fraction        | 0.0971       |
|    clip_range           | 0.2          |
|    entropy_loss         | -0.683       |
|    explained_variance   | -10          |
|    learning_rate        | 0.0001       |
|    loss                 | -0.0725      |
|    n_updates            | 990          |
|    policy_gradient_loss | -0.0349      |
|    std                  | 0.34         |
|    value_loss           | 0.000461     |
------------------------------------------
-----------------------------------------
| rollout/                |             |
|    ep_len_mean          | 241         |
|    ep_rew_mean          | -49.1       |
| time/                   |             |
|    fps                  | 460         |
|    iterations           | 101         |
|    time_elapsed         | 673         |
|    total_timesteps      | 310272      |
| train/                  |             |
|    approx_kl            | 0.013397739 |
|    clip_fraction        | 0.107       |
|    clip_range           | 0.2         |
|    entropy_loss         | -0.68       |
|    explained_variance   | -6.02       |
|    learning_rate        | 0.0001      |
|    loss                 | -0.0644     |
|    n_updates            | 1000        |
|    policy_gradient_loss | -0.0344     |
|    std                  | 0.34        |
|    value_loss           | 0.000485    |
-----------------------------------------
-----------------------------------------
| rollout/                |             |
|    ep_len_mean          | 241         |
|    ep_rew_mean          | -48.4       |
| time/                   |             |
|    fps                  | 460         |
|    iterations           | 102         |
|    time_elapsed         | 680         |
|    total_timesteps      | 313344      |
| train/                  |             |
|    approx_kl            | 0.013768449 |
|    clip_fraction        | 0.123       |
|    clip_range           | 0.2         |
|    entropy_loss         | -0.679      |
|    explained_variance   | -6.98       |
|    learning_rate        | 0.0001      |
|    loss                 | -0.0623     |
|    n_updates            | 1010        |
|    policy_gradient_loss | -0.0368     |
|    std                  | 0.34        |
|    value_loss           | 0.000464    |
-----------------------------------------
-----------------------------------------
| rollout/                |             |
|    ep_len_mean          | 241         |
|    ep_rew_mean          | -48.9       |
| time/                   |             |
|    fps                  | 460         |
|    iterations           | 103         |
|    time_elapsed         | 687         |
|    total_timesteps      | 316416      |
| train/                  |             |
|    approx_kl            | 0.015726382 |
|    clip_fraction        | 0.136       |
|    clip_range           | 0.2         |
|    entropy_loss         | -0.676      |
|    explained_variance   | -8.51       |
|    learning_rate        | 0.0001      |
|    loss                 | -0.0751     |
|    n_updates            | 1020        |
|    policy_gradient_loss | -0.0377     |
|    std                  | 0.339       |
|    value_loss           | 0.000461    |
-----------------------------------------
-----------------------------------------
| rollout/                |             |
|    ep_len_mean          | 241         |
|    ep_rew_mean          | -49.4       |
| time/                   |             |
|    fps                  | 460         |
|    iterations           | 104         |
|    time_elapsed         | 694         |
|    total_timesteps      | 319488      |
| train/                  |             |
|    approx_kl            | 0.013086845 |
|    clip_fraction        | 0.0997      |
|    clip_range           | 0.2         |
|    entropy_loss         | -0.672      |
|    explained_variance   | -6.93       |
|    learning_rate        | 0.0001      |
|    loss                 | -0.0664     |
|    n_updates            | 1030        |
|    policy_gradient_loss | -0.0356     |
|    std                  | 0.339       |
|    value_loss           | 0.000475    |
-----------------------------------------
-----------------------------------------
| rollout/                |             |
|    ep_len_mean          | 241         |
|    ep_rew_mean          | -49.2       |
| time/                   |             |
|    fps                  | 460         |
|    iterations           | 105         |
|    time_elapsed         | 700         |
|    total_timesteps      | 322560      |
| train/                  |             |
|    approx_kl            | 0.013201837 |
|    clip_fraction        | 0.0962      |
|    clip_range           | 0.2         |
|    entropy_loss         | -0.671      |
|    explained_variance   | -8.16       |
|    learning_rate        | 0.0001      |
|    loss                 | -0.0646     |
|    n_updates            | 1040        |
|    policy_gradient_loss | -0.034      |
|    std                  | 0.339       |
|    value_loss           | 0.000426    |
-----------------------------------------
-----------------------------------------
| rollout/                |             |
|    ep_len_mean          | 241         |
|    ep_rew_mean          | -49.1       |
| time/                   |             |
|    fps                  | 460         |
|    iterations           | 106         |
|    time_elapsed         | 707         |
|    total_timesteps      | 325632      |
| train/                  |             |
|    approx_kl            | 0.013782407 |
|    clip_fraction        | 0.119       |
|    clip_range           | 0.2         |
|    entropy_loss         | -0.669      |
|    explained_variance   | -6.5        |
|    learning_rate        | 0.0001      |
|    loss                 | -0.0658     |
|    n_updates            | 1050        |
|    policy_gradient_loss | -0.037      |
|    std                  | 0.338       |
|    value_loss           | 0.000457    |
-----------------------------------------
----------------------------------------
| rollout/                |            |
|    ep_len_mean          | 241        |
|    ep_rew_mean          | -49.1      |
| time/                   |            |
|    fps                  | 460        |
|    iterations           | 107        |
|    time_elapsed         | 713        |
|    total_timesteps      | 328704     |
| train/                  |            |
|    approx_kl            | 0.01299626 |
|    clip_fraction        | 0.0988     |
|    clip_range           | 0.2        |
|    entropy_loss         | -0.666     |
|    explained_variance   | -7.33      |
|    learning_rate        | 0.0001     |
|    loss                 | -0.0672    |
|    n_updates            | 1060       |
|    policy_gradient_loss | -0.0347    |
|    std                  | 0.338      |
|    value_loss           | 0.000429   |
----------------------------------------
-----------------------------------------
| rollout/                |             |
|    ep_len_mean          | 241         |
|    ep_rew_mean          | -48.7       |
| time/                   |             |
|    fps                  | 460         |
|    iterations           | 108         |
|    time_elapsed         | 720         |
|    total_timesteps      | 331776      |
| train/                  |             |
|    approx_kl            | 0.013714676 |
|    clip_fraction        | 0.117       |
|    clip_range           | 0.2         |
|    entropy_loss         | -0.661      |
|    explained_variance   | -9.65       |
|    learning_rate        | 0.0001      |
|    loss                 | -0.0673     |
|    n_updates            | 1070        |
|    policy_gradient_loss | -0.0367     |
|    std                  | 0.336       |
|    value_loss           | 0.000391    |
-----------------------------------------
-----------------------------------------
| rollout/                |             |
|    ep_len_mean          | 241         |
|    ep_rew_mean          | -48.5       |
| time/                   |             |
|    fps                  | 460         |
|    iterations           | 109         |
|    time_elapsed         | 727         |
|    total_timesteps      | 334848      |
| train/                  |             |
|    approx_kl            | 0.012986026 |
|    clip_fraction        | 0.104       |
|    clip_range           | 0.2         |
|    entropy_loss         | -0.654      |
|    explained_variance   | -6.93       |
|    learning_rate        | 0.0001      |
|    loss                 | -0.0645     |
|    n_updates            | 1080        |
|    policy_gradient_loss | -0.0343     |
|    std                  | 0.335       |
|    value_loss           | 0.000404    |
-----------------------------------------
-----------------------------------------
| rollout/                |             |
|    ep_len_mean          | 241         |
|    ep_rew_mean          | -48.5       |
| time/                   |             |
|    fps                  | 460         |
|    iterations           | 110         |
|    time_elapsed         | 734         |
|    total_timesteps      | 337920      |
| train/                  |             |
|    approx_kl            | 0.014934118 |
|    clip_fraction        | 0.115       |
|    clip_range           | 0.2         |
|    entropy_loss         | -0.651      |
|    explained_variance   | -7.2        |
|    learning_rate        | 0.0001      |
|    loss                 | -0.0666     |
|    n_updates            | 1090        |
|    policy_gradient_loss | -0.0368     |
|    std                  | 0.335       |
|    value_loss           | 0.000388    |
-----------------------------------------
-----------------------------------------
| rollout/                |             |
|    ep_len_mean          | 241         |
|    ep_rew_mean          | -48         |
| time/                   |             |
|    fps                  | 460         |
|    iterations           | 111         |
|    time_elapsed         | 740         |
|    total_timesteps      | 340992      |
| train/                  |             |
|    approx_kl            | 0.014252326 |
|    clip_fraction        | 0.114       |
|    clip_range           | 0.2         |
|    entropy_loss         | -0.649      |
|    explained_variance   | -5.17       |
|    learning_rate        | 0.0001      |
|    loss                 | -0.0636     |
|    n_updates            | 1100        |
|    policy_gradient_loss | -0.036      |
|    std                  | 0.335       |
|    value_loss           | 0.000372    |
-----------------------------------------
-----------------------------------------
| rollout/                |             |
|    ep_len_mean          | 241         |
|    ep_rew_mean          | -47.5       |
| time/                   |             |
|    fps                  | 460         |
|    iterations           | 112         |
|    time_elapsed         | 747         |
|    total_timesteps      | 344064      |
| train/                  |             |
|    approx_kl            | 0.013574877 |
|    clip_fraction        | 0.103       |
|    clip_range           | 0.2         |
|    entropy_loss         | -0.647      |
|    explained_variance   | -6.73       |
|    learning_rate        | 0.0001      |
|    loss                 | -0.0656     |
|    n_updates            | 1110        |
|    policy_gradient_loss | -0.0365     |
|    std                  | 0.334       |
|    value_loss           | 0.00039     |
-----------------------------------------
-----------------------------------------
| rollout/                |             |
|    ep_len_mean          | 241         |
|    ep_rew_mean          | -46.9       |
| time/                   |             |
|    fps                  | 460         |
|    iterations           | 113         |
|    time_elapsed         | 753         |
|    total_timesteps      | 347136      |
| train/                  |             |
|    approx_kl            | 0.013375875 |
|    clip_fraction        | 0.106       |
|    clip_range           | 0.2         |
|    entropy_loss         | -0.644      |
|    explained_variance   | -6.84       |
|    learning_rate        | 0.0001      |
|    loss                 | -0.067      |
|    n_updates            | 1120        |
|    policy_gradient_loss | -0.0351     |
|    std                  | 0.334       |
|    value_loss           | 0.000368    |
-----------------------------------------
-----------------------------------------
| rollout/                |             |
|    ep_len_mean          | 241         |
|    ep_rew_mean          | -46.8       |
| time/                   |             |
|    fps                  | 460         |
|    iterations           | 114         |
|    time_elapsed         | 760         |
|    total_timesteps      | 350208      |
| train/                  |             |
|    approx_kl            | 0.013415855 |
|    clip_fraction        | 0.101       |
|    clip_range           | 0.2         |
|    entropy_loss         | -0.642      |
|    explained_variance   | -6.08       |
|    learning_rate        | 0.0001      |
|    loss                 | -0.0617     |
|    n_updates            | 1130        |
|    policy_gradient_loss | -0.0361     |
|    std                  | 0.334       |
|    value_loss           | 0.00038     |
-----------------------------------------
-----------------------------------------
| rollout/                |             |
|    ep_len_mean          | 241         |
|    ep_rew_mean          | -47.1       |
| time/                   |             |
|    fps                  | 460         |
|    iterations           | 115         |
|    time_elapsed         | 767         |
|    total_timesteps      | 353280      |
| train/                  |             |
|    approx_kl            | 0.014682454 |
|    clip_fraction        | 0.125       |
|    clip_range           | 0.2         |
|    entropy_loss         | -0.641      |
|    explained_variance   | -5          |
|    learning_rate        | 0.0001      |
|    loss                 | -0.0739     |
|    n_updates            | 1140        |
|    policy_gradient_loss | -0.0379     |
|    std                  | 0.333       |
|    value_loss           | 0.000377    |
-----------------------------------------
-----------------------------------------
| rollout/                |             |
|    ep_len_mean          | 241         |
|    ep_rew_mean          | -47.3       |
| time/                   |             |
|    fps                  | 460         |
|    iterations           | 116         |
|    time_elapsed         | 774         |
|    total_timesteps      | 356352      |
| train/                  |             |
|    approx_kl            | 0.013337243 |
|    clip_fraction        | 0.11        |
|    clip_range           | 0.2         |
|    entropy_loss         | -0.638      |
|    explained_variance   | -6.66       |
|    learning_rate        | 0.0001      |
|    loss                 | -0.0691     |
|    n_updates            | 1150        |
|    policy_gradient_loss | -0.0378     |
|    std                  | 0.333       |
|    value_loss           | 0.000338    |
-----------------------------------------
-----------------------------------------
| rollout/                |             |
|    ep_len_mean          | 241         |
|    ep_rew_mean          | -47.2       |
| time/                   |             |
|    fps                  | 460         |
|    iterations           | 117         |
|    time_elapsed         | 781         |
|    total_timesteps      | 359424      |
| train/                  |             |
|    approx_kl            | 0.015146206 |
|    clip_fraction        | 0.107       |
|    clip_range           | 0.2         |
|    entropy_loss         | -0.632      |
|    explained_variance   | -8.95       |
|    learning_rate        | 0.0001      |
|    loss                 | -0.0701     |
|    n_updates            | 1160        |
|    policy_gradient_loss | -0.0373     |
|    std                  | 0.332       |
|    value_loss           | 0.000366    |
-----------------------------------------
-----------------------------------------
| rollout/                |             |
|    ep_len_mean          | 241         |
|    ep_rew_mean          | -47.7       |
| time/                   |             |
|    fps                  | 460         |
|    iterations           | 118         |
|    time_elapsed         | 787         |
|    total_timesteps      | 362496      |
| train/                  |             |
|    approx_kl            | 0.015672812 |
|    clip_fraction        | 0.132       |
|    clip_range           | 0.2         |
|    entropy_loss         | -0.626      |
|    explained_variance   | -6.36       |
|    learning_rate        | 0.0001      |
|    loss                 | -0.0723     |
|    n_updates            | 1170        |
|    policy_gradient_loss | -0.0392     |
|    std                  | 0.331       |
|    value_loss           | 0.000347    |
-----------------------------------------
-----------------------------------------
| rollout/                |             |
|    ep_len_mean          | 241         |
|    ep_rew_mean          | -47.7       |
| time/                   |             |
|    fps                  | 459         |
|    iterations           | 119         |
|    time_elapsed         | 794         |
|    total_timesteps      | 365568      |
| train/                  |             |
|    approx_kl            | 0.013167765 |
|    clip_fraction        | 0.108       |
|    clip_range           | 0.2         |
|    entropy_loss         | -0.622      |
|    explained_variance   | -7.32       |
|    learning_rate        | 0.0001      |
|    loss                 | -0.0585     |
|    n_updates            | 1180        |
|    policy_gradient_loss | -0.0355     |
|    std                  | 0.33        |
|    value_loss           | 0.000347    |
-----------------------------------------
-----------------------------------------
| rollout/                |             |
|    ep_len_mean          | 241         |
|    ep_rew_mean          | -47.5       |
| time/                   |             |
|    fps                  | 459         |
|    iterations           | 120         |
|    time_elapsed         | 801         |
|    total_timesteps      | 368640      |
| train/                  |             |
|    approx_kl            | 0.013917969 |
|    clip_fraction        | 0.117       |
|    clip_range           | 0.2         |
|    entropy_loss         | -0.615      |
|    explained_variance   | -5.23       |
|    learning_rate        | 0.0001      |
|    loss                 | -0.0696     |
|    n_updates            | 1190        |
|    policy_gradient_loss | -0.0377     |
|    std                  | 0.329       |
|    value_loss           | 0.000309    |
-----------------------------------------
-----------------------------------------
| rollout/                |             |
|    ep_len_mean          | 241         |
|    ep_rew_mean          | -47.6       |
| time/                   |             |
|    fps                  | 459         |
|    iterations           | 121         |
|    time_elapsed         | 808         |
|    total_timesteps      | 371712      |
| train/                  |             |
|    approx_kl            | 0.013655675 |
|    clip_fraction        | 0.115       |
|    clip_range           | 0.2         |
|    entropy_loss         | -0.607      |
|    explained_variance   | -5.51       |
|    learning_rate        | 0.0001      |
|    loss                 | -0.0599     |
|    n_updates            | 1200        |
|    policy_gradient_loss | -0.0356     |
|    std                  | 0.328       |
|    value_loss           | 0.000298    |
-----------------------------------------
-----------------------------------------
| rollout/                |             |
|    ep_len_mean          | 241         |
|    ep_rew_mean          | -47.2       |
| time/                   |             |
|    fps                  | 459         |
|    iterations           | 122         |
|    time_elapsed         | 814         |
|    total_timesteps      | 374784      |
| train/                  |             |
|    approx_kl            | 0.015643282 |
|    clip_fraction        | 0.121       |
|    clip_range           | 0.2         |
|    entropy_loss         | -0.601      |
|    explained_variance   | -6.84       |
|    learning_rate        | 0.0001      |
|    loss                 | -0.0707     |
|    n_updates            | 1210        |
|    policy_gradient_loss | -0.0372     |
|    std                  | 0.327       |
|    value_loss           | 0.000285    |
-----------------------------------------
-----------------------------------------
| rollout/                |             |
|    ep_len_mean          | 241         |
|    ep_rew_mean          | -46.8       |
| time/                   |             |
|    fps                  | 459         |
|    iterations           | 123         |
|    time_elapsed         | 821         |
|    total_timesteps      | 377856      |
| train/                  |             |
|    approx_kl            | 0.014500947 |
|    clip_fraction        | 0.12        |
|    clip_range           | 0.2         |
|    entropy_loss         | -0.596      |
|    explained_variance   | -7.19       |
|    learning_rate        | 0.0001      |
|    loss                 | -0.0677     |
|    n_updates            | 1220        |
|    policy_gradient_loss | -0.0373     |
|    std                  | 0.326       |
|    value_loss           | 0.000288    |
-----------------------------------------
-----------------------------------------
| rollout/                |             |
|    ep_len_mean          | 241         |
|    ep_rew_mean          | -46.7       |
| time/                   |             |
|    fps                  | 459         |
|    iterations           | 124         |
|    time_elapsed         | 828         |
|    total_timesteps      | 380928      |
| train/                  |             |
|    approx_kl            | 0.014456585 |
|    clip_fraction        | 0.127       |
|    clip_range           | 0.2         |
|    entropy_loss         | -0.593      |
|    explained_variance   | -6.34       |
|    learning_rate        | 0.0001      |
|    loss                 | -0.065      |
|    n_updates            | 1230        |
|    policy_gradient_loss | -0.0381     |
|    std                  | 0.325       |
|    value_loss           | 0.000262    |
-----------------------------------------
-----------------------------------------
| rollout/                |             |
|    ep_len_mean          | 241         |
|    ep_rew_mean          | -46.5       |
| time/                   |             |
|    fps                  | 459         |
|    iterations           | 125         |
|    time_elapsed         | 835         |
|    total_timesteps      | 384000      |
| train/                  |             |
|    approx_kl            | 0.015381337 |
|    clip_fraction        | 0.127       |
|    clip_range           | 0.2         |
|    entropy_loss         | -0.588      |
|    explained_variance   | -5.4        |
|    learning_rate        | 0.0001      |
|    loss                 | -0.0704     |
|    n_updates            | 1240        |
|    policy_gradient_loss | -0.0388     |
|    std                  | 0.325       |
|    value_loss           | 0.000272    |
-----------------------------------------
----------------------------------------
| rollout/                |            |
|    ep_len_mean          | 241        |
|    ep_rew_mean          | -46.3      |
| time/                   |            |
|    fps                  | 459        |
|    iterations           | 126        |
|    time_elapsed         | 841        |
|    total_timesteps      | 387072     |
| train/                  |            |
|    approx_kl            | 0.01564633 |
|    clip_fraction        | 0.123      |
|    clip_range           | 0.2        |
|    entropy_loss         | -0.584     |
|    explained_variance   | -7.6       |
|    learning_rate        | 0.0001     |
|    loss                 | -0.0651    |
|    n_updates            | 1250       |
|    policy_gradient_loss | -0.0397    |
|    std                  | 0.324      |
|    value_loss           | 0.000276   |
----------------------------------------
----------------------------------------
| rollout/                |            |
|    ep_len_mean          | 241        |
|    ep_rew_mean          | -46.3      |
| time/                   |            |
|    fps                  | 459        |
|    iterations           | 127        |
|    time_elapsed         | 848        |
|    total_timesteps      | 390144     |
| train/                  |            |
|    approx_kl            | 0.01415686 |
|    clip_fraction        | 0.104      |
|    clip_range           | 0.2        |
|    entropy_loss         | -0.58      |
|    explained_variance   | -8.03      |
|    learning_rate        | 0.0001     |
|    loss                 | -0.0691    |
|    n_updates            | 1260       |
|    policy_gradient_loss | -0.0363    |
|    std                  | 0.324      |
|    value_loss           | 0.000292   |
----------------------------------------
-----------------------------------------
| rollout/                |             |
|    ep_len_mean          | 241         |
|    ep_rew_mean          | -46.8       |
| time/                   |             |
|    fps                  | 459         |
|    iterations           | 128         |
|    time_elapsed         | 854         |
|    total_timesteps      | 393216      |
| train/                  |             |
|    approx_kl            | 0.015962994 |
|    clip_fraction        | 0.124       |
|    clip_range           | 0.2         |
|    entropy_loss         | -0.575      |
|    explained_variance   | -6.5        |
|    learning_rate        | 0.0001      |
|    loss                 | -0.0645     |
|    n_updates            | 1270        |
|    policy_gradient_loss | -0.0391     |
|    std                  | 0.322       |
|    value_loss           | 0.000292    |
-----------------------------------------
-----------------------------------------
| rollout/                |             |
|    ep_len_mean          | 241         |
|    ep_rew_mean          | -46.3       |
| time/                   |             |
|    fps                  | 460         |
|    iterations           | 129         |
|    time_elapsed         | 861         |
|    total_timesteps      | 396288      |
| train/                  |             |
|    approx_kl            | 0.014298196 |
|    clip_fraction        | 0.109       |
|    clip_range           | 0.2         |
|    entropy_loss         | -0.568      |
|    explained_variance   | -3.72       |
|    learning_rate        | 0.0001      |
|    loss                 | -0.0711     |
|    n_updates            | 1280        |
|    policy_gradient_loss | -0.0367     |
|    std                  | 0.322       |
|    value_loss           | 0.000278    |
-----------------------------------------
-----------------------------------------
| rollout/                |             |
|    ep_len_mean          | 241         |
|    ep_rew_mean          | -46         |
| time/                   |             |
|    fps                  | 459         |
|    iterations           | 130         |
|    time_elapsed         | 868         |
|    total_timesteps      | 399360      |
| train/                  |             |
|    approx_kl            | 0.012898081 |
|    clip_fraction        | 0.111       |
|    clip_range           | 0.2         |
|    entropy_loss         | -0.566      |
|    explained_variance   | -7.13       |
|    learning_rate        | 0.0001      |
|    loss                 | -0.0602     |
|    n_updates            | 1290        |
|    policy_gradient_loss | -0.0365     |
|    std                  | 0.322       |
|    value_loss           | 0.00025     |
-----------------------------------------
-----------------------------------------
| rollout/                |             |
|    ep_len_mean          | 241         |
|    ep_rew_mean          | -46.2       |
| time/                   |             |
|    fps                  | 460         |
|    iterations           | 131         |
|    time_elapsed         | 874         |
|    total_timesteps      | 402432      |
| train/                  |             |
|    approx_kl            | 0.015824514 |
|    clip_fraction        | 0.123       |
|    clip_range           | 0.2         |
|    entropy_loss         | -0.563      |
|    explained_variance   | -4.06       |
|    learning_rate        | 0.0001      |
|    loss                 | -0.0647     |
|    n_updates            | 1300        |
|    policy_gradient_loss | -0.0378     |
|    std                  | 0.321       |
|    value_loss           | 0.000223    |
-----------------------------------------
-----------------------------------------
| rollout/                |             |
|    ep_len_mean          | 241         |
|    ep_rew_mean          | -46.1       |
| time/                   |             |
|    fps                  | 459         |
|    iterations           | 132         |
|    time_elapsed         | 881         |
|    total_timesteps      | 405504      |
| train/                  |             |
|    approx_kl            | 0.013600419 |
|    clip_fraction        | 0.113       |
|    clip_range           | 0.2         |
|    entropy_loss         | -0.558      |
|    explained_variance   | -4.43       |
|    learning_rate        | 0.0001      |
|    loss                 | -0.0557     |
|    n_updates            | 1310        |
|    policy_gradient_loss | -0.0366     |
|    std                  | 0.32        |
|    value_loss           | 0.000257    |
-----------------------------------------
-----------------------------------------
| rollout/                |             |
|    ep_len_mean          | 241         |
|    ep_rew_mean          | -46.1       |
| time/                   |             |
|    fps                  | 459         |
|    iterations           | 133         |
|    time_elapsed         | 888         |
|    total_timesteps      | 408576      |
| train/                  |             |
|    approx_kl            | 0.015911648 |
|    clip_fraction        | 0.139       |
|    clip_range           | 0.2         |
|    entropy_loss         | -0.555      |
|    explained_variance   | -5.94       |
|    learning_rate        | 0.0001      |
|    loss                 | -0.0608     |
|    n_updates            | 1320        |
|    policy_gradient_loss | -0.0392     |
|    std                  | 0.319       |
|    value_loss           | 0.000254    |
-----------------------------------------
-----------------------------------------
| rollout/                |             |
|    ep_len_mean          | 241         |
|    ep_rew_mean          | -45.4       |
| time/                   |             |
|    fps                  | 459         |
|    iterations           | 134         |
|    time_elapsed         | 895         |
|    total_timesteps      | 411648      |
| train/                  |             |
|    approx_kl            | 0.014844832 |
|    clip_fraction        | 0.119       |
|    clip_range           | 0.2         |
|    entropy_loss         | -0.551      |
|    explained_variance   | -6.52       |
|    learning_rate        | 0.0001      |
|    loss                 | -0.0693     |
|    n_updates            | 1330        |
|    policy_gradient_loss | -0.0384     |
|    std                  | 0.319       |
|    value_loss           | 0.000235    |
-----------------------------------------
-----------------------------------------
| rollout/                |             |
|    ep_len_mean          | 241         |
|    ep_rew_mean          | -45.2       |
| time/                   |             |
|    fps                  | 459         |
|    iterations           | 135         |
|    time_elapsed         | 902         |
|    total_timesteps      | 414720      |
| train/                  |             |
|    approx_kl            | 0.013891157 |
|    clip_fraction        | 0.104       |
|    clip_range           | 0.2         |
|    entropy_loss         | -0.547      |
|    explained_variance   | -6.51       |
|    learning_rate        | 0.0001      |
|    loss                 | -0.0656     |
|    n_updates            | 1340        |
|    policy_gradient_loss | -0.0358     |
|    std                  | 0.318       |
|    value_loss           | 0.000217    |
-----------------------------------------
-----------------------------------------
| rollout/                |             |
|    ep_len_mean          | 241         |
|    ep_rew_mean          | -45.2       |
| time/                   |             |
|    fps                  | 459         |
|    iterations           | 136         |
|    time_elapsed         | 909         |
|    total_timesteps      | 417792      |
| train/                  |             |
|    approx_kl            | 0.016223561 |
|    clip_fraction        | 0.13        |
|    clip_range           | 0.2         |
|    entropy_loss         | -0.544      |
|    explained_variance   | -4.5        |
|    learning_rate        | 0.0001      |
|    loss                 | -0.0646     |
|    n_updates            | 1350        |
|    policy_gradient_loss | -0.04       |
|    std                  | 0.318       |
|    value_loss           | 0.000202    |
-----------------------------------------
-----------------------------------------
| rollout/                |             |
|    ep_len_mean          | 241         |
|    ep_rew_mean          | -45.7       |
| time/                   |             |
|    fps                  | 459         |
|    iterations           | 137         |
|    time_elapsed         | 916         |
|    total_timesteps      | 420864      |
| train/                  |             |
|    approx_kl            | 0.018032547 |
|    clip_fraction        | 0.141       |
|    clip_range           | 0.2         |
|    entropy_loss         | -0.539      |
|    explained_variance   | -5.54       |
|    learning_rate        | 0.0001      |
|    loss                 | -0.0715     |
|    n_updates            | 1360        |
|    policy_gradient_loss | -0.0386     |
|    std                  | 0.317       |
|    value_loss           | 0.00021     |
-----------------------------------------
-----------------------------------------
| rollout/                |             |
|    ep_len_mean          | 241         |
|    ep_rew_mean          | -46         |
| time/                   |             |
|    fps                  | 459         |
|    iterations           | 138         |
|    time_elapsed         | 923         |
|    total_timesteps      | 423936      |
| train/                  |             |
|    approx_kl            | 0.014072932 |
|    clip_fraction        | 0.121       |
|    clip_range           | 0.2         |
|    entropy_loss         | -0.535      |
|    explained_variance   | -5.5        |
|    learning_rate        | 0.0001      |
|    loss                 | -0.0718     |
|    n_updates            | 1370        |
|    policy_gradient_loss | -0.0377     |
|    std                  | 0.316       |
|    value_loss           | 0.000213    |
-----------------------------------------
-----------------------------------------
| rollout/                |             |
|    ep_len_mean          | 241         |
|    ep_rew_mean          | -46.2       |
| time/                   |             |
|    fps                  | 458         |
|    iterations           | 139         |
|    time_elapsed         | 930         |
|    total_timesteps      | 427008      |
| train/                  |             |
|    approx_kl            | 0.014805205 |
|    clip_fraction        | 0.116       |
|    clip_range           | 0.2         |
|    entropy_loss         | -0.531      |
|    explained_variance   | -5.75       |
|    learning_rate        | 0.0001      |
|    loss                 | -0.066      |
|    n_updates            | 1380        |
|    policy_gradient_loss | -0.0366     |
|    std                  | 0.316       |
|    value_loss           | 0.000206    |
-----------------------------------------
-----------------------------------------
| rollout/                |             |
|    ep_len_mean          | 241         |
|    ep_rew_mean          | -46.1       |
| time/                   |             |
|    fps                  | 458         |
|    iterations           | 140         |
|    time_elapsed         | 937         |
|    total_timesteps      | 430080      |
| train/                  |             |
|    approx_kl            | 0.015505321 |
|    clip_fraction        | 0.113       |
|    clip_range           | 0.2         |
|    entropy_loss         | -0.529      |
|    explained_variance   | -3.21       |
|    learning_rate        | 0.0001      |
|    loss                 | -0.0695     |
|    n_updates            | 1390        |
|    policy_gradient_loss | -0.0381     |
|    std                  | 0.316       |
|    value_loss           | 0.000223    |
-----------------------------------------
-----------------------------------------
| rollout/                |             |
|    ep_len_mean          | 241         |
|    ep_rew_mean          | -45.8       |
| time/                   |             |
|    fps                  | 458         |
|    iterations           | 141         |
|    time_elapsed         | 944         |
|    total_timesteps      | 433152      |
| train/                  |             |
|    approx_kl            | 0.016750319 |
|    clip_fraction        | 0.143       |
|    clip_range           | 0.2         |
|    entropy_loss         | -0.526      |
|    explained_variance   | -5.51       |
|    learning_rate        | 0.0001      |
|    loss                 | -0.0714     |
|    n_updates            | 1400        |
|    policy_gradient_loss | -0.0401     |
|    std                  | 0.315       |
|    value_loss           | 0.000202    |
-----------------------------------------
----------------------------------------
| rollout/                |            |
|    ep_len_mean          | 241        |
|    ep_rew_mean          | -46        |
| time/                   |            |
|    fps                  | 458        |
|    iterations           | 142        |
|    time_elapsed         | 951        |
|    total_timesteps      | 436224     |
| train/                  |            |
|    approx_kl            | 0.01359165 |
|    clip_fraction        | 0.12       |
|    clip_range           | 0.2        |
|    entropy_loss         | -0.523     |
|    explained_variance   | -4.72      |
|    learning_rate        | 0.0001     |
|    loss                 | -0.0683    |
|    n_updates            | 1410       |
|    policy_gradient_loss | -0.0368    |
|    std                  | 0.315      |
|    value_loss           | 0.000175   |
----------------------------------------
-----------------------------------------
| rollout/                |             |
|    ep_len_mean          | 241         |
|    ep_rew_mean          | -45.9       |
| time/                   |             |
|    fps                  | 458         |
|    iterations           | 143         |
|    time_elapsed         | 958         |
|    total_timesteps      | 439296      |
| train/                  |             |
|    approx_kl            | 0.017711107 |
|    clip_fraction        | 0.152       |
|    clip_range           | 0.2         |
|    entropy_loss         | -0.52       |
|    explained_variance   | -3.66       |
|    learning_rate        | 0.0001      |
|    loss                 | -0.0674     |
|    n_updates            | 1420        |
|    policy_gradient_loss | -0.0389     |
|    std                  | 0.314       |
|    value_loss           | 0.000203    |
-----------------------------------------
-----------------------------------------
| rollout/                |             |
|    ep_len_mean          | 241         |
|    ep_rew_mean          | -46         |
| time/                   |             |
|    fps                  | 458         |
|    iterations           | 144         |
|    time_elapsed         | 965         |
|    total_timesteps      | 442368      |
| train/                  |             |
|    approx_kl            | 0.014080583 |
|    clip_fraction        | 0.12        |
|    clip_range           | 0.2         |
|    entropy_loss         | -0.517      |
|    explained_variance   | -3.88       |
|    learning_rate        | 0.0001      |
|    loss                 | -0.0694     |
|    n_updates            | 1430        |
|    policy_gradient_loss | -0.0373     |
|    std                  | 0.314       |
|    value_loss           | 0.000193    |
-----------------------------------------
-----------------------------------------
| rollout/                |             |
|    ep_len_mean          | 241         |
|    ep_rew_mean          | -45.6       |
| time/                   |             |
|    fps                  | 458         |
|    iterations           | 145         |
|    time_elapsed         | 972         |
|    total_timesteps      | 445440      |
| train/                  |             |
|    approx_kl            | 0.015169325 |
|    clip_fraction        | 0.125       |
|    clip_range           | 0.2         |
|    entropy_loss         | -0.513      |
|    explained_variance   | -5.2        |
|    learning_rate        | 0.0001      |
|    loss                 | -0.066      |
|    n_updates            | 1440        |
|    policy_gradient_loss | -0.0375     |
|    std                  | 0.313       |
|    value_loss           | 0.000182    |
-----------------------------------------
----------------------------------------
| rollout/                |            |
|    ep_len_mean          | 241        |
|    ep_rew_mean          | -45.3      |
| time/                   |            |
|    fps                  | 458        |
|    iterations           | 146        |
|    time_elapsed         | 978        |
|    total_timesteps      | 448512     |
| train/                  |            |
|    approx_kl            | 0.01615736 |
|    clip_fraction        | 0.134      |
|    clip_range           | 0.2        |
|    entropy_loss         | -0.506     |
|    explained_variance   | -3.57      |
|    learning_rate        | 0.0001     |
|    loss                 | -0.0681    |
|    n_updates            | 1450       |
|    policy_gradient_loss | -0.0371    |
|    std                  | 0.312      |
|    value_loss           | 0.000189   |
----------------------------------------
-----------------------------------------
| rollout/                |             |
|    ep_len_mean          | 241         |
|    ep_rew_mean          | -44.8       |
| time/                   |             |
|    fps                  | 457         |
|    iterations           | 147         |
|    time_elapsed         | 986         |
|    total_timesteps      | 451584      |
| train/                  |             |
|    approx_kl            | 0.016041461 |
|    clip_fraction        | 0.124       |
|    clip_range           | 0.2         |
|    entropy_loss         | -0.503      |
|    explained_variance   | -4.24       |
|    learning_rate        | 0.0001      |
|    loss                 | -0.0654     |
|    n_updates            | 1460        |
|    policy_gradient_loss | -0.0358     |
|    std                  | 0.311       |
|    value_loss           | 0.000161    |
-----------------------------------------
----------------------------------------
| rollout/                |            |
|    ep_len_mean          | 241        |
|    ep_rew_mean          | -44.4      |
| time/                   |            |
|    fps                  | 457        |
|    iterations           | 148        |
|    time_elapsed         | 993        |
|    total_timesteps      | 454656     |
| train/                  |            |
|    approx_kl            | 0.01635637 |
|    clip_fraction        | 0.122      |
|    clip_range           | 0.2        |
|    entropy_loss         | -0.5       |
|    explained_variance   | -4.22      |
|    learning_rate        | 0.0001     |
|    loss                 | -0.0712    |
|    n_updates            | 1470       |
|    policy_gradient_loss | -0.0386    |
|    std                  | 0.311      |
|    value_loss           | 0.00017    |
----------------------------------------
-----------------------------------------
| rollout/                |             |
|    ep_len_mean          | 241         |
|    ep_rew_mean          | -45.2       |
| time/                   |             |
|    fps                  | 457         |
|    iterations           | 149         |
|    time_elapsed         | 1000        |
|    total_timesteps      | 457728      |
| train/                  |             |
|    approx_kl            | 0.015637716 |
|    clip_fraction        | 0.119       |
|    clip_range           | 0.2         |
|    entropy_loss         | -0.497      |
|    explained_variance   | -3.89       |
|    learning_rate        | 0.0001      |
|    loss                 | -0.0725     |
|    n_updates            | 1480        |
|    policy_gradient_loss | -0.0389     |
|    std                  | 0.311       |
|    value_loss           | 0.000182    |
-----------------------------------------
-----------------------------------------
| rollout/                |             |
|    ep_len_mean          | 241         |
|    ep_rew_mean          | -45         |
| time/                   |             |
|    fps                  | 457         |
|    iterations           | 150         |
|    time_elapsed         | 1007        |
|    total_timesteps      | 460800      |
| train/                  |             |
|    approx_kl            | 0.017277164 |
|    clip_fraction        | 0.13        |
|    clip_range           | 0.2         |
|    entropy_loss         | -0.497      |
|    explained_variance   | -3.42       |
|    learning_rate        | 0.0001      |
|    loss                 | -0.0673     |
|    n_updates            | 1490        |
|    policy_gradient_loss | -0.0396     |
|    std                  | 0.311       |
|    value_loss           | 0.000182    |
-----------------------------------------
-----------------------------------------
| rollout/                |             |
|    ep_len_mean          | 241         |
|    ep_rew_mean          | -44.8       |
| time/                   |             |
|    fps                  | 456         |
|    iterations           | 151         |
|    time_elapsed         | 1016        |
|    total_timesteps      | 463872      |
| train/                  |             |
|    approx_kl            | 0.017003026 |
|    clip_fraction        | 0.152       |
|    clip_range           | 0.2         |
|    entropy_loss         | -0.493      |
|    explained_variance   | -3.22       |
|    learning_rate        | 0.0001      |
|    loss                 | -0.061      |
|    n_updates            | 1500        |
|    policy_gradient_loss | -0.0414     |
|    std                  | 0.31        |
|    value_loss           | 0.000168    |
-----------------------------------------
-----------------------------------------
| rollout/                |             |
|    ep_len_mean          | 241         |
|    ep_rew_mean          | -44.5       |
| time/                   |             |
|    fps                  | 456         |
|    iterations           | 152         |
|    time_elapsed         | 1022        |
|    total_timesteps      | 466944      |
| train/                  |             |
|    approx_kl            | 0.014468585 |
|    clip_fraction        | 0.114       |
|    clip_range           | 0.2         |
|    entropy_loss         | -0.486      |
|    explained_variance   | -3.78       |
|    learning_rate        | 0.0001      |
|    loss                 | -0.07       |
|    n_updates            | 1510        |
|    policy_gradient_loss | -0.0355     |
|    std                  | 0.308       |
|    value_loss           | 0.000145    |
-----------------------------------------
-----------------------------------------
| rollout/                |             |
|    ep_len_mean          | 241         |
|    ep_rew_mean          | -44.4       |
| time/                   |             |
|    fps                  | 456         |
|    iterations           | 153         |
|    time_elapsed         | 1029        |
|    total_timesteps      | 470016      |
| train/                  |             |
|    approx_kl            | 0.015800009 |
|    clip_fraction        | 0.122       |
|    clip_range           | 0.2         |
|    entropy_loss         | -0.479      |
|    explained_variance   | -4.56       |
|    learning_rate        | 0.0001      |
|    loss                 | -0.0758     |
|    n_updates            | 1520        |
|    policy_gradient_loss | -0.0402     |
|    std                  | 0.307       |
|    value_loss           | 0.000155    |
-----------------------------------------
-----------------------------------------
| rollout/                |             |
|    ep_len_mean          | 241         |
|    ep_rew_mean          | -43.8       |
| time/                   |             |
|    fps                  | 456         |
|    iterations           | 154         |
|    time_elapsed         | 1035        |
|    total_timesteps      | 473088      |
| train/                  |             |
|    approx_kl            | 0.015358749 |
|    clip_fraction        | 0.116       |
|    clip_range           | 0.2         |
|    entropy_loss         | -0.473      |
|    explained_variance   | -3.98       |
|    learning_rate        | 0.0001      |
|    loss                 | -0.0698     |
|    n_updates            | 1530        |
|    policy_gradient_loss | -0.0378     |
|    std                  | 0.307       |
|    value_loss           | 0.000163    |
-----------------------------------------
-----------------------------------------
| rollout/                |             |
|    ep_len_mean          | 241         |
|    ep_rew_mean          | -44.3       |
| time/                   |             |
|    fps                  | 457         |
|    iterations           | 155         |
|    time_elapsed         | 1041        |
|    total_timesteps      | 476160      |
| train/                  |             |
|    approx_kl            | 0.013925951 |
|    clip_fraction        | 0.114       |
|    clip_range           | 0.2         |
|    entropy_loss         | -0.47       |
|    explained_variance   | -3.15       |
|    learning_rate        | 0.0001      |
|    loss                 | -0.0624     |
|    n_updates            | 1540        |
|    policy_gradient_loss | -0.0365     |
|    std                  | 0.306       |
|    value_loss           | 0.000148    |
-----------------------------------------
------------------------------------------
| rollout/                |              |
|    ep_len_mean          | 241          |
|    ep_rew_mean          | -44          |
| time/                   |              |
|    fps                  | 457          |
|    iterations           | 156          |
|    time_elapsed         | 1047         |
|    total_timesteps      | 479232       |
| train/                  |              |
|    approx_kl            | 0.0155253345 |
|    clip_fraction        | 0.13         |
|    clip_range           | 0.2          |
|    entropy_loss         | -0.466       |
|    explained_variance   | -3.38        |
|    learning_rate        | 0.0001       |
|    loss                 | -0.0696      |
|    n_updates            | 1550         |
|    policy_gradient_loss | -0.0383      |
|    std                  | 0.306        |
|    value_loss           | 0.000138     |
------------------------------------------
-----------------------------------------
| rollout/                |             |
|    ep_len_mean          | 241         |
|    ep_rew_mean          | -43.8       |
| time/                   |             |
|    fps                  | 457         |
|    iterations           | 157         |
|    time_elapsed         | 1053        |
|    total_timesteps      | 482304      |
| train/                  |             |
|    approx_kl            | 0.014021342 |
|    clip_fraction        | 0.12        |
|    clip_range           | 0.2         |
|    entropy_loss         | -0.46       |
|    explained_variance   | -3.46       |
|    learning_rate        | 0.0001      |
|    loss                 | -0.0705     |
|    n_updates            | 1560        |
|    policy_gradient_loss | -0.038      |
|    std                  | 0.305       |
|    value_loss           | 0.000144    |
-----------------------------------------
-----------------------------------------
| rollout/                |             |
|    ep_len_mean          | 241         |
|    ep_rew_mean          | -43.8       |
| time/                   |             |
|    fps                  | 458         |
|    iterations           | 158         |
|    time_elapsed         | 1059        |
|    total_timesteps      | 485376      |
| train/                  |             |
|    approx_kl            | 0.014820115 |
|    clip_fraction        | 0.12        |
|    clip_range           | 0.2         |
|    entropy_loss         | -0.455      |
|    explained_variance   | -4.67       |
|    learning_rate        | 0.0001      |
|    loss                 | -0.0592     |
|    n_updates            | 1570        |
|    policy_gradient_loss | -0.0373     |
|    std                  | 0.304       |
|    value_loss           | 0.000138    |
-----------------------------------------
-----------------------------------------
| rollout/                |             |
|    ep_len_mean          | 241         |
|    ep_rew_mean          | -44         |
| time/                   |             |
|    fps                  | 458         |
|    iterations           | 159         |
|    time_elapsed         | 1065        |
|    total_timesteps      | 488448      |
| train/                  |             |
|    approx_kl            | 0.016548904 |
|    clip_fraction        | 0.12        |
|    clip_range           | 0.2         |
|    entropy_loss         | -0.451      |
|    explained_variance   | -2.91       |
|    learning_rate        | 0.0001      |
|    loss                 | -0.067      |
|    n_updates            | 1580        |
|    policy_gradient_loss | -0.0393     |
|    std                  | 0.303       |
|    value_loss           | 0.000139    |
-----------------------------------------
----------------------------------------
| rollout/                |            |
|    ep_len_mean          | 241        |
|    ep_rew_mean          | -43.9      |
| time/                   |            |
|    fps                  | 458        |
|    iterations           | 160        |
|    time_elapsed         | 1070       |
|    total_timesteps      | 491520     |
| train/                  |            |
|    approx_kl            | 0.01575134 |
|    clip_fraction        | 0.132      |
|    clip_range           | 0.2        |
|    entropy_loss         | -0.447     |
|    explained_variance   | -3.01      |
|    learning_rate        | 0.0001     |
|    loss                 | -0.071     |
|    n_updates            | 1590       |
|    policy_gradient_loss | -0.0397    |
|    std                  | 0.303      |
|    value_loss           | 0.000132   |
----------------------------------------
----------------------------------------
| rollout/                |            |
|    ep_len_mean          | 241        |
|    ep_rew_mean          | -43.7      |
| time/                   |            |
|    fps                  | 459        |
|    iterations           | 161        |
|    time_elapsed         | 1077       |
|    total_timesteps      | 494592     |
| train/                  |            |
|    approx_kl            | 0.01582419 |
|    clip_fraction        | 0.124      |
|    clip_range           | 0.2        |
|    entropy_loss         | -0.441     |
|    explained_variance   | -2.63      |
|    learning_rate        | 0.0001     |
|    loss                 | -0.0631    |
|    n_updates            | 1600       |
|    policy_gradient_loss | -0.0399    |
|    std                  | 0.302      |
|    value_loss           | 0.00014    |
----------------------------------------
-----------------------------------------
| rollout/                |             |
|    ep_len_mean          | 241         |
|    ep_rew_mean          | -44.2       |
| time/                   |             |
|    fps                  | 459         |
|    iterations           | 162         |
|    time_elapsed         | 1083        |
|    total_timesteps      | 497664      |
| train/                  |             |
|    approx_kl            | 0.015400827 |
|    clip_fraction        | 0.112       |
|    clip_range           | 0.2         |
|    entropy_loss         | -0.436      |
|    explained_variance   | -4.58       |
|    learning_rate        | 0.0001      |
|    loss                 | -0.0662     |
|    n_updates            | 1610        |
|    policy_gradient_loss | -0.0364     |
|    std                  | 0.301       |
|    value_loss           | 0.000132    |
-----------------------------------------
-----------------------------------------
| rollout/                |             |
|    ep_len_mean          | 241         |
|    ep_rew_mean          | -44         |
| time/                   |             |
|    fps                  | 459         |
|    iterations           | 163         |
|    time_elapsed         | 1089        |
|    total_timesteps      | 500736      |
| train/                  |             |
|    approx_kl            | 0.016719429 |
|    clip_fraction        | 0.127       |
|    clip_range           | 0.2         |
|    entropy_loss         | -0.434      |
|    explained_variance   | -2.59       |
|    learning_rate        | 0.0001      |
|    loss                 | -0.069      |
|    n_updates            | 1620        |
|    policy_gradient_loss | -0.0404     |
|    std                  | 0.301       |
|    value_loss           | 0.00014     |
-----------------------------------------

  saved ppo_explore.zip and ppo_explore_vecnorm.pkl
