  collecting 30,000 MPC demonstration steps ...
    seed 0: 241 / 30000 demo steps
    seed 1: 482 / 30000 demo steps
    seed 2: 723 / 30000 demo steps
    seed 3: 964 / 30000 demo steps
    seed 4: 1205 / 30000 demo steps
    seed 5: 1446 / 30000 demo steps
    seed 6: 1687 / 30000 demo steps
    seed 7: 1928 / 30000 demo steps
    seed 8: 2169 / 30000 demo steps
    seed 9: 2410 / 30000 demo steps
    seed 10: 2651 / 30000 demo steps
    seed 11: 2892 / 30000 demo steps
    seed 12: 3133 / 30000 demo steps
    seed 13: 3374 / 30000 demo steps
    seed 14: 3615 / 30000 demo steps
    seed 15: 3856 / 30000 demo steps
    seed 16: 4097 / 30000 demo steps
    seed 17: 4338 / 30000 demo steps
    seed 18: 4579 / 30000 demo steps
    seed 19: 4820 / 30000 demo steps
    seed 20: 5061 / 30000 demo steps
    seed 21: 5302 / 30000 demo steps
    seed 22: 5543 / 30000 demo steps
    seed 23: 5784 / 30000 demo steps
    seed 0: 6025 / 30000 demo steps
    seed 1: 6266 / 30000 demo steps
    seed 2: 6507 / 30000 demo steps
    seed 3: 6748 / 30000 demo steps
    seed 4: 6989 / 30000 demo steps
    seed 5: 7230 / 30000 demo steps
    seed 6: 7471 / 30000 demo steps
    seed 7: 7712 / 30000 demo steps
    seed 8: 7953 / 30000 demo steps
    seed 9: 8194 / 30000 demo steps
    seed 10: 8435 / 30000 demo steps
    seed 11: 8676 / 30000 demo steps
    seed 12: 8917 / 30000 demo steps
    seed 13: 9158 / 30000 demo steps
    seed 14: 9399 / 30000 demo steps
    seed 15: 9640 / 30000 demo steps
    seed 16: 9881 / 30000 demo steps
    seed 17: 10122 / 30000 demo steps
    seed 18: 10363 / 30000 demo steps
    seed 19: 10604 / 30000 demo steps
    seed 20: 10845 / 30000 demo steps
    seed 21: 11086 / 30000 demo steps
    seed 22: 11327 / 30000 demo steps
    seed 23: 11568 / 30000 demo steps
    seed 0: 11809 / 30000 demo steps
    seed 1: 12050 / 30000 demo steps
    seed 2: 12291 / 30000 demo steps
    seed 3: 12532 / 30000 demo steps
    seed 4: 12773 / 30000 demo steps
    seed 5: 13014 / 30000 demo steps
    seed 6: 13255 / 30000 demo steps
    seed 7: 13496 / 30000 demo steps
    seed 8: 13737 / 30000 demo steps
    seed 9: 13978 / 30000 demo steps
    seed 10: 14219 / 30000 demo steps
    seed 11: 14460 / 30000 demo steps
    seed 12: 14701 / 30000 demo steps
    seed 13: 14942 / 30000 demo steps
    seed 14: 15183 / 30000 demo steps
    seed 15: 15424 / 30000 demo steps
    seed 16: 15665 / 30000 demo steps
    seed 17: 15906 / 30000 demo steps
    seed 18: 16147 / 30000 demo steps
    seed 19: 16388 / 30000 demo steps
    seed 20: 16629 / 30000 demo steps
    seed 21: 16870 / 30000 demo steps
    seed 22: 17111 / 30000 demo steps
    seed 23: 17352 / 30000 demo steps
    seed 0: 17593 / 30000 demo steps
    seed 1: 17834 / 30000 demo steps
    seed 2: 18075 / 30000 demo steps
    seed 3: 18316 / 30000 demo steps
    seed 4: 18557 / 30000 demo steps
    seed 5: 18798 / 30000 demo steps
    seed 6: 19039 / 30000 demo steps
    seed 7: 19280 / 30000 demo steps
    seed 8: 19521 / 30000 demo steps
    seed 9: 19762 / 30000 demo steps
    seed 10: 20003 / 30000 demo steps
    seed 11: 20244 / 30000 demo steps
    seed 12: 20485 / 30000 demo steps
    seed 13: 20726 / 30000 demo steps
    seed 14: 20967 / 30000 demo steps
    seed 15: 21208 / 30000 demo steps
    seed 16: 21449 / 30000 demo steps
    seed 17: 21690 / 30000 demo steps
    seed 18: 21931 / 30000 demo steps
    seed 19: 22172 / 30000 demo steps
    seed 20: 22413 / 30000 demo steps
    seed 21: 22654 / 30000 demo steps
    seed 22: 22895 / 30000 demo steps
    seed 23: 23136 / 30000 demo steps
    seed 0: 23377 / 30000 demo steps
    seed 1: 23618 / 30000 demo steps
    seed 2: 23859 / 30000 demo steps
    seed 3: 24100 / 30000 demo steps
    seed 4: 24341 / 30000 demo steps
    seed 5: 24582 / 30000 demo steps
    seed 6: 24823 / 30000 demo steps
    seed 7: 25064 / 30000 demo steps
    seed 8: 25305 / 30000 demo steps
    seed 9: 25546 / 30000 demo steps
    seed 10: 25787 / 30000 demo steps
    seed 11: 26028 / 30000 demo steps
    seed 12: 26269 / 30000 demo steps
    seed 13: 26510 / 30000 demo steps
    seed 14: 26751 / 30000 demo steps
    seed 15: 26992 / 30000 demo steps
    seed 16: 27233 / 30000 demo steps
    seed 17: 27474 / 30000 demo steps
    seed 18: 27715 / 30000 demo steps
    seed 19: 27956 / 30000 demo steps
    seed 20: 28197 / 30000 demo steps
    seed 21: 28438 / 30000 demo steps
    seed 22: 28679 / 30000 demo steps
    seed 23: 28920 / 30000 demo steps
    seed 0: 29161 / 30000 demo steps
    seed 1: 29402 / 30000 demo steps
    seed 2: 29643 / 30000 demo steps
    seed 3: 29884 / 30000 demo steps
    seed 4: 30125 / 30000 demo steps
  demos (30000, 234), actions (30000, 2)

Using cpu device
  cloning for 60 epochs ...
    epoch   0  action MSE 0.02769
    epoch   5  action MSE 0.01118
    epoch  10  action MSE 0.00738
    epoch  15  action MSE 0.00485
    epoch  20  action MSE 0.00346
    epoch  25  action MSE 0.00244
    epoch  30  action MSE 0.00193
    epoch  35  action MSE 0.00154
    epoch  40  action MSE 0.00133
    epoch  45  action MSE 0.00109
    epoch  50  action MSE 0.00102
    epoch  55  action MSE 0.00073
    epoch  59  action MSE 0.00091

  fine-tuning with PPO for 400,000 steps (ent_coef 0.003)

----------------------------------
| rollout/           |           |
|    ep_len_mean     | 241       |
|    ep_rew_mean     | -3.77e+03 |
| time/              |           |
|    fps             | 194       |
|    iterations      | 1         |
|    time_elapsed    | 15        |
|    total_timesteps | 3072      |
----------------------------------
-----------------------------------------
| rollout/                |             |
|    ep_len_mean          | 241         |
|    ep_rew_mean          | -6.11e+03   |
| time/                   |             |
|    fps                  | 187         |
|    iterations           | 2           |
|    time_elapsed         | 32          |
|    total_timesteps      | 6144        |
| train/                  |             |
|    approx_kl            | 0.010814049 |
|    clip_fraction        | 0.104       |
|    clip_range           | 0.2         |
|    entropy_loss         | -2.84       |
|    explained_variance   | -0.132      |
|    learning_rate        | 0.0003      |
|    loss                 | 0.849       |
|    n_updates            | 10          |
|    policy_gradient_loss | -0.0355     |
|    std                  | 1           |
|    value_loss           | 2.8         |
-----------------------------------------
-----------------------------------------
| rollout/                |             |
|    ep_len_mean          | 241         |
|    ep_rew_mean          | -6.33e+03   |
| time/                   |             |
|    fps                  | 182         |
|    iterations           | 3           |
|    time_elapsed         | 50          |
|    total_timesteps      | 9216        |
| train/                  |             |
|    approx_kl            | 0.014716242 |
|    clip_fraction        | 0.116       |
|    clip_range           | 0.2         |
|    entropy_loss         | -2.84       |
|    explained_variance   | -0.219      |
|    learning_rate        | 0.0003      |
|    loss                 | -0.00493    |
|    n_updates            | 20          |
|    policy_gradient_loss | -0.0426     |
|    std                  | 0.993       |
|    value_loss           | 0.247       |
-----------------------------------------
----------------------------------------
| rollout/                |            |
|    ep_len_mean          | 241        |
|    ep_rew_mean          | -7.1e+03   |
| time/                   |            |
|    fps                  | 181        |
|    iterations           | 4          |
|    time_elapsed         | 67         |
|    total_timesteps      | 12288      |
| train/                  |            |
|    approx_kl            | 0.01302009 |
|    clip_fraction        | 0.109      |
|    clip_range           | 0.2        |
|    entropy_loss         | -2.81      |
|    explained_variance   | -0.6       |
|    learning_rate        | 0.0003     |
|    loss                 | -0.0427    |
|    n_updates            | 30         |
|    policy_gradient_loss | -0.0412    |
|    std                  | 0.98       |
|    value_loss           | 0.104      |
----------------------------------------
-----------------------------------------
| rollout/                |             |
|    ep_len_mean          | 241         |
|    ep_rew_mean          | -7.36e+03   |
| time/                   |             |
|    fps                  | 179         |
|    iterations           | 5           |
|    time_elapsed         | 85          |
|    total_timesteps      | 15360       |
| train/                  |             |
|    approx_kl            | 0.014094624 |
|    clip_fraction        | 0.116       |
|    clip_range           | 0.2         |
|    entropy_loss         | -2.79       |
|    explained_variance   | -6.03       |
|    learning_rate        | 0.0003      |
|    loss                 | -0.0546     |
|    n_updates            | 40          |
|    policy_gradient_loss | -0.0361     |
|    std                  | 0.977       |
|    value_loss           | 0.0759      |
-----------------------------------------
-----------------------------------------
| rollout/                |             |
|    ep_len_mean          | 241         |
|    ep_rew_mean          | -7.2e+03    |
| time/                   |             |
|    fps                  | 178         |
|    iterations           | 6           |
|    time_elapsed         | 103         |
|    total_timesteps      | 18432       |
| train/                  |             |
|    approx_kl            | 0.014392934 |
|    clip_fraction        | 0.124       |
|    clip_range           | 0.2         |
|    entropy_loss         | -2.79       |
|    explained_variance   | -0.00881    |
|    learning_rate        | 0.0003      |
|    loss                 | -0.0561     |
|    n_updates            | 50          |
|    policy_gradient_loss | -0.0414     |
|    std                  | 0.976       |
|    value_loss           | 0.0727      |
-----------------------------------------
-----------------------------------------
| rollout/                |             |
|    ep_len_mean          | 241         |
|    ep_rew_mean          | -7.2e+03    |
| time/                   |             |
|    fps                  | 177         |
|    iterations           | 7           |
|    time_elapsed         | 121         |
|    total_timesteps      | 21504       |
| train/                  |             |
|    approx_kl            | 0.014785194 |
|    clip_fraction        | 0.125       |
|    clip_range           | 0.2         |
|    entropy_loss         | -2.79       |
|    explained_variance   | 0.281       |
|    learning_rate        | 0.0003      |
|    loss                 | -0.0621     |
|    n_updates            | 60          |
|    policy_gradient_loss | -0.0416     |
|    std                  | 0.975       |
|    value_loss           | 0.0638      |
-----------------------------------------
-----------------------------------------
| rollout/                |             |
|    ep_len_mean          | 241         |
|    ep_rew_mean          | -7.17e+03   |
| time/                   |             |
|    fps                  | 175         |
|    iterations           | 8           |
|    time_elapsed         | 139         |
|    total_timesteps      | 24576       |
| train/                  |             |
|    approx_kl            | 0.012515393 |
|    clip_fraction        | 0.108       |
|    clip_range           | 0.2         |
|    entropy_loss         | -2.78       |
|    explained_variance   | 0.538       |
|    learning_rate        | 0.0003      |
|    loss                 | -0.0661     |
|    n_updates            | 70          |
|    policy_gradient_loss | -0.0398     |
|    std                  | 0.97        |
|    value_loss           | 0.0522      |
-----------------------------------------
-----------------------------------------
| rollout/                |             |
|    ep_len_mean          | 241         |
|    ep_rew_mean          | -7.74e+03   |
| time/                   |             |
|    fps                  | 174         |
|    iterations           | 9           |
|    time_elapsed         | 158         |
|    total_timesteps      | 27648       |
| train/                  |             |
|    approx_kl            | 0.014851202 |
|    clip_fraction        | 0.116       |
|    clip_range           | 0.2         |
|    entropy_loss         | -2.77       |
|    explained_variance   | 0.714       |
|    learning_rate        | 0.0003      |
|    loss                 | -0.0531     |
|    n_updates            | 80          |
|    policy_gradient_loss | -0.0399     |
|    std                  | 0.963       |
|    value_loss           | 0.0734      |
-----------------------------------------
-----------------------------------------
| rollout/                |             |
|    ep_len_mean          | 241         |
|    ep_rew_mean          | -7.5e+03    |
| time/                   |             |
|    fps                  | 173         |
|    iterations           | 10          |
|    time_elapsed         | 176         |
|    total_timesteps      | 30720       |
| train/                  |             |
|    approx_kl            | 0.016588306 |
|    clip_fraction        | 0.136       |
|    clip_range           | 0.2         |
|    entropy_loss         | -2.76       |
|    explained_variance   | 0.586       |
|    learning_rate        | 0.0003      |
|    loss                 | -0.071      |
|    n_updates            | 90          |
|    policy_gradient_loss | -0.0449     |
|    std                  | 0.962       |
|    value_loss           | 0.056       |
-----------------------------------------
----------------------------------------
| rollout/                |            |
|    ep_len_mean          | 241        |
|    ep_rew_mean          | -7.52e+03  |
| time/                   |            |
|    fps                  | 173        |
|    iterations           | 11         |
|    time_elapsed         | 194        |
|    total_timesteps      | 33792      |
| train/                  |            |
|    approx_kl            | 0.01615424 |
|    clip_fraction        | 0.14       |
|    clip_range           | 0.2        |
|    entropy_loss         | -2.75      |
|    explained_variance   | 0.0305     |
|    learning_rate        | 0.0003     |
|    loss                 | -0.0597    |
|    n_updates            | 100        |
|    policy_gradient_loss | -0.0432    |
|    std                  | 0.954      |
|    value_loss           | 0.054      |
----------------------------------------
-----------------------------------------
| rollout/                |             |
|    ep_len_mean          | 241         |
|    ep_rew_mean          | -8.22e+03   |
| time/                   |             |
|    fps                  | 173         |
|    iterations           | 12          |
|    time_elapsed         | 213         |
|    total_timesteps      | 36864       |
| train/                  |             |
|    approx_kl            | 0.014295583 |
|    clip_fraction        | 0.124       |
|    clip_range           | 0.2         |
|    entropy_loss         | -2.74       |
|    explained_variance   | -0.845      |
|    learning_rate        | 0.0003      |
|    loss                 | -0.061      |
|    n_updates            | 110         |
|    policy_gradient_loss | -0.039      |
|    std                  | 0.954       |
|    value_loss           | 0.0476      |
-----------------------------------------
------------------------------------------
| rollout/                |              |
|    ep_len_mean          | 241          |
|    ep_rew_mean          | -8.95e+03    |
| time/                   |              |
|    fps                  | 172          |
|    iterations           | 13           |
|    time_elapsed         | 231          |
|    total_timesteps      | 39936        |
| train/                  |              |
|    approx_kl            | 0.0135880895 |
|    clip_fraction        | 0.111        |
|    clip_range           | 0.2          |
|    entropy_loss         | -2.74        |
|    explained_variance   | 0.381        |
|    learning_rate        | 0.0003       |
|    loss                 | -0.0609      |
|    n_updates            | 120          |
|    policy_gradient_loss | -0.0378      |
|    std                  | 0.954        |
|    value_loss           | 0.0605       |
------------------------------------------
-----------------------------------------
| rollout/                |             |
|    ep_len_mean          | 241         |
|    ep_rew_mean          | -1.02e+04   |
| time/                   |             |
|    fps                  | 172         |
|    iterations           | 14          |
|    time_elapsed         | 249         |
|    total_timesteps      | 43008       |
| train/                  |             |
|    approx_kl            | 0.016806403 |
|    clip_fraction        | 0.136       |
|    clip_range           | 0.2         |
|    entropy_loss         | -2.74       |
|    explained_variance   | 0.75        |
|    learning_rate        | 0.0003      |
|    loss                 | -0.0665     |
|    n_updates            | 130         |
|    policy_gradient_loss | -0.0416     |
|    std                  | 0.948       |
|    value_loss           | 0.052       |
-----------------------------------------
-----------------------------------------
| rollout/                |             |
|    ep_len_mean          | 241         |
|    ep_rew_mean          | -1.07e+04   |
| time/                   |             |
|    fps                  | 172         |
|    iterations           | 15          |
|    time_elapsed         | 267         |
|    total_timesteps      | 46080       |
| train/                  |             |
|    approx_kl            | 0.017459253 |
|    clip_fraction        | 0.144       |
|    clip_range           | 0.2         |
|    entropy_loss         | -2.73       |
|    explained_variance   | 0.851       |
|    learning_rate        | 0.0003      |
|    loss                 | -0.0651     |
|    n_updates            | 140         |
|    policy_gradient_loss | -0.0416     |
|    std                  | 0.945       |
|    value_loss           | 0.0496      |
-----------------------------------------
----------------------------------------
| rollout/                |            |
|    ep_len_mean          | 241        |
|    ep_rew_mean          | -1.12e+04  |
| time/                   |            |
|    fps                  | 172        |
|    iterations           | 16         |
|    time_elapsed         | 284        |
|    total_timesteps      | 49152      |
| train/                  |            |
|    approx_kl            | 0.01742933 |
|    clip_fraction        | 0.157      |
|    clip_range           | 0.2        |
|    entropy_loss         | -2.73      |
|    explained_variance   | 0.903      |
|    learning_rate        | 0.0003     |
|    loss                 | -0.0612    |
|    n_updates            | 150        |
|    policy_gradient_loss | -0.0437    |
|    std                  | 0.948      |
|    value_loss           | 0.0524     |
----------------------------------------
-----------------------------------------
| rollout/                |             |
|    ep_len_mean          | 241         |
|    ep_rew_mean          | -1.12e+04   |
| time/                   |             |
|    fps                  | 172         |
|    iterations           | 17          |
|    time_elapsed         | 303         |
|    total_timesteps      | 52224       |
| train/                  |             |
|    approx_kl            | 0.019529978 |
|    clip_fraction        | 0.171       |
|    clip_range           | 0.2         |
|    entropy_loss         | -2.72       |
|    explained_variance   | 0.879       |
|    learning_rate        | 0.0003      |
|    loss                 | -0.0705     |
|    n_updates            | 160         |
|    policy_gradient_loss | -0.0485     |
|    std                  | 0.941       |
|    value_loss           | 0.0567      |
-----------------------------------------
----------------------------------------
| rollout/                |            |
|    ep_len_mean          | 241        |
|    ep_rew_mean          | -1.11e+04  |
| time/                   |            |
|    fps                  | 172        |
|    iterations           | 18         |
|    time_elapsed         | 321        |
|    total_timesteps      | 55296      |
| train/                  |            |
|    approx_kl            | 0.02091748 |
|    clip_fraction        | 0.179      |
|    clip_range           | 0.2        |
|    entropy_loss         | -2.71      |
|    explained_variance   | 0.838      |
|    learning_rate        | 0.0003     |
|    loss                 | -0.0736    |
|    n_updates            | 170        |
|    policy_gradient_loss | -0.0479    |
|    std                  | 0.932      |
|    value_loss           | 0.0465     |
----------------------------------------
-----------------------------------------
| rollout/                |             |
|    ep_len_mean          | 241         |
|    ep_rew_mean          | -1.07e+04   |
| time/                   |             |
|    fps                  | 172         |
|    iterations           | 19          |
|    time_elapsed         | 338         |
|    total_timesteps      | 58368       |
| train/                  |             |
|    approx_kl            | 0.019211477 |
|    clip_fraction        | 0.159       |
|    clip_range           | 0.2         |
|    entropy_loss         | -2.69       |
|    explained_variance   | 0.355       |
|    learning_rate        | 0.0003      |
|    loss                 | -0.0626     |
|    n_updates            | 180         |
|    policy_gradient_loss | -0.0465     |
|    std                  | 0.928       |
|    value_loss           | 0.0683      |
-----------------------------------------
----------------------------------------
| rollout/                |            |
|    ep_len_mean          | 241        |
|    ep_rew_mean          | -1.05e+04  |
| time/                   |            |
|    fps                  | 172        |
|    iterations           | 20         |
|    time_elapsed         | 356        |
|    total_timesteps      | 61440      |
| train/                  |            |
|    approx_kl            | 0.01966236 |
|    clip_fraction        | 0.163      |
|    clip_range           | 0.2        |
|    entropy_loss         | -2.68      |
|    explained_variance   | 0.107      |
|    learning_rate        | 0.0003     |
|    loss                 | -0.0738    |
|    n_updates            | 190        |
|    policy_gradient_loss | -0.0478    |
|    std                  | 0.92       |
|    value_loss           | 0.0434     |
----------------------------------------
----------------------------------------
| rollout/                |            |
|    ep_len_mean          | 241        |
|    ep_rew_mean          | -1e+04     |
| time/                   |            |
|    fps                  | 172        |
|    iterations           | 21         |
|    time_elapsed         | 374        |
|    total_timesteps      | 64512      |
| train/                  |            |
|    approx_kl            | 0.01757993 |
|    clip_fraction        | 0.135      |
|    clip_range           | 0.2        |
|    entropy_loss         | -2.66      |
|    explained_variance   | -0.0147    |
|    learning_rate        | 0.0003     |
|    loss                 | -0.0621    |
|    n_updates            | 200        |
|    policy_gradient_loss | -0.0428    |
|    std                  | 0.909      |
|    value_loss           | 0.0548     |
----------------------------------------
-----------------------------------------
| rollout/                |             |
|    ep_len_mean          | 241         |
|    ep_rew_mean          | -9.78e+03   |
| time/                   |             |
|    fps                  | 172         |
|    iterations           | 22          |
|    time_elapsed         | 392         |
|    total_timesteps      | 67584       |
| train/                  |             |
|    approx_kl            | 0.017933808 |
|    clip_fraction        | 0.14        |
|    clip_range           | 0.2         |
|    entropy_loss         | -2.65       |
|    explained_variance   | 0.618       |
|    learning_rate        | 0.0003      |
|    loss                 | -0.082      |
|    n_updates            | 210         |
|    policy_gradient_loss | -0.0454     |
|    std                  | 0.909       |
|    value_loss           | 0.0338      |
-----------------------------------------
-----------------------------------------
| rollout/                |             |
|    ep_len_mean          | 241         |
|    ep_rew_mean          | -9.86e+03   |
| time/                   |             |
|    fps                  | 172         |
|    iterations           | 23          |
|    time_elapsed         | 410         |
|    total_timesteps      | 70656       |
| train/                  |             |
|    approx_kl            | 0.017565913 |
|    clip_fraction        | 0.147       |
|    clip_range           | 0.2         |
|    entropy_loss         | -2.64       |
|    explained_variance   | 0.815       |
|    learning_rate        | 0.0003      |
|    loss                 | -0.0725     |
|    n_updates            | 220         |
|    policy_gradient_loss | -0.0448     |
|    std                  | 0.905       |
|    value_loss           | 0.0362      |
-----------------------------------------
----------------------------------------
| rollout/                |            |
|    ep_len_mean          | 241        |
|    ep_rew_mean          | -9.96e+03  |
| time/                   |            |
|    fps                  | 171        |
|    iterations           | 24         |
|    time_elapsed         | 428        |
|    total_timesteps      | 73728      |
| train/                  |            |
|    approx_kl            | 0.01855643 |
|    clip_fraction        | 0.143      |
|    clip_range           | 0.2        |
|    entropy_loss         | -2.63      |
|    explained_variance   | 0.888      |
|    learning_rate        | 0.0003     |
|    loss                 | -0.08      |
|    n_updates            | 230        |
|    policy_gradient_loss | -0.047     |
|    std                  | 0.899      |
|    value_loss           | 0.04       |
----------------------------------------
-----------------------------------------
| rollout/                |             |
|    ep_len_mean          | 241         |
|    ep_rew_mean          | -1.02e+04   |
| time/                   |             |
|    fps                  | 171         |
|    iterations           | 25          |
|    time_elapsed         | 446         |
|    total_timesteps      | 76800       |
| train/                  |             |
|    approx_kl            | 0.018872581 |
|    clip_fraction        | 0.155       |
|    clip_range           | 0.2         |
|    entropy_loss         | -2.62       |
|    explained_variance   | 0.882       |
|    learning_rate        | 0.0003      |
|    loss                 | -0.0718     |
|    n_updates            | 240         |
|    policy_gradient_loss | -0.047      |
|    std                  | 0.893       |
|    value_loss           | 0.0511      |
-----------------------------------------
----------------------------------------
| rollout/                |            |
|    ep_len_mean          | 241        |
|    ep_rew_mean          | -1.06e+04  |
| time/                   |            |
|    fps                  | 171        |
|    iterations           | 26         |
|    time_elapsed         | 465        |
|    total_timesteps      | 79872      |
| train/                  |            |
|    approx_kl            | 0.02185499 |
|    clip_fraction        | 0.178      |
|    clip_range           | 0.2        |
|    entropy_loss         | -2.6       |
|    explained_variance   | 0.829      |
|    learning_rate        | 0.0003     |
|    loss                 | -0.0673    |
|    n_updates            | 250        |
|    policy_gradient_loss | -0.0476    |
|    std                  | 0.888      |
|    value_loss           | 0.0548     |
----------------------------------------
----------------------------------------
| rollout/                |            |
|    ep_len_mean          | 241        |
|    ep_rew_mean          | -1.09e+04  |
| time/                   |            |
|    fps                  | 171        |
|    iterations           | 27         |
|    time_elapsed         | 483        |
|    total_timesteps      | 82944      |
| train/                  |            |
|    approx_kl            | 0.01930794 |
|    clip_fraction        | 0.154      |
|    clip_range           | 0.2        |
|    entropy_loss         | -2.59      |
|    explained_variance   | 0.797      |
|    learning_rate        | 0.0003     |
|    loss                 | -0.058     |
|    n_updates            | 260        |
|    policy_gradient_loss | -0.047     |
|    std                  | 0.884      |
|    value_loss           | 0.0768     |
----------------------------------------
-----------------------------------------
| rollout/                |             |
|    ep_len_mean          | 241         |
|    ep_rew_mean          | -1.05e+04   |
| time/                   |             |
|    fps                  | 171         |
|    iterations           | 28          |
|    time_elapsed         | 502         |
|    total_timesteps      | 86016       |
| train/                  |             |
|    approx_kl            | 0.019542871 |
|    clip_fraction        | 0.165       |
|    clip_range           | 0.2         |
|    entropy_loss         | -2.58       |
|    explained_variance   | 0.807       |
|    learning_rate        | 0.0003      |
|    loss                 | -0.0639     |
|    n_updates            | 270         |
|    policy_gradient_loss | -0.0451     |
|    std                  | 0.88        |
|    value_loss           | 0.0702      |
-----------------------------------------
---------------------------------------
| rollout/                |           |
|    ep_len_mean          | 241       |
|    ep_rew_mean          | -1.01e+04 |
| time/                   |           |
|    fps                  | 171       |
|    iterations           | 29        |
|    time_elapsed         | 520       |
|    total_timesteps      | 89088     |
| train/                  |           |
|    approx_kl            | 0.0205162 |
|    clip_fraction        | 0.17      |
|    clip_range           | 0.2       |
|    entropy_loss         | -2.57     |
|    explained_variance   | 0.877     |
|    learning_rate        | 0.0003    |
|    loss                 | -0.0672   |
|    n_updates            | 280       |
|    policy_gradient_loss | -0.0492   |
|    std                  | 0.872     |
|    value_loss           | 0.0695    |
---------------------------------------
----------------------------------------
| rollout/                |            |
|    ep_len_mean          | 241        |
|    ep_rew_mean          | -9.36e+03  |
| time/                   |            |
|    fps                  | 171        |
|    iterations           | 30         |
|    time_elapsed         | 538        |
|    total_timesteps      | 92160      |
| train/                  |            |
|    approx_kl            | 0.02027963 |
|    clip_fraction        | 0.169      |
|    clip_range           | 0.2        |
|    entropy_loss         | -2.55      |
|    explained_variance   | 0.809      |
|    learning_rate        | 0.0003     |
|    loss                 | -0.0581    |
|    n_updates            | 290        |
|    policy_gradient_loss | -0.0494    |
|    std                  | 0.865      |
|    value_loss           | 0.065      |
----------------------------------------
----------------------------------------
| rollout/                |            |
|    ep_len_mean          | 241        |
|    ep_rew_mean          | -9.01e+03  |
| time/                   |            |
|    fps                  | 170        |
|    iterations           | 31         |
|    time_elapsed         | 557        |
|    total_timesteps      | 95232      |
| train/                  |            |
|    approx_kl            | 0.02034658 |
|    clip_fraction        | 0.16       |
|    clip_range           | 0.2        |
|    entropy_loss         | -2.54      |
|    explained_variance   | 0.798      |
|    learning_rate        | 0.0003     |
|    loss                 | -0.0576    |
|    n_updates            | 300        |
|    policy_gradient_loss | -0.0482    |
|    std                  | 0.86       |
|    value_loss           | 0.074      |
----------------------------------------
-----------------------------------------
| rollout/                |             |
|    ep_len_mean          | 241         |
|    ep_rew_mean          | -8.68e+03   |
| time/                   |             |
|    fps                  | 170         |
|    iterations           | 32          |
|    time_elapsed         | 575         |
|    total_timesteps      | 98304       |
| train/                  |             |
|    approx_kl            | 0.019741127 |
|    clip_fraction        | 0.169       |
|    clip_range           | 0.2         |
|    entropy_loss         | -2.53       |
|    explained_variance   | 0.615       |
|    learning_rate        | 0.0003      |
|    loss                 | -0.0705     |
|    n_updates            | 310         |
|    policy_gradient_loss | -0.0477     |
|    std                  | 0.856       |
|    value_loss           | 0.048       |
-----------------------------------------
-----------------------------------------
| rollout/                |             |
|    ep_len_mean          | 241         |
|    ep_rew_mean          | -8.79e+03   |
| time/                   |             |
|    fps                  | 170         |
|    iterations           | 33          |
|    time_elapsed         | 594         |
|    total_timesteps      | 101376      |
| train/                  |             |
|    approx_kl            | 0.019843869 |
|    clip_fraction        | 0.166       |
|    clip_range           | 0.2         |
|    entropy_loss         | -2.52       |
|    explained_variance   | -0.0359     |
|    learning_rate        | 0.0003      |
|    loss                 | -0.0702     |
|    n_updates            | 320         |
|    policy_gradient_loss | -0.0462     |
|    std                  | 0.85        |
|    value_loss           | 0.0418      |
-----------------------------------------
----------------------------------------
| rollout/                |            |
|    ep_len_mean          | 241        |
|    ep_rew_mean          | -8.94e+03  |
| time/                   |            |
|    fps                  | 170        |
|    iterations           | 34         |
|    time_elapsed         | 612        |
|    total_timesteps      | 104448     |
| train/                  |            |
|    approx_kl            | 0.02053757 |
|    clip_fraction        | 0.168      |
|    clip_range           | 0.2        |
|    entropy_loss         | -2.5       |
|    explained_variance   | 0.305      |
|    learning_rate        | 0.0003     |
|    loss                 | -0.0791    |
|    n_updates            | 330        |
|    policy_gradient_loss | -0.0492    |
|    std                  | 0.839      |
|    value_loss           | 0.0403     |
----------------------------------------
-----------------------------------------
| rollout/                |             |
|    ep_len_mean          | 241         |
|    ep_rew_mean          | -9.17e+03   |
| time/                   |             |
|    fps                  | 170         |
|    iterations           | 35          |
|    time_elapsed         | 630         |
|    total_timesteps      | 107520      |
| train/                  |             |
|    approx_kl            | 0.019069178 |
|    clip_fraction        | 0.159       |
|    clip_range           | 0.2         |
|    entropy_loss         | -2.47       |
|    explained_variance   | -0.606      |
|    learning_rate        | 0.0003      |
|    loss                 | -0.0778     |
|    n_updates            | 340         |
|    policy_gradient_loss | -0.0443     |
|    std                  | 0.832       |
|    value_loss           | 0.0251      |
-----------------------------------------
-----------------------------------------
| rollout/                |             |
|    ep_len_mean          | 241         |
|    ep_rew_mean          | -9.46e+03   |
| time/                   |             |
|    fps                  | 170         |
|    iterations           | 36          |
|    time_elapsed         | 649         |
|    total_timesteps      | 110592      |
| train/                  |             |
|    approx_kl            | 0.021734046 |
|    clip_fraction        | 0.166       |
|    clip_range           | 0.2         |
|    entropy_loss         | -2.46       |
|    explained_variance   | 0.377       |
|    learning_rate        | 0.0003      |
|    loss                 | -0.0764     |
|    n_updates            | 350         |
|    policy_gradient_loss | -0.0475     |
|    std                  | 0.825       |
|    value_loss           | 0.0391      |
-----------------------------------------
-----------------------------------------
| rollout/                |             |
|    ep_len_mean          | 241         |
|    ep_rew_mean          | -9.66e+03   |
| time/                   |             |
|    fps                  | 170         |
|    iterations           | 37          |
|    time_elapsed         | 668         |
|    total_timesteps      | 113664      |
| train/                  |             |
|    approx_kl            | 0.020688817 |
|    clip_fraction        | 0.177       |
|    clip_range           | 0.2         |
|    entropy_loss         | -2.44       |
|    explained_variance   | 0.625       |
|    learning_rate        | 0.0003      |
|    loss                 | -0.0775     |
|    n_updates            | 360         |
|    policy_gradient_loss | -0.0465     |
|    std                  | 0.822       |
|    value_loss           | 0.022       |
-----------------------------------------
----------------------------------------
| rollout/                |            |
|    ep_len_mean          | 241        |
|    ep_rew_mean          | -9.94e+03  |
| time/                   |            |
|    fps                  | 169        |
|    iterations           | 38         |
|    time_elapsed         | 687        |
|    total_timesteps      | 116736     |
| train/                  |            |
|    approx_kl            | 0.02287666 |
|    clip_fraction        | 0.175      |
|    clip_range           | 0.2        |
|    entropy_loss         | -2.43      |
|    explained_variance   | 0.736      |
|    learning_rate        | 0.0003     |
|    loss                 | -0.0738    |
|    n_updates            | 370        |
|    policy_gradient_loss | -0.046     |
|    std                  | 0.816      |
|    value_loss           | 0.0237     |
----------------------------------------
-----------------------------------------
| rollout/                |             |
|    ep_len_mean          | 241         |
|    ep_rew_mean          | -1e+04      |
| time/                   |             |
|    fps                  | 169         |
|    iterations           | 39          |
|    time_elapsed         | 705         |
|    total_timesteps      | 119808      |
| train/                  |             |
|    approx_kl            | 0.018572686 |
|    clip_fraction        | 0.167       |
|    clip_range           | 0.2         |
|    entropy_loss         | -2.42       |
|    explained_variance   | 0.841       |
|    learning_rate        | 0.0003      |
|    loss                 | -0.0715     |
|    n_updates            | 380         |
|    policy_gradient_loss | -0.0444     |
|    std                  | 0.816       |
|    value_loss           | 0.0247      |
-----------------------------------------
-----------------------------------------
| rollout/                |             |
|    ep_len_mean          | 241         |
|    ep_rew_mean          | -1e+04      |
| time/                   |             |
|    fps                  | 169         |
|    iterations           | 40          |
|    time_elapsed         | 723         |
|    total_timesteps      | 122880      |
| train/                  |             |
|    approx_kl            | 0.023176694 |
|    clip_fraction        | 0.176       |
|    clip_range           | 0.2         |
|    entropy_loss         | -2.42       |
|    explained_variance   | 0.865       |
|    learning_rate        | 0.0003      |
|    loss                 | -0.0816     |
|    n_updates            | 390         |
|    policy_gradient_loss | -0.0488     |
|    std                  | 0.808       |
|    value_loss           | 0.0241      |
-----------------------------------------
-----------------------------------------
| rollout/                |             |
|    ep_len_mean          | 241         |
|    ep_rew_mean          | -9.82e+03   |
| time/                   |             |
|    fps                  | 169         |
|    iterations           | 41          |
|    time_elapsed         | 744         |
|    total_timesteps      | 125952      |
| train/                  |             |
|    approx_kl            | 0.025306793 |
|    clip_fraction        | 0.194       |
|    clip_range           | 0.2         |
|    entropy_loss         | -2.4        |
|    explained_variance   | 0.876       |
|    learning_rate        | 0.0003      |
|    loss                 | -0.0807     |
|    n_updates            | 400         |
|    policy_gradient_loss | -0.0502     |
|    std                  | 0.802       |
|    value_loss           | 0.0349      |
-----------------------------------------
----------------------------------------
| rollout/                |            |
|    ep_len_mean          | 241        |
|    ep_rew_mean          | -9.33e+03  |
| time/                   |            |
|    fps                  | 169        |
|    iterations           | 42         |
|    time_elapsed         | 762        |
|    total_timesteps      | 129024     |
| train/                  |            |
|    approx_kl            | 0.02373488 |
|    clip_fraction        | 0.192      |
|    clip_range           | 0.2        |
|    entropy_loss         | -2.38      |
|    explained_variance   | 0.91       |
|    learning_rate        | 0.0003     |
|    loss                 | -0.0718    |
|    n_updates            | 410        |
|    policy_gradient_loss | -0.0467    |
|    std                  | 0.794      |
|    value_loss           | 0.0304     |
----------------------------------------
-----------------------------------------
| rollout/                |             |
|    ep_len_mean          | 241         |
|    ep_rew_mean          | -8.77e+03   |
| time/                   |             |
|    fps                  | 169         |
|    iterations           | 43          |
|    time_elapsed         | 781         |
|    total_timesteps      | 132096      |
| train/                  |             |
|    approx_kl            | 0.022501715 |
|    clip_fraction        | 0.203       |
|    clip_range           | 0.2         |
|    entropy_loss         | -2.36       |
|    explained_variance   | 0.885       |
|    learning_rate        | 0.0003      |
|    loss                 | -0.0646     |
|    n_updates            | 420         |
|    policy_gradient_loss | -0.0459     |
|    std                  | 0.789       |
|    value_loss           | 0.0328      |
-----------------------------------------
---------------------------------------
| rollout/                |           |
|    ep_len_mean          | 241       |
|    ep_rew_mean          | -8.08e+03 |
| time/                   |           |
|    fps                  | 169       |
|    iterations           | 44        |
|    time_elapsed         | 799       |
|    total_timesteps      | 135168    |
| train/                  |           |
|    approx_kl            | 0.0228213 |
|    clip_fraction        | 0.193     |
|    clip_range           | 0.2       |
|    entropy_loss         | -2.35     |
|    explained_variance   | 0.87      |
|    learning_rate        | 0.0003    |
|    loss                 | -0.0618   |
|    n_updates            | 430       |
|    policy_gradient_loss | -0.0459   |
|    std                  | 0.785     |
|    value_loss           | 0.0365    |
---------------------------------------
-----------------------------------------
| rollout/                |             |
|    ep_len_mean          | 241         |
|    ep_rew_mean          | -7.49e+03   |
| time/                   |             |
|    fps                  | 169         |
|    iterations           | 45          |
|    time_elapsed         | 817         |
|    total_timesteps      | 138240      |
| train/                  |             |
|    approx_kl            | 0.023198681 |
|    clip_fraction        | 0.179       |
|    clip_range           | 0.2         |
|    entropy_loss         | -2.34       |
|    explained_variance   | 0.901       |
|    learning_rate        | 0.0003      |
|    loss                 | -0.0714     |
|    n_updates            | 440         |
|    policy_gradient_loss | -0.0491     |
|    std                  | 0.782       |
|    value_loss           | 0.0367      |
-----------------------------------------
-----------------------------------------
| rollout/                |             |
|    ep_len_mean          | 241         |
|    ep_rew_mean          | -6.6e+03    |
| time/                   |             |
|    fps                  | 169         |
|    iterations           | 46          |
|    time_elapsed         | 835         |
|    total_timesteps      | 141312      |
| train/                  |             |
|    approx_kl            | 0.022144498 |
|    clip_fraction        | 0.187       |
|    clip_range           | 0.2         |
|    entropy_loss         | -2.34       |
|    explained_variance   | 0.858       |
|    learning_rate        | 0.0003      |
|    loss                 | -0.0677     |
|    n_updates            | 450         |
|    policy_gradient_loss | -0.0464     |
|    std                  | 0.781       |
|    value_loss           | 0.0374      |
-----------------------------------------
-----------------------------------------
| rollout/                |             |
|    ep_len_mean          | 241         |
|    ep_rew_mean          | -6.03e+03   |
| time/                   |             |
|    fps                  | 169         |
|    iterations           | 47          |
|    time_elapsed         | 853         |
|    total_timesteps      | 144384      |
| train/                  |             |
|    approx_kl            | 0.025326699 |
|    clip_fraction        | 0.198       |
|    clip_range           | 0.2         |
|    entropy_loss         | -2.33       |
|    explained_variance   | 0.809       |
|    learning_rate        | 0.0003      |
|    loss                 | -0.0811     |
|    n_updates            | 460         |
|    policy_gradient_loss | -0.0514     |
|    std                  | 0.772       |
|    value_loss           | 0.0285      |
-----------------------------------------
----------------------------------------
| rollout/                |            |
|    ep_len_mean          | 241        |
|    ep_rew_mean          | -5.54e+03  |
| time/                   |            |
|    fps                  | 169        |
|    iterations           | 48         |
|    time_elapsed         | 871        |
|    total_timesteps      | 147456     |
| train/                  |            |
|    approx_kl            | 0.02538327 |
|    clip_fraction        | 0.19       |
|    clip_range           | 0.2        |
|    entropy_loss         | -2.3       |
|    explained_variance   | 0.801      |
|    learning_rate        | 0.0003     |
|    loss                 | -0.0759    |
|    n_updates            | 470        |
|    policy_gradient_loss | -0.0476    |
|    std                  | 0.766      |
|    value_loss           | 0.025      |
----------------------------------------
----------------------------------------
| rollout/                |            |
|    ep_len_mean          | 241        |
|    ep_rew_mean          | -4.66e+03  |
| time/                   |            |
|    fps                  | 168        |
|    iterations           | 49         |
|    time_elapsed         | 890        |
|    total_timesteps      | 150528     |
| train/                  |            |
|    approx_kl            | 0.02379031 |
|    clip_fraction        | 0.185      |
|    clip_range           | 0.2        |
|    entropy_loss         | -2.29      |
|    explained_variance   | 0.862      |
|    learning_rate        | 0.0003     |
|    loss                 | -0.0789    |
|    n_updates            | 480        |
|    policy_gradient_loss | -0.0473    |
|    std                  | 0.762      |
|    value_loss           | 0.0216     |
----------------------------------------
-----------------------------------------
| rollout/                |             |
|    ep_len_mean          | 241         |
|    ep_rew_mean          | -4.16e+03   |
| time/                   |             |
|    fps                  | 168         |
|    iterations           | 50          |
|    time_elapsed         | 909         |
|    total_timesteps      | 153600      |
| train/                  |             |
|    approx_kl            | 0.026884958 |
|    clip_fraction        | 0.222       |
|    clip_range           | 0.2         |
|    entropy_loss         | -2.28       |
|    explained_variance   | 0.64        |
|    learning_rate        | 0.0003      |
|    loss                 | -0.0919     |
|    n_updates            | 490         |
|    policy_gradient_loss | -0.0519     |
|    std                  | 0.755       |
|    value_loss           | 0.0132      |
-----------------------------------------
-----------------------------------------
| rollout/                |             |
|    ep_len_mean          | 241         |
|    ep_rew_mean          | -3.95e+03   |
| time/                   |             |
|    fps                  | 168         |
|    iterations           | 51          |
|    time_elapsed         | 928         |
|    total_timesteps      | 156672      |
| train/                  |             |
|    approx_kl            | 0.026712613 |
|    clip_fraction        | 0.201       |
|    clip_range           | 0.2         |
|    entropy_loss         | -2.27       |
|    explained_variance   | 0.714       |
|    learning_rate        | 0.0003      |
|    loss                 | -0.0836     |
|    n_updates            | 500         |
|    policy_gradient_loss | -0.0491     |
|    std                  | 0.754       |
|    value_loss           | 0.0145      |
-----------------------------------------
-----------------------------------------
| rollout/                |             |
|    ep_len_mean          | 241         |
|    ep_rew_mean          | -3.71e+03   |
| time/                   |             |
|    fps                  | 168         |
|    iterations           | 52          |
|    time_elapsed         | 947         |
|    total_timesteps      | 159744      |
| train/                  |             |
|    approx_kl            | 0.023991004 |
|    clip_fraction        | 0.2         |
|    clip_range           | 0.2         |
|    entropy_loss         | -2.26       |
|    explained_variance   | 0.709       |
|    learning_rate        | 0.0003      |
|    loss                 | -0.0817     |
|    n_updates            | 510         |
|    policy_gradient_loss | -0.0464     |
|    std                  | 0.75        |
|    value_loss           | 0.00863     |
-----------------------------------------
-----------------------------------------
| rollout/                |             |
|    ep_len_mean          | 241         |
|    ep_rew_mean          | -3.53e+03   |
| time/                   |             |
|    fps                  | 168         |
|    iterations           | 53          |
|    time_elapsed         | 965         |
|    total_timesteps      | 162816      |
| train/                  |             |
|    approx_kl            | 0.026337689 |
|    clip_fraction        | 0.211       |
|    clip_range           | 0.2         |
|    entropy_loss         | -2.25       |
|    explained_variance   | 0.641       |
|    learning_rate        | 0.0003      |
|    loss                 | -0.0834     |
|    n_updates            | 520         |
|    policy_gradient_loss | -0.0501     |
|    std                  | 0.744       |
|    value_loss           | 0.0103      |
-----------------------------------------
-----------------------------------------
| rollout/                |             |
|    ep_len_mean          | 241         |
|    ep_rew_mean          | -3.41e+03   |
| time/                   |             |
|    fps                  | 168         |
|    iterations           | 54          |
|    time_elapsed         | 984         |
|    total_timesteps      | 165888      |
| train/                  |             |
|    approx_kl            | 0.027092116 |
|    clip_fraction        | 0.21        |
|    clip_range           | 0.2         |
|    entropy_loss         | -2.23       |
|    explained_variance   | 0.219       |
|    learning_rate        | 0.0003      |
|    loss                 | -0.0787     |
|    n_updates            | 530         |
|    policy_gradient_loss | -0.0489     |
|    std                  | 0.74        |
|    value_loss           | 0.00918     |
-----------------------------------------
-----------------------------------------
| rollout/                |             |
|    ep_len_mean          | 241         |
|    ep_rew_mean          | -3.42e+03   |
| time/                   |             |
|    fps                  | 168         |
|    iterations           | 55          |
|    time_elapsed         | 1003        |
|    total_timesteps      | 168960      |
| train/                  |             |
|    approx_kl            | 0.024851814 |
|    clip_fraction        | 0.195       |
|    clip_range           | 0.2         |
|    entropy_loss         | -2.22       |
|    explained_variance   | 0.422       |
|    learning_rate        | 0.0003      |
|    loss                 | -0.0837     |
|    n_updates            | 540         |
|    policy_gradient_loss | -0.0506     |
|    std                  | 0.735       |
|    value_loss           | 0.00713     |
-----------------------------------------
-----------------------------------------
| rollout/                |             |
|    ep_len_mean          | 241         |
|    ep_rew_mean          | -3.32e+03   |
| time/                   |             |
|    fps                  | 168         |
|    iterations           | 56          |
|    time_elapsed         | 1021        |
|    total_timesteps      | 172032      |
| train/                  |             |
|    approx_kl            | 0.027568288 |
|    clip_fraction        | 0.202       |
|    clip_range           | 0.2         |
|    entropy_loss         | -2.21       |
|    explained_variance   | 0.165       |
|    learning_rate        | 0.0003      |
|    loss                 | -0.0857     |
|    n_updates            | 550         |
|    policy_gradient_loss | -0.0487     |
|    std                  | 0.733       |
|    value_loss           | 0.00763     |
-----------------------------------------
-----------------------------------------
| rollout/                |             |
|    ep_len_mean          | 241         |
|    ep_rew_mean          | -3.25e+03   |
| time/                   |             |
|    fps                  | 168         |
|    iterations           | 57          |
|    time_elapsed         | 1039        |
|    total_timesteps      | 175104      |
| train/                  |             |
|    approx_kl            | 0.027959784 |
|    clip_fraction        | 0.203       |
|    clip_range           | 0.2         |
|    entropy_loss         | -2.2        |
|    explained_variance   | -0.332      |
|    learning_rate        | 0.0003      |
|    loss                 | -0.0953     |
|    n_updates            | 560         |
|    policy_gradient_loss | -0.0504     |
|    std                  | 0.726       |
|    value_loss           | 0.007       |
-----------------------------------------
----------------------------------------
| rollout/                |            |
|    ep_len_mean          | 241        |
|    ep_rew_mean          | -3.31e+03  |
| time/                   |            |
|    fps                  | 168        |
|    iterations           | 58         |
|    time_elapsed         | 1057       |
|    total_timesteps      | 178176     |
| train/                  |            |
|    approx_kl            | 0.02796117 |
|    clip_fraction        | 0.223      |
|    clip_range           | 0.2        |
|    entropy_loss         | -2.18      |
|    explained_variance   | -0.0192    |
|    learning_rate        | 0.0003     |
|    loss                 | -0.0858    |
|    n_updates            | 570        |
|    policy_gradient_loss | -0.049     |
|    std                  | 0.723      |
|    value_loss           | 0.00639    |
----------------------------------------
-----------------------------------------
| rollout/                |             |
|    ep_len_mean          | 241         |
|    ep_rew_mean          | -3.52e+03   |
| time/                   |             |
|    fps                  | 168         |
|    iterations           | 59          |
|    time_elapsed         | 1075        |
|    total_timesteps      | 181248      |
| train/                  |             |
|    approx_kl            | 0.030683033 |
|    clip_fraction        | 0.218       |
|    clip_range           | 0.2         |
|    entropy_loss         | -2.17       |
|    explained_variance   | 0.359       |
|    learning_rate        | 0.0003      |
|    loss                 | -0.0847     |
|    n_updates            | 580         |
|    policy_gradient_loss | -0.0514     |
|    std                  | 0.719       |
|    value_loss           | 0.00566     |
-----------------------------------------
----------------------------------------
| rollout/                |            |
|    ep_len_mean          | 241        |
|    ep_rew_mean          | -3.4e+03   |
| time/                   |            |
|    fps                  | 168        |
|    iterations           | 60         |
|    time_elapsed         | 1093       |
|    total_timesteps      | 184320     |
| train/                  |            |
|    approx_kl            | 0.02850358 |
|    clip_fraction        | 0.216      |
|    clip_range           | 0.2        |
|    entropy_loss         | -2.16      |
|    explained_variance   | 0.721      |
|    learning_rate        | 0.0003     |
|    loss                 | -0.0892    |
|    n_updates            | 590        |
|    policy_gradient_loss | -0.0526    |
|    std                  | 0.714      |
|    value_loss           | 0.00724    |
----------------------------------------
-----------------------------------------
| rollout/                |             |
|    ep_len_mean          | 241         |
|    ep_rew_mean          | -3.65e+03   |
| time/                   |             |
|    fps                  | 168         |
|    iterations           | 61          |
|    time_elapsed         | 1112        |
|    total_timesteps      | 187392      |
| train/                  |             |
|    approx_kl            | 0.028531007 |
|    clip_fraction        | 0.218       |
|    clip_range           | 0.2         |
|    entropy_loss         | -2.15       |
|    explained_variance   | 0.789       |
|    learning_rate        | 0.0003      |
|    loss                 | -0.0851     |
|    n_updates            | 600         |
|    policy_gradient_loss | -0.0518     |
|    std                  | 0.708       |
|    value_loss           | 0.00661     |
-----------------------------------------
-----------------------------------------
| rollout/                |             |
|    ep_len_mean          | 241         |
|    ep_rew_mean          | -3.67e+03   |
| time/                   |             |
|    fps                  | 168         |
|    iterations           | 62          |
|    time_elapsed         | 1131        |
|    total_timesteps      | 190464      |
| train/                  |             |
|    approx_kl            | 0.031192182 |
|    clip_fraction        | 0.222       |
|    clip_range           | 0.2         |
|    entropy_loss         | -2.13       |
|    explained_variance   | 0.873       |
|    learning_rate        | 0.0003      |
|    loss                 | -0.083      |
|    n_updates            | 610         |
|    policy_gradient_loss | -0.0533     |
|    std                  | 0.706       |
|    value_loss           | 0.00902     |
-----------------------------------------
-----------------------------------------
| rollout/                |             |
|    ep_len_mean          | 241         |
|    ep_rew_mean          | -3.66e+03   |
| time/                   |             |
|    fps                  | 168         |
|    iterations           | 63          |
|    time_elapsed         | 1150        |
|    total_timesteps      | 193536      |
| train/                  |             |
|    approx_kl            | 0.027041407 |
|    clip_fraction        | 0.213       |
|    clip_range           | 0.2         |
|    entropy_loss         | -2.13       |
|    explained_variance   | 0.831       |
|    learning_rate        | 0.0003      |
|    loss                 | -0.0864     |
|    n_updates            | 620         |
|    policy_gradient_loss | -0.0462     |
|    std                  | 0.704       |
|    value_loss           | 0.00953     |
-----------------------------------------
-----------------------------------------
| rollout/                |             |
|    ep_len_mean          | 241         |
|    ep_rew_mean          | -3.67e+03   |
| time/                   |             |
|    fps                  | 168         |
|    iterations           | 64          |
|    time_elapsed         | 1168        |
|    total_timesteps      | 196608      |
| train/                  |             |
|    approx_kl            | 0.030684715 |
|    clip_fraction        | 0.218       |
|    clip_range           | 0.2         |
|    entropy_loss         | -2.12       |
|    explained_variance   | 0.882       |
|    learning_rate        | 0.0003      |
|    loss                 | -0.0803     |
|    n_updates            | 630         |
|    policy_gradient_loss | -0.0532     |
|    std                  | 0.697       |
|    value_loss           | 0.00979     |
-----------------------------------------
-----------------------------------------
| rollout/                |             |
|    ep_len_mean          | 241         |
|    ep_rew_mean          | -3.58e+03   |
| time/                   |             |
|    fps                  | 168         |
|    iterations           | 65          |
|    time_elapsed         | 1187        |
|    total_timesteps      | 199680      |
| train/                  |             |
|    approx_kl            | 0.029568551 |
|    clip_fraction        | 0.213       |
|    clip_range           | 0.2         |
|    entropy_loss         | -2.09       |
|    explained_variance   | 0.894       |
|    learning_rate        | 0.0003      |
|    loss                 | -0.0856     |
|    n_updates            | 640         |
|    policy_gradient_loss | -0.0526     |
|    std                  | 0.691       |
|    value_loss           | 0.0107      |
-----------------------------------------
-----------------------------------------
| rollout/                |             |
|    ep_len_mean          | 241         |
|    ep_rew_mean          | -3.49e+03   |
| time/                   |             |
|    fps                  | 168         |
|    iterations           | 66          |
|    time_elapsed         | 1205        |
|    total_timesteps      | 202752      |
| train/                  |             |
|    approx_kl            | 0.028984487 |
|    clip_fraction        | 0.224       |
|    clip_range           | 0.2         |
|    entropy_loss         | -2.08       |
|    explained_variance   | 0.883       |
|    learning_rate        | 0.0003      |
|    loss                 | -0.0842     |
|    n_updates            | 650         |
|    policy_gradient_loss | -0.0532     |
|    std                  | 0.687       |
|    value_loss           | 0.00813     |
-----------------------------------------
-----------------------------------------
| rollout/                |             |
|    ep_len_mean          | 241         |
|    ep_rew_mean          | -3.34e+03   |
| time/                   |             |
|    fps                  | 168         |
|    iterations           | 67          |
|    time_elapsed         | 1224        |
|    total_timesteps      | 205824      |
| train/                  |             |
|    approx_kl            | 0.028011315 |
|    clip_fraction        | 0.23        |
|    clip_range           | 0.2         |
|    entropy_loss         | -2.07       |
|    explained_variance   | 0.751       |
|    learning_rate        | 0.0003      |
|    loss                 | -0.0851     |
|    n_updates            | 660         |
|    policy_gradient_loss | -0.0483     |
|    std                  | 0.682       |
|    value_loss           | 0.00789     |
-----------------------------------------
-----------------------------------------
| rollout/                |             |
|    ep_len_mean          | 241         |
|    ep_rew_mean          | -3.28e+03   |
| time/                   |             |
|    fps                  | 167         |
|    iterations           | 68          |
|    time_elapsed         | 1243        |
|    total_timesteps      | 208896      |
| train/                  |             |
|    approx_kl            | 0.029411802 |
|    clip_fraction        | 0.225       |
|    clip_range           | 0.2         |
|    entropy_loss         | -2.05       |
|    explained_variance   | 0.725       |
|    learning_rate        | 0.0003      |
|    loss                 | -0.0866     |
|    n_updates            | 670         |
|    policy_gradient_loss | -0.0507     |
|    std                  | 0.679       |
|    value_loss           | 0.00704     |
-----------------------------------------
-----------------------------------------
| rollout/                |             |
|    ep_len_mean          | 241         |
|    ep_rew_mean          | -3.03e+03   |
| time/                   |             |
|    fps                  | 168         |
|    iterations           | 69          |
|    time_elapsed         | 1261        |
|    total_timesteps      | 211968      |
| train/                  |             |
|    approx_kl            | 0.033677213 |
|    clip_fraction        | 0.236       |
|    clip_range           | 0.2         |
|    entropy_loss         | -2.04       |
|    explained_variance   | 0.796       |
|    learning_rate        | 0.0003      |
|    loss                 | -0.0933     |
|    n_updates            | 680         |
|    policy_gradient_loss | -0.0538     |
|    std                  | 0.674       |
|    value_loss           | 0.00742     |
-----------------------------------------
-----------------------------------------
| rollout/                |             |
|    ep_len_mean          | 241         |
|    ep_rew_mean          | -3.04e+03   |
| time/                   |             |
|    fps                  | 168         |
|    iterations           | 70          |
|    time_elapsed         | 1279        |
|    total_timesteps      | 215040      |
| train/                  |             |
|    approx_kl            | 0.033478007 |
|    clip_fraction        | 0.242       |
|    clip_range           | 0.2         |
|    entropy_loss         | -2.02       |
|    explained_variance   | -0.136      |
|    learning_rate        | 0.0003      |
|    loss                 | -0.0913     |
|    n_updates            | 690         |
|    policy_gradient_loss | -0.0536     |
|    std                  | 0.668       |
|    value_loss           | 0.00485     |
-----------------------------------------
-----------------------------------------
| rollout/                |             |
|    ep_len_mean          | 241         |
|    ep_rew_mean          | -3.05e+03   |
| time/                   |             |
|    fps                  | 167         |
|    iterations           | 71          |
|    time_elapsed         | 1298        |
|    total_timesteps      | 218112      |
| train/                  |             |
|    approx_kl            | 0.031816702 |
|    clip_fraction        | 0.238       |
|    clip_range           | 0.2         |
|    entropy_loss         | -2          |
|    explained_variance   | -0.178      |
|    learning_rate        | 0.0003      |
|    loss                 | -0.0974     |
|    n_updates            | 700         |
|    policy_gradient_loss | -0.0563     |
|    std                  | 0.66        |
|    value_loss           | 0.00436     |
-----------------------------------------
-----------------------------------------
| rollout/                |             |
|    ep_len_mean          | 241         |
|    ep_rew_mean          | -3.12e+03   |
| time/                   |             |
|    fps                  | 167         |
|    iterations           | 72          |
|    time_elapsed         | 1316        |
|    total_timesteps      | 221184      |
| train/                  |             |
|    approx_kl            | 0.034053512 |
|    clip_fraction        | 0.236       |
|    clip_range           | 0.2         |
|    entropy_loss         | -1.98       |
|    explained_variance   | 0.0168      |
|    learning_rate        | 0.0003      |
|    loss                 | -0.0869     |
|    n_updates            | 710         |
|    policy_gradient_loss | -0.0527     |
|    std                  | 0.655       |
|    value_loss           | 0.00463     |
-----------------------------------------
-----------------------------------------
| rollout/                |             |
|    ep_len_mean          | 241         |
|    ep_rew_mean          | -3.35e+03   |
| time/                   |             |
|    fps                  | 167         |
|    iterations           | 73          |
|    time_elapsed         | 1335        |
|    total_timesteps      | 224256      |
| train/                  |             |
|    approx_kl            | 0.029528948 |
|    clip_fraction        | 0.227       |
|    clip_range           | 0.2         |
|    entropy_loss         | -1.97       |
|    explained_variance   | 0.541       |
|    learning_rate        | 0.0003      |
|    loss                 | -0.0961     |
|    n_updates            | 720         |
|    policy_gradient_loss | -0.0515     |
|    std                  | 0.65        |
|    value_loss           | 0.00665     |
-----------------------------------------
----------------------------------------
| rollout/                |            |
|    ep_len_mean          | 241        |
|    ep_rew_mean          | -3.28e+03  |
| time/                   |            |
|    fps                  | 167        |
|    iterations           | 74         |
|    time_elapsed         | 1353       |
|    total_timesteps      | 227328     |
| train/                  |            |
|    approx_kl            | 0.03750493 |
|    clip_fraction        | 0.224      |
|    clip_range           | 0.2        |
|    entropy_loss         | -1.95      |
|    explained_variance   | -0.103     |
|    learning_rate        | 0.0003     |
|    loss                 | -0.0791    |
|    n_updates            | 730        |
|    policy_gradient_loss | -0.0441    |
|    std                  | 0.644      |
|    value_loss           | 0.00866    |
----------------------------------------
-----------------------------------------
| rollout/                |             |
|    ep_len_mean          | 241         |
|    ep_rew_mean          | -3.17e+03   |
| time/                   |             |
|    fps                  | 167         |
|    iterations           | 75          |
|    time_elapsed         | 1372        |
|    total_timesteps      | 230400      |
| train/                  |             |
|    approx_kl            | 0.036830235 |
|    clip_fraction        | 0.255       |
|    clip_range           | 0.2         |
|    entropy_loss         | -1.93       |
|    explained_variance   | 0.604       |
|    learning_rate        | 0.0003      |
|    loss                 | -0.0894     |
|    n_updates            | 740         |
|    policy_gradient_loss | -0.0562     |
|    std                  | 0.638       |
|    value_loss           | 0.00278     |
-----------------------------------------
-----------------------------------------
| rollout/                |             |
|    ep_len_mean          | 241         |
|    ep_rew_mean          | -3.26e+03   |
| time/                   |             |
|    fps                  | 167         |
|    iterations           | 76          |
|    time_elapsed         | 1392        |
|    total_timesteps      | 233472      |
| train/                  |             |
|    approx_kl            | 0.030212304 |
|    clip_fraction        | 0.226       |
|    clip_range           | 0.2         |
|    entropy_loss         | -1.92       |
|    explained_variance   | 0.784       |
|    learning_rate        | 0.0003      |
|    loss                 | -0.0919     |
|    n_updates            | 750         |
|    policy_gradient_loss | -0.0508     |
|    std                  | 0.633       |
|    value_loss           | 0.00401     |
-----------------------------------------
-----------------------------------------
| rollout/                |             |
|    ep_len_mean          | 241         |
|    ep_rew_mean          | -3.27e+03   |
| time/                   |             |
|    fps                  | 167         |
|    iterations           | 77          |
|    time_elapsed         | 1410        |
|    total_timesteps      | 236544      |
| train/                  |             |
|    approx_kl            | 0.034305446 |
|    clip_fraction        | 0.243       |
|    clip_range           | 0.2         |
|    entropy_loss         | -1.9        |
|    explained_variance   | 0.747       |
|    learning_rate        | 0.0003      |
|    loss                 | -0.093      |
|    n_updates            | 760         |
|    policy_gradient_loss | -0.0558     |
|    std                  | 0.628       |
|    value_loss           | 0.00666     |
-----------------------------------------
----------------------------------------
| rollout/                |            |
|    ep_len_mean          | 241        |
|    ep_rew_mean          | -3.08e+03  |
| time/                   |            |
|    fps                  | 167        |
|    iterations           | 78         |
|    time_elapsed         | 1429       |
|    total_timesteps      | 239616     |
| train/                  |            |
|    approx_kl            | 0.03915006 |
|    clip_fraction        | 0.266      |
|    clip_range           | 0.2        |
|    entropy_loss         | -1.88      |
|    explained_variance   | 0.716      |
|    learning_rate        | 0.0003     |
|    loss                 | -0.0964    |
|    n_updates            | 770        |
|    policy_gradient_loss | -0.055     |
|    std                  | 0.621      |
|    value_loss           | 0.00588    |
----------------------------------------
----------------------------------------
| rollout/                |            |
|    ep_len_mean          | 241        |
|    ep_rew_mean          | -3.04e+03  |
| time/                   |            |
|    fps                  | 167        |
|    iterations           | 79         |
|    time_elapsed         | 1448       |
|    total_timesteps      | 242688     |
| train/                  |            |
|    approx_kl            | 0.03395066 |
|    clip_fraction        | 0.236      |
|    clip_range           | 0.2        |
|    entropy_loss         | -1.86      |
|    explained_variance   | 0.57       |
|    learning_rate        | 0.0003     |
|    loss                 | -0.0839    |
|    n_updates            | 780        |
|    policy_gradient_loss | -0.0535    |
|    std                  | 0.616      |
|    value_loss           | 0.00485    |
----------------------------------------
----------------------------------------
| rollout/                |            |
|    ep_len_mean          | 241        |
|    ep_rew_mean          | -2.97e+03  |
| time/                   |            |
|    fps                  | 167        |
|    iterations           | 80         |
|    time_elapsed         | 1466       |
|    total_timesteps      | 245760     |
| train/                  |            |
|    approx_kl            | 0.03392723 |
|    clip_fraction        | 0.234      |
|    clip_range           | 0.2        |
|    entropy_loss         | -1.85      |
|    explained_variance   | 0.669      |
|    learning_rate        | 0.0003     |
|    loss                 | -0.0878    |
|    n_updates            | 790        |
|    policy_gradient_loss | -0.0511    |
|    std                  | 0.612      |
|    value_loss           | 0.00448    |
----------------------------------------
-----------------------------------------
| rollout/                |             |
|    ep_len_mean          | 241         |
|    ep_rew_mean          | -2.82e+03   |
| time/                   |             |
|    fps                  | 167         |
|    iterations           | 81          |
|    time_elapsed         | 1484        |
|    total_timesteps      | 248832      |
| train/                  |             |
|    approx_kl            | 0.034141954 |
|    clip_fraction        | 0.234       |
|    clip_range           | 0.2         |
|    entropy_loss         | -1.83       |
|    explained_variance   | 0.732       |
|    learning_rate        | 0.0003      |
|    loss                 | -0.0848     |
|    n_updates            | 800         |
|    policy_gradient_loss | -0.0502     |
|    std                  | 0.61        |
|    value_loss           | 0.00544     |
-----------------------------------------
----------------------------------------
| rollout/                |            |
|    ep_len_mean          | 241        |
|    ep_rew_mean          | -3.02e+03  |
| time/                   |            |
|    fps                  | 167        |
|    iterations           | 82         |
|    time_elapsed         | 1502       |
|    total_timesteps      | 251904     |
| train/                  |            |
|    approx_kl            | 0.03762157 |
|    clip_fraction        | 0.247      |
|    clip_range           | 0.2        |
|    entropy_loss         | -1.83      |
|    explained_variance   | 0.804      |
|    learning_rate        | 0.0003     |
|    loss                 | -0.0957    |
|    n_updates            | 810        |
|    policy_gradient_loss | -0.0537    |
|    std                  | 0.606      |
|    value_loss           | 0.00465    |
----------------------------------------
-----------------------------------------
| rollout/                |             |
|    ep_len_mean          | 241         |
|    ep_rew_mean          | -3.09e+03   |
| time/                   |             |
|    fps                  | 167         |
|    iterations           | 83          |
|    time_elapsed         | 1521        |
|    total_timesteps      | 254976      |
| train/                  |             |
|    approx_kl            | 0.031393103 |
|    clip_fraction        | 0.24        |
|    clip_range           | 0.2         |
|    entropy_loss         | -1.82       |
|    explained_variance   | 0.837       |
|    learning_rate        | 0.0003      |
|    loss                 | -0.0803     |
|    n_updates            | 820         |
|    policy_gradient_loss | -0.0519     |
|    std                  | 0.604       |
|    value_loss           | 0.00898     |
-----------------------------------------
----------------------------------------
| rollout/                |            |
|    ep_len_mean          | 241        |
|    ep_rew_mean          | -3.25e+03  |
| time/                   |            |
|    fps                  | 167        |
|    iterations           | 84         |
|    time_elapsed         | 1539       |
|    total_timesteps      | 258048     |
| train/                  |            |
|    approx_kl            | 0.03465789 |
|    clip_fraction        | 0.243      |
|    clip_range           | 0.2        |
|    entropy_loss         | -1.81      |
|    explained_variance   | 0.792      |
|    learning_rate        | 0.0003     |
|    loss                 | -0.0906    |
|    n_updates            | 830        |
|    policy_gradient_loss | -0.0549    |
|    std                  | 0.602      |
|    value_loss           | 0.0056     |
----------------------------------------
---------------------------------------
| rollout/                |           |
|    ep_len_mean          | 241       |
|    ep_rew_mean          | -3.25e+03 |
| time/                   |           |
|    fps                  | 167       |
|    iterations           | 85        |
|    time_elapsed         | 1557      |
|    total_timesteps      | 261120    |
| train/                  |           |
|    approx_kl            | 0.0341455 |
|    clip_fraction        | 0.226     |
|    clip_range           | 0.2       |
|    entropy_loss         | -1.81     |
|    explained_variance   | 0.889     |
|    learning_rate        | 0.0003    |
|    loss                 | -0.0771   |
|    n_updates            | 840       |
|    policy_gradient_loss | -0.0507   |
|    std                  | 0.601     |
|    value_loss           | 0.0129    |
---------------------------------------
-----------------------------------------
| rollout/                |             |
|    ep_len_mean          | 241         |
|    ep_rew_mean          | -3.31e+03   |
| time/                   |             |
|    fps                  | 167         |
|    iterations           | 86          |
|    time_elapsed         | 1575        |
|    total_timesteps      | 264192      |
| train/                  |             |
|    approx_kl            | 0.038307205 |
|    clip_fraction        | 0.253       |
|    clip_range           | 0.2         |
|    entropy_loss         | -1.8        |
|    explained_variance   | 0.818       |
|    learning_rate        | 0.0003      |
|    loss                 | -0.0883     |
|    n_updates            | 850         |
|    policy_gradient_loss | -0.0569     |
|    std                  | 0.598       |
|    value_loss           | 0.00648     |
-----------------------------------------
----------------------------------------
| rollout/                |            |
|    ep_len_mean          | 241        |
|    ep_rew_mean          | -3.21e+03  |
| time/                   |            |
|    fps                  | 167        |
|    iterations           | 87         |
|    time_elapsed         | 1594       |
|    total_timesteps      | 267264     |
| train/                  |            |
|    approx_kl            | 0.03339776 |
|    clip_fraction        | 0.239      |
|    clip_range           | 0.2        |
|    entropy_loss         | -1.79      |
|    explained_variance   | 0.867      |
|    learning_rate        | 0.0003     |
|    loss                 | -0.0967    |
|    n_updates            | 860        |
|    policy_gradient_loss | -0.0546    |
|    std                  | 0.594      |
|    value_loss           | 0.00478    |
----------------------------------------
-----------------------------------------
| rollout/                |             |
|    ep_len_mean          | 241         |
|    ep_rew_mean          | -3.25e+03   |
| time/                   |             |
|    fps                  | 167         |
|    iterations           | 88          |
|    time_elapsed         | 1613        |
|    total_timesteps      | 270336      |
| train/                  |             |
|    approx_kl            | 0.035065684 |
|    clip_fraction        | 0.238       |
|    clip_range           | 0.2         |
|    entropy_loss         | -1.77       |
|    explained_variance   | 0.6         |
|    learning_rate        | 0.0003      |
|    loss                 | -0.0792     |
|    n_updates            | 870         |
|    policy_gradient_loss | -0.0472     |
|    std                  | 0.591       |
|    value_loss           | 0.00439     |
-----------------------------------------
-----------------------------------------
| rollout/                |             |
|    ep_len_mean          | 241         |
|    ep_rew_mean          | -3.1e+03    |
| time/                   |             |
|    fps                  | 167         |
|    iterations           | 89          |
|    time_elapsed         | 1633        |
|    total_timesteps      | 273408      |
| train/                  |             |
|    approx_kl            | 0.038913146 |
|    clip_fraction        | 0.259       |
|    clip_range           | 0.2         |
|    entropy_loss         | -1.76       |
|    explained_variance   | 0.877       |
|    learning_rate        | 0.0003      |
|    loss                 | -0.0916     |
|    n_updates            | 880         |
|    policy_gradient_loss | -0.0544     |
|    std                  | 0.586       |
|    value_loss           | 0.00795     |
-----------------------------------------
----------------------------------------
| rollout/                |            |
|    ep_len_mean          | 241        |
|    ep_rew_mean          | -3.1e+03   |
| time/                   |            |
|    fps                  | 167        |
|    iterations           | 90         |
|    time_elapsed         | 1652       |
|    total_timesteps      | 276480     |
| train/                  |            |
|    approx_kl            | 0.03414124 |
|    clip_fraction        | 0.244      |
|    clip_range           | 0.2        |
|    entropy_loss         | -1.74      |
|    explained_variance   | 0.73       |
|    learning_rate        | 0.0003     |
|    loss                 | -0.0908    |
|    n_updates            | 890        |
|    policy_gradient_loss | -0.0523    |
|    std                  | 0.584      |
|    value_loss           | 0.00639    |
----------------------------------------
-----------------------------------------
| rollout/                |             |
|    ep_len_mean          | 241         |
|    ep_rew_mean          | -2.87e+03   |
| time/                   |             |
|    fps                  | 167         |
|    iterations           | 91          |
|    time_elapsed         | 1670        |
|    total_timesteps      | 279552      |
| train/                  |             |
|    approx_kl            | 0.034294385 |
|    clip_fraction        | 0.253       |
|    clip_range           | 0.2         |
|    entropy_loss         | -1.73       |
|    explained_variance   | 0.876       |
|    learning_rate        | 0.0003      |
|    loss                 | -0.0841     |
|    n_updates            | 900         |
|    policy_gradient_loss | -0.0514     |
|    std                  | 0.581       |
|    value_loss           | 0.00915     |
-----------------------------------------
----------------------------------------
| rollout/                |            |
|    ep_len_mean          | 241        |
|    ep_rew_mean          | -2.72e+03  |
| time/                   |            |
|    fps                  | 167        |
|    iterations           | 92         |
|    time_elapsed         | 1689       |
|    total_timesteps      | 282624     |
| train/                  |            |
|    approx_kl            | 0.03966114 |
|    clip_fraction        | 0.255      |
|    clip_range           | 0.2        |
|    entropy_loss         | -1.72      |
|    explained_variance   | 0.627      |
|    learning_rate        | 0.0003     |
|    loss                 | -0.0895    |
|    n_updates            | 910        |
|    policy_gradient_loss | -0.0563    |
|    std                  | 0.575      |
|    value_loss           | 0.00453    |
----------------------------------------
-----------------------------------------
| rollout/                |             |
|    ep_len_mean          | 241         |
|    ep_rew_mean          | -2.71e+03   |
| time/                   |             |
|    fps                  | 167         |
|    iterations           | 93          |
|    time_elapsed         | 1708        |
|    total_timesteps      | 285696      |
| train/                  |             |
|    approx_kl            | 0.039162453 |
|    clip_fraction        | 0.246       |
|    clip_range           | 0.2         |
|    entropy_loss         | -1.71       |
|    explained_variance   | 0.765       |
|    learning_rate        | 0.0003      |
|    loss                 | -0.0923     |
|    n_updates            | 920         |
|    policy_gradient_loss | -0.055      |
|    std                  | 0.572       |
|    value_loss           | 0.00433     |
-----------------------------------------
-----------------------------------------
| rollout/                |             |
|    ep_len_mean          | 241         |
|    ep_rew_mean          | -2.67e+03   |
| time/                   |             |
|    fps                  | 167         |
|    iterations           | 94          |
|    time_elapsed         | 1726        |
|    total_timesteps      | 288768      |
| train/                  |             |
|    approx_kl            | 0.040791225 |
|    clip_fraction        | 0.274       |
|    clip_range           | 0.2         |
|    entropy_loss         | -1.69       |
|    explained_variance   | 0.867       |
|    learning_rate        | 0.0003      |
|    loss                 | -0.0959     |
|    n_updates            | 930         |
|    policy_gradient_loss | -0.0569     |
|    std                  | 0.567       |
|    value_loss           | 0.00501     |
-----------------------------------------
-----------------------------------------
| rollout/                |             |
|    ep_len_mean          | 241         |
|    ep_rew_mean          | -2.69e+03   |
| time/                   |             |
|    fps                  | 167         |
|    iterations           | 95          |
|    time_elapsed         | 1745        |
|    total_timesteps      | 291840      |
| train/                  |             |
|    approx_kl            | 0.038541127 |
|    clip_fraction        | 0.271       |
|    clip_range           | 0.2         |
|    entropy_loss         | -1.67       |
|    explained_variance   | 0.782       |
|    learning_rate        | 0.0003      |
|    loss                 | -0.094      |
|    n_updates            | 940         |
|    policy_gradient_loss | -0.0539     |
|    std                  | 0.563       |
|    value_loss           | 0.00526     |
-----------------------------------------
----------------------------------------
| rollout/                |            |
|    ep_len_mean          | 241        |
|    ep_rew_mean          | -2.61e+03  |
| time/                   |            |
|    fps                  | 167        |
|    iterations           | 96         |
|    time_elapsed         | 1763       |
|    total_timesteps      | 294912     |
| train/                  |            |
|    approx_kl            | 0.04014668 |
|    clip_fraction        | 0.265      |
|    clip_range           | 0.2        |
|    entropy_loss         | -1.66      |
|    explained_variance   | 0.738      |
|    learning_rate        | 0.0003     |
|    loss                 | -0.0883    |
|    n_updates            | 950        |
|    policy_gradient_loss | -0.0537    |
|    std                  | 0.559      |
|    value_loss           | 0.00447    |
----------------------------------------
-----------------------------------------
| rollout/                |             |
|    ep_len_mean          | 241         |
|    ep_rew_mean          | -2.58e+03   |
| time/                   |             |
|    fps                  | 167         |
|    iterations           | 97          |
|    time_elapsed         | 1781        |
|    total_timesteps      | 297984      |
| train/                  |             |
|    approx_kl            | 0.036012124 |
|    clip_fraction        | 0.257       |
|    clip_range           | 0.2         |
|    entropy_loss         | -1.65       |
|    explained_variance   | 0.808       |
|    learning_rate        | 0.0003      |
|    loss                 | -0.091      |
|    n_updates            | 960         |
|    policy_gradient_loss | -0.0543     |
|    std                  | 0.556       |
|    value_loss           | 0.00555     |
-----------------------------------------
-----------------------------------------
| rollout/                |             |
|    ep_len_mean          | 241         |
|    ep_rew_mean          | -2.46e+03   |
| time/                   |             |
|    fps                  | 167         |
|    iterations           | 98          |
|    time_elapsed         | 1798        |
|    total_timesteps      | 301056      |
| train/                  |             |
|    approx_kl            | 0.046393886 |
|    clip_fraction        | 0.283       |
|    clip_range           | 0.2         |
|    entropy_loss         | -1.63       |
|    explained_variance   | 0.866       |
|    learning_rate        | 0.0003      |
|    loss                 | -0.0934     |
|    n_updates            | 970         |
|    policy_gradient_loss | -0.0584     |
|    std                  | 0.549       |
|    value_loss           | 0.00506     |
-----------------------------------------
-----------------------------------------
| rollout/                |             |
|    ep_len_mean          | 241         |
|    ep_rew_mean          | -2.45e+03   |
| time/                   |             |
|    fps                  | 167         |
|    iterations           | 99          |
|    time_elapsed         | 1816        |
|    total_timesteps      | 304128      |
| train/                  |             |
|    approx_kl            | 0.038960088 |
|    clip_fraction        | 0.276       |
|    clip_range           | 0.2         |
|    entropy_loss         | -1.61       |
|    explained_variance   | 0.767       |
|    learning_rate        | 0.0003      |
|    loss                 | -0.0797     |
|    n_updates            | 980         |
|    policy_gradient_loss | -0.0519     |
|    std                  | 0.543       |
|    value_loss           | 0.00337     |
-----------------------------------------
-----------------------------------------
| rollout/                |             |
|    ep_len_mean          | 241         |
|    ep_rew_mean          | -2.4e+03    |
| time/                   |             |
|    fps                  | 167         |
|    iterations           | 100         |
|    time_elapsed         | 1834        |
|    total_timesteps      | 307200      |
| train/                  |             |
|    approx_kl            | 0.035109717 |
|    clip_fraction        | 0.258       |
|    clip_range           | 0.2         |
|    entropy_loss         | -1.59       |
|    explained_variance   | 0.796       |
|    learning_rate        | 0.0003      |
|    loss                 | -0.0841     |
|    n_updates            | 990         |
|    policy_gradient_loss | -0.0473     |
|    std                  | 0.54        |
|    value_loss           | 0.00394     |
-----------------------------------------
----------------------------------------
| rollout/                |            |
|    ep_len_mean          | 241        |
|    ep_rew_mean          | -2.27e+03  |
| time/                   |            |
|    fps                  | 167        |
|    iterations           | 101        |
|    time_elapsed         | 1853       |
|    total_timesteps      | 310272     |
| train/                  |            |
|    approx_kl            | 0.04349379 |
|    clip_fraction        | 0.286      |
|    clip_range           | 0.2        |
|    entropy_loss         | -1.57      |
|    explained_variance   | 0.696      |
|    learning_rate        | 0.0003     |
|    loss                 | -0.0919    |
|    n_updates            | 1000       |
|    policy_gradient_loss | -0.0551    |
|    std                  | 0.536      |
|    value_loss           | 0.00274    |
----------------------------------------
-----------------------------------------
| rollout/                |             |
|    ep_len_mean          | 241         |
|    ep_rew_mean          | -2.19e+03   |
| time/                   |             |
|    fps                  | 167         |
|    iterations           | 102         |
|    time_elapsed         | 1872        |
|    total_timesteps      | 313344      |
| train/                  |             |
|    approx_kl            | 0.037766702 |
|    clip_fraction        | 0.265       |
|    clip_range           | 0.2         |
|    entropy_loss         | -1.56       |
|    explained_variance   | 0.811       |
|    learning_rate        | 0.0003      |
|    loss                 | -0.0924     |
|    n_updates            | 1010        |
|    policy_gradient_loss | -0.0521     |
|    std                  | 0.533       |
|    value_loss           | 0.00281     |
-----------------------------------------
-----------------------------------------
| rollout/                |             |
|    ep_len_mean          | 241         |
|    ep_rew_mean          | -2.14e+03   |
| time/                   |             |
|    fps                  | 167         |
|    iterations           | 103         |
|    time_elapsed         | 1889        |
|    total_timesteps      | 316416      |
| train/                  |             |
|    approx_kl            | 0.042035952 |
|    clip_fraction        | 0.284       |
|    clip_range           | 0.2         |
|    entropy_loss         | -1.55       |
|    explained_variance   | 0.82        |
|    learning_rate        | 0.0003      |
|    loss                 | -0.0958     |
|    n_updates            | 1020        |
|    policy_gradient_loss | -0.0578     |
|    std                  | 0.53        |
|    value_loss           | 0.0026      |
-----------------------------------------
----------------------------------------
| rollout/                |            |
|    ep_len_mean          | 241        |
|    ep_rew_mean          | -2.06e+03  |
| time/                   |            |
|    fps                  | 167        |
|    iterations           | 104        |
|    time_elapsed         | 1906       |
|    total_timesteps      | 319488     |
| train/                  |            |
|    approx_kl            | 0.04470718 |
|    clip_fraction        | 0.286      |
|    clip_range           | 0.2        |
|    entropy_loss         | -1.54      |
|    explained_variance   | 0.844      |
|    learning_rate        | 0.0003     |
|    loss                 | -0.0858    |
|    n_updates            | 1030       |
|    policy_gradient_loss | -0.0538    |
|    std                  | 0.526      |
|    value_loss           | 0.00439    |
----------------------------------------
-----------------------------------------
| rollout/                |             |
|    ep_len_mean          | 241         |
|    ep_rew_mean          | -1.99e+03   |
| time/                   |             |
|    fps                  | 167         |
|    iterations           | 105         |
|    time_elapsed         | 1924        |
|    total_timesteps      | 322560      |
| train/                  |             |
|    approx_kl            | 0.040123787 |
|    clip_fraction        | 0.262       |
|    clip_range           | 0.2         |
|    entropy_loss         | -1.52       |
|    explained_variance   | 0.861       |
|    learning_rate        | 0.0003      |
|    loss                 | -0.0922     |
|    n_updates            | 1040        |
|    policy_gradient_loss | -0.0503     |
|    std                  | 0.522       |
|    value_loss           | 0.005       |
-----------------------------------------
-----------------------------------------
| rollout/                |             |
|    ep_len_mean          | 241         |
|    ep_rew_mean          | -2e+03      |
| time/                   |             |
|    fps                  | 167         |
|    iterations           | 106         |
|    time_elapsed         | 1943        |
|    total_timesteps      | 325632      |
| train/                  |             |
|    approx_kl            | 0.043588597 |
|    clip_fraction        | 0.283       |
|    clip_range           | 0.2         |
|    entropy_loss         | -1.51       |
|    explained_variance   | 0.915       |
|    learning_rate        | 0.0003      |
|    loss                 | -0.0815     |
|    n_updates            | 1050        |
|    policy_gradient_loss | -0.0521     |
|    std                  | 0.518       |
|    value_loss           | 0.00403     |
-----------------------------------------
-----------------------------------------
| rollout/                |             |
|    ep_len_mean          | 241         |
|    ep_rew_mean          | -1.91e+03   |
| time/                   |             |
|    fps                  | 167         |
|    iterations           | 107         |
|    time_elapsed         | 1961        |
|    total_timesteps      | 328704      |
| train/                  |             |
|    approx_kl            | 0.041448798 |
|    clip_fraction        | 0.284       |
|    clip_range           | 0.2         |
|    entropy_loss         | -1.5        |
|    explained_variance   | 0.937       |
|    learning_rate        | 0.0003      |
|    loss                 | -0.079      |
|    n_updates            | 1060        |
|    policy_gradient_loss | -0.0469     |
|    std                  | 0.517       |
|    value_loss           | 0.00521     |
-----------------------------------------
----------------------------------------
| rollout/                |            |
|    ep_len_mean          | 241        |
|    ep_rew_mean          | -1.88e+03  |
| time/                   |            |
|    fps                  | 167        |
|    iterations           | 108        |
|    time_elapsed         | 1979       |
|    total_timesteps      | 331776     |
| train/                  |            |
|    approx_kl            | 0.04326449 |
|    clip_fraction        | 0.276      |
|    clip_range           | 0.2        |
|    entropy_loss         | -1.49      |
|    explained_variance   | 0.879      |
|    learning_rate        | 0.0003     |
|    loss                 | -0.0736    |
|    n_updates            | 1070       |
|    policy_gradient_loss | -0.0511    |
|    std                  | 0.515      |
|    value_loss           | 0.00354    |
----------------------------------------
-----------------------------------------
| rollout/                |             |
|    ep_len_mean          | 241         |
|    ep_rew_mean          | -1.88e+03   |
| time/                   |             |
|    fps                  | 167         |
|    iterations           | 109         |
|    time_elapsed         | 1997        |
|    total_timesteps      | 334848      |
| train/                  |             |
|    approx_kl            | 0.042211946 |
|    clip_fraction        | 0.271       |
|    clip_range           | 0.2         |
|    entropy_loss         | -1.48       |
|    explained_variance   | 0.557       |
|    learning_rate        | 0.0003      |
|    loss                 | -0.0873     |
|    n_updates            | 1080        |
|    policy_gradient_loss | -0.0536     |
|    std                  | 0.513       |
|    value_loss           | 0.00259     |
-----------------------------------------
-----------------------------------------
| rollout/                |             |
|    ep_len_mean          | 241         |
|    ep_rew_mean          | -1.82e+03   |
| time/                   |             |
|    fps                  | 167         |
|    iterations           | 110         |
|    time_elapsed         | 2015        |
|    total_timesteps      | 337920      |
| train/                  |             |
|    approx_kl            | 0.046046793 |
|    clip_fraction        | 0.28        |
|    clip_range           | 0.2         |
|    entropy_loss         | -1.47       |
|    explained_variance   | 0.827       |
|    learning_rate        | 0.0003      |
|    loss                 | -0.0928     |
|    n_updates            | 1090        |
|    policy_gradient_loss | -0.0552     |
|    std                  | 0.509       |
|    value_loss           | 0.00363     |
-----------------------------------------
-----------------------------------------
| rollout/                |             |
|    ep_len_mean          | 241         |
|    ep_rew_mean          | -1.86e+03   |
| time/                   |             |
|    fps                  | 167         |
|    iterations           | 111         |
|    time_elapsed         | 2033        |
|    total_timesteps      | 340992      |
| train/                  |             |
|    approx_kl            | 0.045398552 |
|    clip_fraction        | 0.29        |
|    clip_range           | 0.2         |
|    entropy_loss         | -1.45       |
|    explained_variance   | 0.569       |
|    learning_rate        | 0.0003      |
|    loss                 | -0.094      |
|    n_updates            | 1100        |
|    policy_gradient_loss | -0.0535     |
|    std                  | 0.505       |
|    value_loss           | 0.00197     |
-----------------------------------------
-----------------------------------------
| rollout/                |             |
|    ep_len_mean          | 241         |
|    ep_rew_mean          | -1.76e+03   |
| time/                   |             |
|    fps                  | 167         |
|    iterations           | 112         |
|    time_elapsed         | 2051        |
|    total_timesteps      | 344064      |
| train/                  |             |
|    approx_kl            | 0.043282975 |
|    clip_fraction        | 0.272       |
|    clip_range           | 0.2         |
|    entropy_loss         | -1.44       |
|    explained_variance   | 0.702       |
|    learning_rate        | 0.0003      |
|    loss                 | -0.0816     |
|    n_updates            | 1110        |
|    policy_gradient_loss | -0.049      |
|    std                  | 0.502       |
|    value_loss           | 0.00275     |
-----------------------------------------
---------------------------------------
| rollout/                |           |
|    ep_len_mean          | 241       |
|    ep_rew_mean          | -1.74e+03 |
| time/                   |           |
|    fps                  | 167       |
|    iterations           | 113       |
|    time_elapsed         | 2069      |
|    total_timesteps      | 347136    |
| train/                  |           |
|    approx_kl            | 0.0420581 |
|    clip_fraction        | 0.288     |
|    clip_range           | 0.2       |
|    entropy_loss         | -1.43     |
|    explained_variance   | 0.871     |
|    learning_rate        | 0.0003    |
|    loss                 | -0.0852   |
|    n_updates            | 1120      |
|    policy_gradient_loss | -0.0479   |
|    std                  | 0.498     |
|    value_loss           | 0.00272   |
---------------------------------------
-----------------------------------------
| rollout/                |             |
|    ep_len_mean          | 241         |
|    ep_rew_mean          | -1.65e+03   |
| time/                   |             |
|    fps                  | 167         |
|    iterations           | 114         |
|    time_elapsed         | 2088        |
|    total_timesteps      | 350208      |
| train/                  |             |
|    approx_kl            | 0.046304647 |
|    clip_fraction        | 0.294       |
|    clip_range           | 0.2         |
|    entropy_loss         | -1.41       |
|    explained_variance   | 0.862       |
|    learning_rate        | 0.0003      |
|    loss                 | -0.0711     |
|    n_updates            | 1130        |
|    policy_gradient_loss | -0.0463     |
|    std                  | 0.495       |
|    value_loss           | 0.00444     |
-----------------------------------------
-----------------------------------------
| rollout/                |             |
|    ep_len_mean          | 241         |
|    ep_rew_mean          | -1.64e+03   |
| time/                   |             |
|    fps                  | 167         |
|    iterations           | 115         |
|    time_elapsed         | 2106        |
|    total_timesteps      | 353280      |
| train/                  |             |
|    approx_kl            | 0.043949295 |
|    clip_fraction        | 0.284       |
|    clip_range           | 0.2         |
|    entropy_loss         | -1.39       |
|    explained_variance   | 0.358       |
|    learning_rate        | 0.0003      |
|    loss                 | -0.0898     |
|    n_updates            | 1140        |
|    policy_gradient_loss | -0.0562     |
|    std                  | 0.49        |
|    value_loss           | 0.00182     |
-----------------------------------------
-----------------------------------------
| rollout/                |             |
|    ep_len_mean          | 241         |
|    ep_rew_mean          | -1.64e+03   |
| time/                   |             |
|    fps                  | 167         |
|    iterations           | 116         |
|    time_elapsed         | 2125        |
|    total_timesteps      | 356352      |
| train/                  |             |
|    approx_kl            | 0.043660145 |
|    clip_fraction        | 0.295       |
|    clip_range           | 0.2         |
|    entropy_loss         | -1.37       |
|    explained_variance   | 0.793       |
|    learning_rate        | 0.0003      |
|    loss                 | -0.0989     |
|    n_updates            | 1150        |
|    policy_gradient_loss | -0.056      |
|    std                  | 0.486       |
|    value_loss           | 0.00232     |
-----------------------------------------
----------------------------------------
| rollout/                |            |
|    ep_len_mean          | 241        |
|    ep_rew_mean          | -1.6e+03   |
| time/                   |            |
|    fps                  | 167        |
|    iterations           | 117        |
|    time_elapsed         | 2143       |
|    total_timesteps      | 359424     |
| train/                  |            |
|    approx_kl            | 0.04729173 |
|    clip_fraction        | 0.286      |
|    clip_range           | 0.2        |
|    entropy_loss         | -1.36      |
|    explained_variance   | 0.646      |
|    learning_rate        | 0.0003     |
|    loss                 | -0.0834    |
|    n_updates            | 1160       |
|    policy_gradient_loss | -0.0506    |
|    std                  | 0.481      |
|    value_loss           | 0.00297    |
----------------------------------------
-----------------------------------------
| rollout/                |             |
|    ep_len_mean          | 241         |
|    ep_rew_mean          | -1.62e+03   |
| time/                   |             |
|    fps                  | 167         |
|    iterations           | 118         |
|    time_elapsed         | 2161        |
|    total_timesteps      | 362496      |
| train/                  |             |
|    approx_kl            | 0.051004756 |
|    clip_fraction        | 0.314       |
|    clip_range           | 0.2         |
|    entropy_loss         | -1.34       |
|    explained_variance   | 0.48        |
|    learning_rate        | 0.0003      |
|    loss                 | -0.0946     |
|    n_updates            | 1170        |
|    policy_gradient_loss | -0.0596     |
|    std                  | 0.477       |
|    value_loss           | 0.00143     |
-----------------------------------------
-----------------------------------------
| rollout/                |             |
|    ep_len_mean          | 241         |
|    ep_rew_mean          | -1.58e+03   |
| time/                   |             |
|    fps                  | 167         |
|    iterations           | 119         |
|    time_elapsed         | 2179        |
|    total_timesteps      | 365568      |
| train/                  |             |
|    approx_kl            | 0.049238216 |
|    clip_fraction        | 0.303       |
|    clip_range           | 0.2         |
|    entropy_loss         | -1.32       |
|    explained_variance   | 0.745       |
|    learning_rate        | 0.0003      |
|    loss                 | -0.0968     |
|    n_updates            | 1180        |
|    policy_gradient_loss | -0.0581     |
|    std                  | 0.473       |
|    value_loss           | 0.00139     |
-----------------------------------------
-----------------------------------------
| rollout/                |             |
|    ep_len_mean          | 241         |
|    ep_rew_mean          | -1.57e+03   |
| time/                   |             |
|    fps                  | 167         |
|    iterations           | 120         |
|    time_elapsed         | 2198        |
|    total_timesteps      | 368640      |
| train/                  |             |
|    approx_kl            | 0.043920908 |
|    clip_fraction        | 0.283       |
|    clip_range           | 0.2         |
|    entropy_loss         | -1.3        |
|    explained_variance   | 0.574       |
|    learning_rate        | 0.0003      |
|    loss                 | -0.085      |
|    n_updates            | 1190        |
|    policy_gradient_loss | -0.0476     |
|    std                  | 0.469       |
|    value_loss           | 0.00215     |
-----------------------------------------
----------------------------------------
| rollout/                |            |
|    ep_len_mean          | 241        |
|    ep_rew_mean          | -1.45e+03  |
| time/                   |            |
|    fps                  | 167        |
|    iterations           | 121        |
|    time_elapsed         | 2216       |
|    total_timesteps      | 371712     |
| train/                  |            |
|    approx_kl            | 0.05070747 |
|    clip_fraction        | 0.305      |
|    clip_range           | 0.2        |
|    entropy_loss         | -1.29      |
|    explained_variance   | 0.714      |
|    learning_rate        | 0.0003     |
|    loss                 | -0.0944    |
|    n_updates            | 1200       |
|    policy_gradient_loss | -0.0574    |
|    std                  | 0.467      |
|    value_loss           | 0.00145    |
----------------------------------------
-----------------------------------------
| rollout/                |             |
|    ep_len_mean          | 241         |
|    ep_rew_mean          | -1.42e+03   |
| time/                   |             |
|    fps                  | 167         |
|    iterations           | 122         |
|    time_elapsed         | 2234        |
|    total_timesteps      | 374784      |
| train/                  |             |
|    approx_kl            | 0.045207053 |
|    clip_fraction        | 0.29        |
|    clip_range           | 0.2         |
|    entropy_loss         | -1.28       |
|    explained_variance   | 0.606       |
|    learning_rate        | 0.0003      |
|    loss                 | -0.0954     |
|    n_updates            | 1210        |
|    policy_gradient_loss | -0.0572     |
|    std                  | 0.464       |
|    value_loss           | 0.000883    |
-----------------------------------------
----------------------------------------
| rollout/                |            |
|    ep_len_mean          | 241        |
|    ep_rew_mean          | -1.38e+03  |
| time/                   |            |
|    fps                  | 167        |
|    iterations           | 123        |
|    time_elapsed         | 2252       |
|    total_timesteps      | 377856     |
| train/                  |            |
|    approx_kl            | 0.05140381 |
|    clip_fraction        | 0.292      |
|    clip_range           | 0.2        |
|    entropy_loss         | -1.26      |
|    explained_variance   | 0.653      |
|    learning_rate        | 0.0003     |
|    loss                 | -0.0793    |
|    n_updates            | 1220       |
|    policy_gradient_loss | -0.0519    |
|    std                  | 0.461      |
|    value_loss           | 0.00122    |
----------------------------------------
-----------------------------------------
| rollout/                |             |
|    ep_len_mean          | 241         |
|    ep_rew_mean          | -1.37e+03   |
| time/                   |             |
|    fps                  | 167         |
|    iterations           | 124         |
|    time_elapsed         | 2270        |
|    total_timesteps      | 380928      |
| train/                  |             |
|    approx_kl            | 0.053971022 |
|    clip_fraction        | 0.301       |
|    clip_range           | 0.2         |
|    entropy_loss         | -1.25       |
|    explained_variance   | 0.796       |
|    learning_rate        | 0.0003      |
|    loss                 | -0.0914     |
|    n_updates            | 1230        |
|    policy_gradient_loss | -0.0569     |
|    std                  | 0.457       |
|    value_loss           | 0.00111     |
-----------------------------------------
-----------------------------------------
| rollout/                |             |
|    ep_len_mean          | 241         |
|    ep_rew_mean          | -1.37e+03   |
| time/                   |             |
|    fps                  | 167         |
|    iterations           | 125         |
|    time_elapsed         | 2288        |
|    total_timesteps      | 384000      |
| train/                  |             |
|    approx_kl            | 0.051922426 |
|    clip_fraction        | 0.311       |
|    clip_range           | 0.2         |
|    entropy_loss         | -1.23       |
|    explained_variance   | 0.692       |
|    learning_rate        | 0.0003      |
|    loss                 | -0.0869     |
|    n_updates            | 1240        |
|    policy_gradient_loss | -0.0621     |
|    std                  | 0.451       |
|    value_loss           | 0.000866    |
-----------------------------------------
-----------------------------------------
| rollout/                |             |
|    ep_len_mean          | 241         |
|    ep_rew_mean          | -1.34e+03   |
| time/                   |             |
|    fps                  | 167         |
|    iterations           | 126         |
|    time_elapsed         | 2306        |
|    total_timesteps      | 387072      |
| train/                  |             |
|    approx_kl            | 0.049126137 |
|    clip_fraction        | 0.291       |
|    clip_range           | 0.2         |
|    entropy_loss         | -1.21       |
|    explained_variance   | 0.739       |
|    learning_rate        | 0.0003      |
|    loss                 | -0.0948     |
|    n_updates            | 1250        |
|    policy_gradient_loss | -0.0588     |
|    std                  | 0.448       |
|    value_loss           | 0.000839    |
-----------------------------------------
-----------------------------------------
| rollout/                |             |
|    ep_len_mean          | 241         |
|    ep_rew_mean          | -1.39e+03   |
| time/                   |             |
|    fps                  | 167         |
|    iterations           | 127         |
|    time_elapsed         | 2324        |
|    total_timesteps      | 390144      |
| train/                  |             |
|    approx_kl            | 0.052787602 |
|    clip_fraction        | 0.311       |
|    clip_range           | 0.2         |
|    entropy_loss         | -1.19       |
|    explained_variance   | 0.786       |
|    learning_rate        | 0.0003      |
|    loss                 | -0.0979     |
|    n_updates            | 1260        |
|    policy_gradient_loss | -0.0615     |
|    std                  | 0.444       |
|    value_loss           | 0.000864    |
-----------------------------------------
----------------------------------------
| rollout/                |            |
|    ep_len_mean          | 241        |
|    ep_rew_mean          | -1.38e+03  |
| time/                   |            |
|    fps                  | 167        |
|    iterations           | 128        |
|    time_elapsed         | 2343       |
|    total_timesteps      | 393216     |
| train/                  |            |
|    approx_kl            | 0.04854102 |
|    clip_fraction        | 0.299      |
|    clip_range           | 0.2        |
|    entropy_loss         | -1.18      |
|    explained_variance   | 0.92       |
|    learning_rate        | 0.0003     |
|    loss                 | -0.0768    |
|    n_updates            | 1270       |
|    policy_gradient_loss | -0.0505    |
|    std                  | 0.443      |
|    value_loss           | 0.00265    |
----------------------------------------
---------------------------------------
| rollout/                |           |
|    ep_len_mean          | 241       |
|    ep_rew_mean          | -1.37e+03 |
| time/                   |           |
|    fps                  | 167       |
|    iterations           | 129       |
|    time_elapsed         | 2362      |
|    total_timesteps      | 396288    |
| train/                  |           |
|    approx_kl            | 0.0539241 |
|    clip_fraction        | 0.314     |
|    clip_range           | 0.2       |
|    entropy_loss         | -1.17     |
|    explained_variance   | 0.68      |
|    learning_rate        | 0.0003    |
|    loss                 | -0.0952   |
|    n_updates            | 1280      |
|    policy_gradient_loss | -0.0573   |
|    std                  | 0.44      |
|    value_loss           | 0.00122   |
---------------------------------------
-----------------------------------------
| rollout/                |             |
|    ep_len_mean          | 241         |
|    ep_rew_mean          | -1.38e+03   |
| time/                   |             |
|    fps                  | 167         |
|    iterations           | 130         |
|    time_elapsed         | 2380        |
|    total_timesteps      | 399360      |
| train/                  |             |
|    approx_kl            | 0.061730128 |
|    clip_fraction        | 0.312       |
|    clip_range           | 0.2         |
|    entropy_loss         | -1.16       |
|    explained_variance   | 0.774       |
|    learning_rate        | 0.0003      |
|    loss                 | -0.0897     |
|    n_updates            | 1290        |
|    policy_gradient_loss | -0.057      |
|    std                  | 0.437       |
|    value_loss           | 0.00108     |
-----------------------------------------
-----------------------------------------
| rollout/                |             |
|    ep_len_mean          | 241         |
|    ep_rew_mean          | -1.41e+03   |
| time/                   |             |
|    fps                  | 167         |
|    iterations           | 131         |
|    time_elapsed         | 2399        |
|    total_timesteps      | 402432      |
| train/                  |             |
|    approx_kl            | 0.054635603 |
|    clip_fraction        | 0.311       |
|    clip_range           | 0.2         |
|    entropy_loss         | -1.15       |
|    explained_variance   | 0.869       |
|    learning_rate        | 0.0003      |
|    loss                 | -0.0781     |
|    n_updates            | 1300        |
|    policy_gradient_loss | -0.0535     |
|    std                  | 0.436       |
|    value_loss           | 0.00117     |
-----------------------------------------

  saved ppo_bc.zip and ppo_bc_vecnorm.pkl
