  using cached demonstrations (30000, 234)
  demos (30000, 234), actions (30000, 2)

Using cpu device
  cloning for 60 epochs ...
    epoch   0  action MSE 0.02769
    epoch   5  action MSE 0.01118
    epoch  10  action MSE 0.00738
    epoch  15  action MSE 0.00485
    epoch  20  action MSE 0.00346
    epoch  25  action MSE 0.00244
    epoch  30  action MSE 0.00193
    epoch  35  action MSE 0.00154
    epoch  40  action MSE 0.00133
    epoch  45  action MSE 0.00109
    epoch  50  action MSE 0.00102
    epoch  55  action MSE 0.00073
    epoch  59  action MSE 0.00091
  log_std pinned to std = 0.15 before fine-tuning

  fine-tuning with PPO for 400,000 steps (ent_coef 0.0)

---------------------------------
| rollout/           |          |
|    ep_len_mean     | 241      |
|    ep_rew_mean     | -59.7    |
| time/              |          |
|    fps             | 567      |
|    iterations      | 1        |
|    time_elapsed    | 5        |
|    total_timesteps | 3072     |
---------------------------------
-----------------------------------------
| rollout/                |             |
|    ep_len_mean          | 241         |
|    ep_rew_mean          | -64         |
| time/                   |             |
|    fps                  | 572         |
|    iterations           | 2           |
|    time_elapsed         | 10          |
|    total_timesteps      | 6144        |
| train/                  |             |
|    approx_kl            | 0.024197327 |
|    clip_fraction        | 0.196       |
|    clip_range           | 0.2         |
|    entropy_loss         | 0.959       |
|    explained_variance   | -1.52       |
|    learning_rate        | 0.0001      |
|    loss                 | 0.292       |
|    n_updates            | 10          |
|    policy_gradient_loss | -0.0546     |
|    std                  | 0.15        |
|    value_loss           | 0.954       |
-----------------------------------------
-----------------------------------------
| rollout/                |             |
|    ep_len_mean          | 241         |
|    ep_rew_mean          | -68.2       |
| time/                   |             |
|    fps                  | 570         |
|    iterations           | 3           |
|    time_elapsed         | 16          |
|    total_timesteps      | 9216        |
| train/                  |             |
|    approx_kl            | 0.024009017 |
|    clip_fraction        | 0.182       |
|    clip_range           | 0.2         |
|    entropy_loss         | 0.966       |
|    explained_variance   | -0.898      |
|    learning_rate        | 0.0001      |
|    loss                 | 0.0131      |
|    n_updates            | 20          |
|    policy_gradient_loss | -0.0473     |
|    std                  | 0.149       |
|    value_loss           | 0.233       |
-----------------------------------------
-----------------------------------------
| rollout/                |             |
|    ep_len_mean          | 241         |
|    ep_rew_mean          | -66.5       |
| time/                   |             |
|    fps                  | 571         |
|    iterations           | 4           |
|    time_elapsed         | 21          |
|    total_timesteps      | 12288       |
| train/                  |             |
|    approx_kl            | 0.020215087 |
|    clip_fraction        | 0.167       |
|    clip_range           | 0.2         |
|    entropy_loss         | 0.974       |
|    explained_variance   | -0.702      |
|    learning_rate        | 0.0001      |
|    loss                 | 0.0208      |
|    n_updates            | 30          |
|    policy_gradient_loss | -0.0396     |
|    std                  | 0.148       |
|    value_loss           | 0.304       |
-----------------------------------------
-----------------------------------------
| rollout/                |             |
|    ep_len_mean          | 241         |
|    ep_rew_mean          | -65.2       |
| time/                   |             |
|    fps                  | 570         |
|    iterations           | 5           |
|    time_elapsed         | 26          |
|    total_timesteps      | 15360       |
| train/                  |             |
|    approx_kl            | 0.022603981 |
|    clip_fraction        | 0.18        |
|    clip_range           | 0.2         |
|    entropy_loss         | 0.98        |
|    explained_variance   | -1.03       |
|    learning_rate        | 0.0001      |
|    loss                 | -0.0497     |
|    n_updates            | 40          |
|    policy_gradient_loss | -0.0504     |
|    std                  | 0.148       |
|    value_loss           | 0.0798      |
-----------------------------------------
-----------------------------------------
| rollout/                |             |
|    ep_len_mean          | 241         |
|    ep_rew_mean          | -63.7       |
| time/                   |             |
|    fps                  | 567         |
|    iterations           | 6           |
|    time_elapsed         | 32          |
|    total_timesteps      | 18432       |
| train/                  |             |
|    approx_kl            | 0.024363495 |
|    clip_fraction        | 0.196       |
|    clip_range           | 0.2         |
|    entropy_loss         | 0.987       |
|    explained_variance   | -1.43       |
|    learning_rate        | 0.0001      |
|    loss                 | -0.0482     |
|    n_updates            | 50          |
|    policy_gradient_loss | -0.0503     |
|    std                  | 0.147       |
|    value_loss           | 0.0883      |
-----------------------------------------
-----------------------------------------
| rollout/                |             |
|    ep_len_mean          | 241         |
|    ep_rew_mean          | -62         |
| time/                   |             |
|    fps                  | 566         |
|    iterations           | 7           |
|    time_elapsed         | 37          |
|    total_timesteps      | 21504       |
| train/                  |             |
|    approx_kl            | 0.022759376 |
|    clip_fraction        | 0.185       |
|    clip_range           | 0.2         |
|    entropy_loss         | 0.995       |
|    explained_variance   | -1.55       |
|    learning_rate        | 0.0001      |
|    loss                 | -0.0539     |
|    n_updates            | 60          |
|    policy_gradient_loss | -0.0484     |
|    std                  | 0.147       |
|    value_loss           | 0.0834      |
-----------------------------------------
-----------------------------------------
| rollout/                |             |
|    ep_len_mean          | 241         |
|    ep_rew_mean          | -60.5       |
| time/                   |             |
|    fps                  | 565         |
|    iterations           | 8           |
|    time_elapsed         | 43          |
|    total_timesteps      | 24576       |
| train/                  |             |
|    approx_kl            | 0.023194535 |
|    clip_fraction        | 0.186       |
|    clip_range           | 0.2         |
|    entropy_loss         | 1           |
|    explained_variance   | -2.83       |
|    learning_rate        | 0.0001      |
|    loss                 | -0.0535     |
|    n_updates            | 70          |
|    policy_gradient_loss | -0.0468     |
|    std                  | 0.146       |
|    value_loss           | 0.0574      |
-----------------------------------------
-----------------------------------------
| rollout/                |             |
|    ep_len_mean          | 241         |
|    ep_rew_mean          | -57.2       |
| time/                   |             |
|    fps                  | 564         |
|    iterations           | 9           |
|    time_elapsed         | 49          |
|    total_timesteps      | 27648       |
| train/                  |             |
|    approx_kl            | 0.022850381 |
|    clip_fraction        | 0.159       |
|    clip_range           | 0.2         |
|    entropy_loss         | 1.01        |
|    explained_variance   | -3.69       |
|    learning_rate        | 0.0001      |
|    loss                 | -0.0532     |
|    n_updates            | 80          |
|    policy_gradient_loss | -0.0449     |
|    std                  | 0.146       |
|    value_loss           | 0.0491      |
-----------------------------------------
-----------------------------------------
| rollout/                |             |
|    ep_len_mean          | 241         |
|    ep_rew_mean          | -54.8       |
| time/                   |             |
|    fps                  | 562         |
|    iterations           | 10          |
|    time_elapsed         | 54          |
|    total_timesteps      | 30720       |
| train/                  |             |
|    approx_kl            | 0.023102084 |
|    clip_fraction        | 0.168       |
|    clip_range           | 0.2         |
|    entropy_loss         | 1.01        |
|    explained_variance   | -2.48       |
|    learning_rate        | 0.0001      |
|    loss                 | -0.0554     |
|    n_updates            | 90          |
|    policy_gradient_loss | -0.0486     |
|    std                  | 0.146       |
|    value_loss           | 0.054       |
-----------------------------------------
-----------------------------------------
| rollout/                |             |
|    ep_len_mean          | 241         |
|    ep_rew_mean          | -50.5       |
| time/                   |             |
|    fps                  | 561         |
|    iterations           | 11          |
|    time_elapsed         | 60          |
|    total_timesteps      | 33792       |
| train/                  |             |
|    approx_kl            | 0.021303385 |
|    clip_fraction        | 0.173       |
|    clip_range           | 0.2         |
|    entropy_loss         | 1.02        |
|    explained_variance   | -2.68       |
|    learning_rate        | 0.0001      |
|    loss                 | -0.0514     |
|    n_updates            | 100         |
|    policy_gradient_loss | -0.045      |
|    std                  | 0.145       |
|    value_loss           | 0.0505      |
-----------------------------------------
----------------------------------------
| rollout/                |            |
|    ep_len_mean          | 241        |
|    ep_rew_mean          | -48.5      |
| time/                   |            |
|    fps                  | 561        |
|    iterations           | 12         |
|    time_elapsed         | 65         |
|    total_timesteps      | 36864      |
| train/                  |            |
|    approx_kl            | 0.02436293 |
|    clip_fraction        | 0.192      |
|    clip_range           | 0.2        |
|    entropy_loss         | 1.02       |
|    explained_variance   | -3.53      |
|    learning_rate        | 0.0001     |
|    loss                 | -0.0705    |
|    n_updates            | 110        |
|    policy_gradient_loss | -0.0488    |
|    std                  | 0.145      |
|    value_loss           | 0.0427     |
----------------------------------------
-----------------------------------------
| rollout/                |             |
|    ep_len_mean          | 241         |
|    ep_rew_mean          | -46.5       |
| time/                   |             |
|    fps                  | 561         |
|    iterations           | 13          |
|    time_elapsed         | 71          |
|    total_timesteps      | 39936       |
| train/                  |             |
|    approx_kl            | 0.023087598 |
|    clip_fraction        | 0.19        |
|    clip_range           | 0.2         |
|    entropy_loss         | 1.03        |
|    explained_variance   | -2.96       |
|    learning_rate        | 0.0001      |
|    loss                 | -0.0596     |
|    n_updates            | 120         |
|    policy_gradient_loss | -0.0469     |
|    std                  | 0.144       |
|    value_loss           | 0.0455      |
-----------------------------------------
-----------------------------------------
| rollout/                |             |
|    ep_len_mean          | 241         |
|    ep_rew_mean          | -44.9       |
| time/                   |             |
|    fps                  | 560         |
|    iterations           | 14          |
|    time_elapsed         | 76          |
|    total_timesteps      | 43008       |
| train/                  |             |
|    approx_kl            | 0.024313366 |
|    clip_fraction        | 0.194       |
|    clip_range           | 0.2         |
|    entropy_loss         | 1.04        |
|    explained_variance   | -3.19       |
|    learning_rate        | 0.0001      |
|    loss                 | -0.0606     |
|    n_updates            | 130         |
|    policy_gradient_loss | -0.0467     |
|    std                  | 0.144       |
|    value_loss           | 0.041       |
-----------------------------------------
-----------------------------------------
| rollout/                |             |
|    ep_len_mean          | 241         |
|    ep_rew_mean          | -43.8       |
| time/                   |             |
|    fps                  | 561         |
|    iterations           | 15          |
|    time_elapsed         | 82          |
|    total_timesteps      | 46080       |
| train/                  |             |
|    approx_kl            | 0.025572376 |
|    clip_fraction        | 0.206       |
|    clip_range           | 0.2         |
|    entropy_loss         | 1.04        |
|    explained_variance   | -4.45       |
|    learning_rate        | 0.0001      |
|    loss                 | -0.0642     |
|    n_updates            | 140         |
|    policy_gradient_loss | -0.0494     |
|    std                  | 0.144       |
|    value_loss           | 0.0421      |
-----------------------------------------
-----------------------------------------
| rollout/                |             |
|    ep_len_mean          | 241         |
|    ep_rew_mean          | -43         |
| time/                   |             |
|    fps                  | 561         |
|    iterations           | 16          |
|    time_elapsed         | 87          |
|    total_timesteps      | 49152       |
| train/                  |             |
|    approx_kl            | 0.022800103 |
|    clip_fraction        | 0.171       |
|    clip_range           | 0.2         |
|    entropy_loss         | 1.04        |
|    explained_variance   | -3.61       |
|    learning_rate        | 0.0001      |
|    loss                 | -0.0665     |
|    n_updates            | 150         |
|    policy_gradient_loss | -0.0464     |
|    std                  | 0.144       |
|    value_loss           | 0.036       |
-----------------------------------------
-----------------------------------------
| rollout/                |             |
|    ep_len_mean          | 241         |
|    ep_rew_mean          | -42.1       |
| time/                   |             |
|    fps                  | 561         |
|    iterations           | 17          |
|    time_elapsed         | 93          |
|    total_timesteps      | 52224       |
| train/                  |             |
|    approx_kl            | 0.026272612 |
|    clip_fraction        | 0.193       |
|    clip_range           | 0.2         |
|    entropy_loss         | 1.05        |
|    explained_variance   | -4.62       |
|    learning_rate        | 0.0001      |
|    loss                 | -0.0681     |
|    n_updates            | 160         |
|    policy_gradient_loss | -0.0512     |
|    std                  | 0.143       |
|    value_loss           | 0.0381      |
-----------------------------------------
-----------------------------------------
| rollout/                |             |
|    ep_len_mean          | 241         |
|    ep_rew_mean          | -41.1       |
| time/                   |             |
|    fps                  | 562         |
|    iterations           | 18          |
|    time_elapsed         | 98          |
|    total_timesteps      | 55296       |
| train/                  |             |
|    approx_kl            | 0.020921782 |
|    clip_fraction        | 0.162       |
|    clip_range           | 0.2         |
|    entropy_loss         | 1.05        |
|    explained_variance   | -3.22       |
|    learning_rate        | 0.0001      |
|    loss                 | -0.0624     |
|    n_updates            | 170         |
|    policy_gradient_loss | -0.046      |
|    std                  | 0.143       |
|    value_loss           | 0.036       |
-----------------------------------------
----------------------------------------
| rollout/                |            |
|    ep_len_mean          | 241        |
|    ep_rew_mean          | -40.4      |
| time/                   |            |
|    fps                  | 562        |
|    iterations           | 19         |
|    time_elapsed         | 103        |
|    total_timesteps      | 58368      |
| train/                  |            |
|    approx_kl            | 0.02319328 |
|    clip_fraction        | 0.18       |
|    clip_range           | 0.2        |
|    entropy_loss         | 1.06       |
|    explained_variance   | -3.84      |
|    learning_rate        | 0.0001     |
|    loss                 | -0.0625    |
|    n_updates            | 180        |
|    policy_gradient_loss | -0.0489    |
|    std                  | 0.143      |
|    value_loss           | 0.0304     |
----------------------------------------
----------------------------------------
| rollout/                |            |
|    ep_len_mean          | 241        |
|    ep_rew_mean          | -40.4      |
| time/                   |            |
|    fps                  | 563        |
|    iterations           | 20         |
|    time_elapsed         | 109        |
|    total_timesteps      | 61440      |
| train/                  |            |
|    approx_kl            | 0.02693469 |
|    clip_fraction        | 0.199      |
|    clip_range           | 0.2        |
|    entropy_loss         | 1.06       |
|    explained_variance   | -4.05      |
|    learning_rate        | 0.0001     |
|    loss                 | -0.0655    |
|    n_updates            | 190        |
|    policy_gradient_loss | -0.0463    |
|    std                  | 0.142      |
|    value_loss           | 0.0313     |
----------------------------------------
-----------------------------------------
| rollout/                |             |
|    ep_len_mean          | 241         |
|    ep_rew_mean          | -40.2       |
| time/                   |             |
|    fps                  | 563         |
|    iterations           | 21          |
|    time_elapsed         | 114         |
|    total_timesteps      | 64512       |
| train/                  |             |
|    approx_kl            | 0.026485585 |
|    clip_fraction        | 0.188       |
|    clip_range           | 0.2         |
|    entropy_loss         | 1.07        |
|    explained_variance   | -3.8        |
|    learning_rate        | 0.0001      |
|    loss                 | -0.0608     |
|    n_updates            | 200         |
|    policy_gradient_loss | -0.0472     |
|    std                  | 0.142       |
|    value_loss           | 0.0319      |
-----------------------------------------
-----------------------------------------
| rollout/                |             |
|    ep_len_mean          | 241         |
|    ep_rew_mean          | -39         |
| time/                   |             |
|    fps                  | 564         |
|    iterations           | 22          |
|    time_elapsed         | 119         |
|    total_timesteps      | 67584       |
| train/                  |             |
|    approx_kl            | 0.024470001 |
|    clip_fraction        | 0.189       |
|    clip_range           | 0.2         |
|    entropy_loss         | 1.07        |
|    explained_variance   | -4.03       |
|    learning_rate        | 0.0001      |
|    loss                 | -0.0766     |
|    n_updates            | 210         |
|    policy_gradient_loss | -0.0501     |
|    std                  | 0.141       |
|    value_loss           | 0.0302      |
-----------------------------------------
-----------------------------------------
| rollout/                |             |
|    ep_len_mean          | 241         |
|    ep_rew_mean          | -39         |
| time/                   |             |
|    fps                  | 564         |
|    iterations           | 23          |
|    time_elapsed         | 125         |
|    total_timesteps      | 70656       |
| train/                  |             |
|    approx_kl            | 0.022354273 |
|    clip_fraction        | 0.168       |
|    clip_range           | 0.2         |
|    entropy_loss         | 1.08        |
|    explained_variance   | -4.64       |
|    learning_rate        | 0.0001      |
|    loss                 | -0.0691     |
|    n_updates            | 220         |
|    policy_gradient_loss | -0.0465     |
|    std                  | 0.141       |
|    value_loss           | 0.0265      |
-----------------------------------------
-----------------------------------------
| rollout/                |             |
|    ep_len_mean          | 241         |
|    ep_rew_mean          | -38.6       |
| time/                   |             |
|    fps                  | 565         |
|    iterations           | 24          |
|    time_elapsed         | 130         |
|    total_timesteps      | 73728       |
| train/                  |             |
|    approx_kl            | 0.023716917 |
|    clip_fraction        | 0.181       |
|    clip_range           | 0.2         |
|    entropy_loss         | 1.08        |
|    explained_variance   | -3.08       |
|    learning_rate        | 0.0001      |
|    loss                 | -0.0757     |
|    n_updates            | 230         |
|    policy_gradient_loss | -0.0502     |
|    std                  | 0.141       |
|    value_loss           | 0.0307      |
-----------------------------------------
-----------------------------------------
| rollout/                |             |
|    ep_len_mean          | 241         |
|    ep_rew_mean          | -37.8       |
| time/                   |             |
|    fps                  | 566         |
|    iterations           | 25          |
|    time_elapsed         | 135         |
|    total_timesteps      | 76800       |
| train/                  |             |
|    approx_kl            | 0.021821827 |
|    clip_fraction        | 0.17        |
|    clip_range           | 0.2         |
|    entropy_loss         | 1.08        |
|    explained_variance   | -3.32       |
|    learning_rate        | 0.0001      |
|    loss                 | -0.0708     |
|    n_updates            | 240         |
|    policy_gradient_loss | -0.0472     |
|    std                  | 0.141       |
|    value_loss           | 0.0273      |
-----------------------------------------
-----------------------------------------
| rollout/                |             |
|    ep_len_mean          | 241         |
|    ep_rew_mean          | -38.1       |
| time/                   |             |
|    fps                  | 567         |
|    iterations           | 26          |
|    time_elapsed         | 140         |
|    total_timesteps      | 79872       |
| train/                  |             |
|    approx_kl            | 0.025649741 |
|    clip_fraction        | 0.196       |
|    clip_range           | 0.2         |
|    entropy_loss         | 1.08        |
|    explained_variance   | -4.38       |
|    learning_rate        | 0.0001      |
|    loss                 | -0.0696     |
|    n_updates            | 250         |
|    policy_gradient_loss | -0.0507     |
|    std                  | 0.141       |
|    value_loss           | 0.0256      |
-----------------------------------------
-----------------------------------------
| rollout/                |             |
|    ep_len_mean          | 241         |
|    ep_rew_mean          | -38.1       |
| time/                   |             |
|    fps                  | 568         |
|    iterations           | 27          |
|    time_elapsed         | 145         |
|    total_timesteps      | 82944       |
| train/                  |             |
|    approx_kl            | 0.023512825 |
|    clip_fraction        | 0.214       |
|    clip_range           | 0.2         |
|    entropy_loss         | 1.08        |
|    explained_variance   | -3.65       |
|    learning_rate        | 0.0001      |
|    loss                 | -0.075      |
|    n_updates            | 260         |
|    policy_gradient_loss | -0.051      |
|    std                  | 0.141       |
|    value_loss           | 0.0266      |
-----------------------------------------
-----------------------------------------
| rollout/                |             |
|    ep_len_mean          | 241         |
|    ep_rew_mean          | -37.5       |
| time/                   |             |
|    fps                  | 568         |
|    iterations           | 28          |
|    time_elapsed         | 151         |
|    total_timesteps      | 86016       |
| train/                  |             |
|    approx_kl            | 0.024524638 |
|    clip_fraction        | 0.19        |
|    clip_range           | 0.2         |
|    entropy_loss         | 1.08        |
|    explained_variance   | -4.74       |
|    learning_rate        | 0.0001      |
|    loss                 | -0.0634     |
|    n_updates            | 270         |
|    policy_gradient_loss | -0.0504     |
|    std                  | 0.141       |
|    value_loss           | 0.0261      |
-----------------------------------------
-----------------------------------------
| rollout/                |             |
|    ep_len_mean          | 241         |
|    ep_rew_mean          | -37.5       |
| time/                   |             |
|    fps                  | 569         |
|    iterations           | 29          |
|    time_elapsed         | 156         |
|    total_timesteps      | 89088       |
| train/                  |             |
|    approx_kl            | 0.022561662 |
|    clip_fraction        | 0.181       |
|    clip_range           | 0.2         |
|    entropy_loss         | 1.09        |
|    explained_variance   | -3.36       |
|    learning_rate        | 0.0001      |
|    loss                 | -0.0607     |
|    n_updates            | 280         |
|    policy_gradient_loss | -0.0482     |
|    std                  | 0.14        |
|    value_loss           | 0.0223      |
-----------------------------------------
----------------------------------------
| rollout/                |            |
|    ep_len_mean          | 241        |
|    ep_rew_mean          | -37.8      |
| time/                   |            |
|    fps                  | 569        |
|    iterations           | 30         |
|    time_elapsed         | 161        |
|    total_timesteps      | 92160      |
| train/                  |            |
|    approx_kl            | 0.02596485 |
|    clip_fraction        | 0.186      |
|    clip_range           | 0.2        |
|    entropy_loss         | 1.09       |
|    explained_variance   | -3.16      |
|    learning_rate        | 0.0001     |
|    loss                 | -0.0746    |
|    n_updates            | 290        |
|    policy_gradient_loss | -0.0496    |
|    std                  | 0.14       |
|    value_loss           | 0.0264     |
----------------------------------------
-----------------------------------------
| rollout/                |             |
|    ep_len_mean          | 241         |
|    ep_rew_mean          | -37.1       |
| time/                   |             |
|    fps                  | 570         |
|    iterations           | 31          |
|    time_elapsed         | 166         |
|    total_timesteps      | 95232       |
| train/                  |             |
|    approx_kl            | 0.024317523 |
|    clip_fraction        | 0.176       |
|    clip_range           | 0.2         |
|    entropy_loss         | 1.09        |
|    explained_variance   | -3.51       |
|    learning_rate        | 0.0001      |
|    loss                 | -0.0697     |
|    n_updates            | 300         |
|    policy_gradient_loss | -0.0481     |
|    std                  | 0.14        |
|    value_loss           | 0.0226      |
-----------------------------------------
-----------------------------------------
| rollout/                |             |
|    ep_len_mean          | 241         |
|    ep_rew_mean          | -37         |
| time/                   |             |
|    fps                  | 570         |
|    iterations           | 32          |
|    time_elapsed         | 172         |
|    total_timesteps      | 98304       |
| train/                  |             |
|    approx_kl            | 0.022959663 |
|    clip_fraction        | 0.179       |
|    clip_range           | 0.2         |
|    entropy_loss         | 1.09        |
|    explained_variance   | -3.41       |
|    learning_rate        | 0.0001      |
|    loss                 | -0.0694     |
|    n_updates            | 310         |
|    policy_gradient_loss | -0.0501     |
|    std                  | 0.14        |
|    value_loss           | 0.0228      |
-----------------------------------------
-----------------------------------------
| rollout/                |             |
|    ep_len_mean          | 241         |
|    ep_rew_mean          | -37.4       |
| time/                   |             |
|    fps                  | 570         |
|    iterations           | 33          |
|    time_elapsed         | 177         |
|    total_timesteps      | 101376      |
| train/                  |             |
|    approx_kl            | 0.026349127 |
|    clip_fraction        | 0.196       |
|    clip_range           | 0.2         |
|    entropy_loss         | 1.1         |
|    explained_variance   | -2.27       |
|    learning_rate        | 0.0001      |
|    loss                 | -0.0737     |
|    n_updates            | 320         |
|    policy_gradient_loss | -0.0506     |
|    std                  | 0.14        |
|    value_loss           | 0.0231      |
-----------------------------------------
-----------------------------------------
| rollout/                |             |
|    ep_len_mean          | 241         |
|    ep_rew_mean          | -37.5       |
| time/                   |             |
|    fps                  | 570         |
|    iterations           | 34          |
|    time_elapsed         | 182         |
|    total_timesteps      | 104448      |
| train/                  |             |
|    approx_kl            | 0.024587484 |
|    clip_fraction        | 0.189       |
|    clip_range           | 0.2         |
|    entropy_loss         | 1.1         |
|    explained_variance   | -2.98       |
|    learning_rate        | 0.0001      |
|    loss                 | -0.0735     |
|    n_updates            | 330         |
|    policy_gradient_loss | -0.0509     |
|    std                  | 0.139       |
|    value_loss           | 0.023       |
-----------------------------------------
-----------------------------------------
| rollout/                |             |
|    ep_len_mean          | 241         |
|    ep_rew_mean          | -37.4       |
| time/                   |             |
|    fps                  | 570         |
|    iterations           | 35          |
|    time_elapsed         | 188         |
|    total_timesteps      | 107520      |
| train/                  |             |
|    approx_kl            | 0.026257211 |
|    clip_fraction        | 0.197       |
|    clip_range           | 0.2         |
|    entropy_loss         | 1.11        |
|    explained_variance   | -2.74       |
|    learning_rate        | 0.0001      |
|    loss                 | -0.0658     |
|    n_updates            | 340         |
|    policy_gradient_loss | -0.0494     |
|    std                  | 0.139       |
|    value_loss           | 0.0218      |
-----------------------------------------
-----------------------------------------
| rollout/                |             |
|    ep_len_mean          | 241         |
|    ep_rew_mean          | -37.4       |
| time/                   |             |
|    fps                  | 571         |
|    iterations           | 36          |
|    time_elapsed         | 193         |
|    total_timesteps      | 110592      |
| train/                  |             |
|    approx_kl            | 0.028932082 |
|    clip_fraction        | 0.196       |
|    clip_range           | 0.2         |
|    entropy_loss         | 1.11        |
|    explained_variance   | -3.76       |
|    learning_rate        | 0.0001      |
|    loss                 | -0.074      |
|    n_updates            | 350         |
|    policy_gradient_loss | -0.0476     |
|    std                  | 0.139       |
|    value_loss           | 0.0206      |
-----------------------------------------
-----------------------------------------
| rollout/                |             |
|    ep_len_mean          | 241         |
|    ep_rew_mean          | -36.9       |
| time/                   |             |
|    fps                  | 571         |
|    iterations           | 37          |
|    time_elapsed         | 199         |
|    total_timesteps      | 113664      |
| train/                  |             |
|    approx_kl            | 0.024961337 |
|    clip_fraction        | 0.191       |
|    clip_range           | 0.2         |
|    entropy_loss         | 1.12        |
|    explained_variance   | -3.46       |
|    learning_rate        | 0.0001      |
|    loss                 | -0.0654     |
|    n_updates            | 360         |
|    policy_gradient_loss | -0.0496     |
|    std                  | 0.138       |
|    value_loss           | 0.0189      |
-----------------------------------------
-----------------------------------------
| rollout/                |             |
|    ep_len_mean          | 241         |
|    ep_rew_mean          | -36.8       |
| time/                   |             |
|    fps                  | 571         |
|    iterations           | 38          |
|    time_elapsed         | 204         |
|    total_timesteps      | 116736      |
| train/                  |             |
|    approx_kl            | 0.024397159 |
|    clip_fraction        | 0.198       |
|    clip_range           | 0.2         |
|    entropy_loss         | 1.12        |
|    explained_variance   | -2.69       |
|    learning_rate        | 0.0001      |
|    loss                 | -0.0764     |
|    n_updates            | 370         |
|    policy_gradient_loss | -0.0516     |
|    std                  | 0.138       |
|    value_loss           | 0.02        |
-----------------------------------------
-----------------------------------------
| rollout/                |             |
|    ep_len_mean          | 241         |
|    ep_rew_mean          | -36.8       |
| time/                   |             |
|    fps                  | 571         |
|    iterations           | 39          |
|    time_elapsed         | 209         |
|    total_timesteps      | 119808      |
| train/                  |             |
|    approx_kl            | 0.024351696 |
|    clip_fraction        | 0.181       |
|    clip_range           | 0.2         |
|    entropy_loss         | 1.12        |
|    explained_variance   | -3.48       |
|    learning_rate        | 0.0001      |
|    loss                 | -0.0662     |
|    n_updates            | 380         |
|    policy_gradient_loss | -0.0481     |
|    std                  | 0.138       |
|    value_loss           | 0.017       |
-----------------------------------------
-----------------------------------------
| rollout/                |             |
|    ep_len_mean          | 241         |
|    ep_rew_mean          | -36.6       |
| time/                   |             |
|    fps                  | 570         |
|    iterations           | 40          |
|    time_elapsed         | 215         |
|    total_timesteps      | 122880      |
| train/                  |             |
|    approx_kl            | 0.026010519 |
|    clip_fraction        | 0.187       |
|    clip_range           | 0.2         |
|    entropy_loss         | 1.13        |
|    explained_variance   | -2.59       |
|    learning_rate        | 0.0001      |
|    loss                 | -0.0715     |
|    n_updates            | 390         |
|    policy_gradient_loss | -0.0508     |
|    std                  | 0.138       |
|    value_loss           | 0.0196      |
-----------------------------------------
-----------------------------------------
| rollout/                |             |
|    ep_len_mean          | 241         |
|    ep_rew_mean          | -36.2       |
| time/                   |             |
|    fps                  | 571         |
|    iterations           | 41          |
|    time_elapsed         | 220         |
|    total_timesteps      | 125952      |
| train/                  |             |
|    approx_kl            | 0.024820382 |
|    clip_fraction        | 0.2         |
|    clip_range           | 0.2         |
|    entropy_loss         | 1.13        |
|    explained_variance   | -3.18       |
|    learning_rate        | 0.0001      |
|    loss                 | -0.074      |
|    n_updates            | 400         |
|    policy_gradient_loss | -0.0488     |
|    std                  | 0.137       |
|    value_loss           | 0.0168      |
-----------------------------------------
-----------------------------------------
| rollout/                |             |
|    ep_len_mean          | 241         |
|    ep_rew_mean          | -35.6       |
| time/                   |             |
|    fps                  | 571         |
|    iterations           | 42          |
|    time_elapsed         | 225         |
|    total_timesteps      | 129024      |
| train/                  |             |
|    approx_kl            | 0.025332198 |
|    clip_fraction        | 0.187       |
|    clip_range           | 0.2         |
|    entropy_loss         | 1.14        |
|    explained_variance   | -2.63       |
|    learning_rate        | 0.0001      |
|    loss                 | -0.0784     |
|    n_updates            | 410         |
|    policy_gradient_loss | -0.0499     |
|    std                  | 0.137       |
|    value_loss           | 0.0167      |
-----------------------------------------
-----------------------------------------
| rollout/                |             |
|    ep_len_mean          | 241         |
|    ep_rew_mean          | -36         |
| time/                   |             |
|    fps                  | 571         |
|    iterations           | 43          |
|    time_elapsed         | 231         |
|    total_timesteps      | 132096      |
| train/                  |             |
|    approx_kl            | 0.027953455 |
|    clip_fraction        | 0.207       |
|    clip_range           | 0.2         |
|    entropy_loss         | 1.14        |
|    explained_variance   | -3.73       |
|    learning_rate        | 0.0001      |
|    loss                 | -0.0735     |
|    n_updates            | 420         |
|    policy_gradient_loss | -0.0513     |
|    std                  | 0.137       |
|    value_loss           | 0.0179      |
-----------------------------------------
-----------------------------------------
| rollout/                |             |
|    ep_len_mean          | 241         |
|    ep_rew_mean          | -36.3       |
| time/                   |             |
|    fps                  | 571         |
|    iterations           | 44          |
|    time_elapsed         | 236         |
|    total_timesteps      | 135168      |
| train/                  |             |
|    approx_kl            | 0.028572664 |
|    clip_fraction        | 0.209       |
|    clip_range           | 0.2         |
|    entropy_loss         | 1.14        |
|    explained_variance   | -2.78       |
|    learning_rate        | 0.0001      |
|    loss                 | -0.0793     |
|    n_updates            | 430         |
|    policy_gradient_loss | -0.0532     |
|    std                  | 0.137       |
|    value_loss           | 0.0182      |
-----------------------------------------
-----------------------------------------
| rollout/                |             |
|    ep_len_mean          | 241         |
|    ep_rew_mean          | -36.5       |
| time/                   |             |
|    fps                  | 572         |
|    iterations           | 45          |
|    time_elapsed         | 241         |
|    total_timesteps      | 138240      |
| train/                  |             |
|    approx_kl            | 0.026130697 |
|    clip_fraction        | 0.21        |
|    clip_range           | 0.2         |
|    entropy_loss         | 1.14        |
|    explained_variance   | -2.06       |
|    learning_rate        | 0.0001      |
|    loss                 | -0.0843     |
|    n_updates            | 440         |
|    policy_gradient_loss | -0.0523     |
|    std                  | 0.137       |
|    value_loss           | 0.0191      |
-----------------------------------------
-----------------------------------------
| rollout/                |             |
|    ep_len_mean          | 241         |
|    ep_rew_mean          | -37.1       |
| time/                   |             |
|    fps                  | 572         |
|    iterations           | 46          |
|    time_elapsed         | 246         |
|    total_timesteps      | 141312      |
| train/                  |             |
|    approx_kl            | 0.025201706 |
|    clip_fraction        | 0.194       |
|    clip_range           | 0.2         |
|    entropy_loss         | 1.15        |
|    explained_variance   | -2.73       |
|    learning_rate        | 0.0001      |
|    loss                 | -0.0745     |
|    n_updates            | 450         |
|    policy_gradient_loss | -0.0508     |
|    std                  | 0.137       |
|    value_loss           | 0.0156      |
-----------------------------------------
----------------------------------------
| rollout/                |            |
|    ep_len_mean          | 241        |
|    ep_rew_mean          | -37.2      |
| time/                   |            |
|    fps                  | 572        |
|    iterations           | 47         |
|    time_elapsed         | 252        |
|    total_timesteps      | 144384     |
| train/                  |            |
|    approx_kl            | 0.02852388 |
|    clip_fraction        | 0.206      |
|    clip_range           | 0.2        |
|    entropy_loss         | 1.15       |
|    explained_variance   | -2.36      |
|    learning_rate        | 0.0001     |
|    loss                 | -0.0748    |
|    n_updates            | 460        |
|    policy_gradient_loss | -0.0522    |
|    std                  | 0.136      |
|    value_loss           | 0.0185     |
----------------------------------------
-----------------------------------------
| rollout/                |             |
|    ep_len_mean          | 241         |
|    ep_rew_mean          | -37.6       |
| time/                   |             |
|    fps                  | 572         |
|    iterations           | 48          |
|    time_elapsed         | 257         |
|    total_timesteps      | 147456      |
| train/                  |             |
|    approx_kl            | 0.025549432 |
|    clip_fraction        | 0.189       |
|    clip_range           | 0.2         |
|    entropy_loss         | 1.15        |
|    explained_variance   | -2.41       |
|    learning_rate        | 0.0001      |
|    loss                 | -0.0739     |
|    n_updates            | 470         |
|    policy_gradient_loss | -0.0494     |
|    std                  | 0.136       |
|    value_loss           | 0.0182      |
-----------------------------------------
-----------------------------------------
| rollout/                |             |
|    ep_len_mean          | 241         |
|    ep_rew_mean          | -38.1       |
| time/                   |             |
|    fps                  | 572         |
|    iterations           | 49          |
|    time_elapsed         | 263         |
|    total_timesteps      | 150528      |
| train/                  |             |
|    approx_kl            | 0.029555202 |
|    clip_fraction        | 0.21        |
|    clip_range           | 0.2         |
|    entropy_loss         | 1.15        |
|    explained_variance   | -2.08       |
|    learning_rate        | 0.0001      |
|    loss                 | -0.0768     |
|    n_updates            | 480         |
|    policy_gradient_loss | -0.0529     |
|    std                  | 0.136       |
|    value_loss           | 0.0174      |
-----------------------------------------
-----------------------------------------
| rollout/                |             |
|    ep_len_mean          | 241         |
|    ep_rew_mean          | -38.2       |
| time/                   |             |
|    fps                  | 572         |
|    iterations           | 50          |
|    time_elapsed         | 268         |
|    total_timesteps      | 153600      |
| train/                  |             |
|    approx_kl            | 0.031114979 |
|    clip_fraction        | 0.216       |
|    clip_range           | 0.2         |
|    entropy_loss         | 1.16        |
|    explained_variance   | -2.37       |
|    learning_rate        | 0.0001      |
|    loss                 | -0.0812     |
|    n_updates            | 490         |
|    policy_gradient_loss | -0.0538     |
|    std                  | 0.135       |
|    value_loss           | 0.0178      |
-----------------------------------------
-----------------------------------------
| rollout/                |             |
|    ep_len_mean          | 241         |
|    ep_rew_mean          | -38.6       |
| time/                   |             |
|    fps                  | 572         |
|    iterations           | 51          |
|    time_elapsed         | 273         |
|    total_timesteps      | 156672      |
| train/                  |             |
|    approx_kl            | 0.026534835 |
|    clip_fraction        | 0.2         |
|    clip_range           | 0.2         |
|    entropy_loss         | 1.17        |
|    explained_variance   | -2.7        |
|    learning_rate        | 0.0001      |
|    loss                 | -0.0751     |
|    n_updates            | 500         |
|    policy_gradient_loss | -0.0522     |
|    std                  | 0.135       |
|    value_loss           | 0.0143      |
-----------------------------------------
----------------------------------------
| rollout/                |            |
|    ep_len_mean          | 241        |
|    ep_rew_mean          | -38.2      |
| time/                   |            |
|    fps                  | 571        |
|    iterations           | 52         |
|    time_elapsed         | 279        |
|    total_timesteps      | 159744     |
| train/                  |            |
|    approx_kl            | 0.02590902 |
|    clip_fraction        | 0.207      |
|    clip_range           | 0.2        |
|    entropy_loss         | 1.17       |
|    explained_variance   | -1.77      |
|    learning_rate        | 0.0001     |
|    loss                 | -0.0809    |
|    n_updates            | 510        |
|    policy_gradient_loss | -0.0518    |
|    std                  | 0.135      |
|    value_loss           | 0.0177     |
----------------------------------------
-----------------------------------------
| rollout/                |             |
|    ep_len_mean          | 241         |
|    ep_rew_mean          | -38.4       |
| time/                   |             |
|    fps                  | 571         |
|    iterations           | 53          |
|    time_elapsed         | 284         |
|    total_timesteps      | 162816      |
| train/                  |             |
|    approx_kl            | 0.024742872 |
|    clip_fraction        | 0.188       |
|    clip_range           | 0.2         |
|    entropy_loss         | 1.18        |
|    explained_variance   | -2.58       |
|    learning_rate        | 0.0001      |
|    loss                 | -0.0702     |
|    n_updates            | 520         |
|    policy_gradient_loss | -0.0493     |
|    std                  | 0.134       |
|    value_loss           | 0.0162      |
-----------------------------------------
-----------------------------------------
| rollout/                |             |
|    ep_len_mean          | 241         |
|    ep_rew_mean          | -38.5       |
| time/                   |             |
|    fps                  | 571         |
|    iterations           | 54          |
|    time_elapsed         | 290         |
|    total_timesteps      | 165888      |
| train/                  |             |
|    approx_kl            | 0.026661629 |
|    clip_fraction        | 0.204       |
|    clip_range           | 0.2         |
|    entropy_loss         | 1.18        |
|    explained_variance   | -1.99       |
|    learning_rate        | 0.0001      |
|    loss                 | -0.0714     |
|    n_updates            | 530         |
|    policy_gradient_loss | -0.0485     |
|    std                  | 0.134       |
|    value_loss           | 0.0189      |
-----------------------------------------
-----------------------------------------
| rollout/                |             |
|    ep_len_mean          | 241         |
|    ep_rew_mean          | -38.4       |
| time/                   |             |
|    fps                  | 570         |
|    iterations           | 55          |
|    time_elapsed         | 296         |
|    total_timesteps      | 168960      |
| train/                  |             |
|    approx_kl            | 0.026496202 |
|    clip_fraction        | 0.211       |
|    clip_range           | 0.2         |
|    entropy_loss         | 1.19        |
|    explained_variance   | -1.86       |
|    learning_rate        | 0.0001      |
|    loss                 | -0.0729     |
|    n_updates            | 540         |
|    policy_gradient_loss | -0.0506     |
|    std                  | 0.134       |
|    value_loss           | 0.0157      |
-----------------------------------------
-----------------------------------------
| rollout/                |             |
|    ep_len_mean          | 241         |
|    ep_rew_mean          | -38.2       |
| time/                   |             |
|    fps                  | 570         |
|    iterations           | 56          |
|    time_elapsed         | 301         |
|    total_timesteps      | 172032      |
| train/                  |             |
|    approx_kl            | 0.030519053 |
|    clip_fraction        | 0.204       |
|    clip_range           | 0.2         |
|    entropy_loss         | 1.19        |
|    explained_variance   | -1.79       |
|    learning_rate        | 0.0001      |
|    loss                 | -0.0693     |
|    n_updates            | 550         |
|    policy_gradient_loss | -0.0503     |
|    std                  | 0.134       |
|    value_loss           | 0.0158      |
-----------------------------------------
----------------------------------------
| rollout/                |            |
|    ep_len_mean          | 241        |
|    ep_rew_mean          | -37.7      |
| time/                   |            |
|    fps                  | 570        |
|    iterations           | 57         |
|    time_elapsed         | 307        |
|    total_timesteps      | 175104     |
| train/                  |            |
|    approx_kl            | 0.02635476 |
|    clip_fraction        | 0.196      |
|    clip_range           | 0.2        |
|    entropy_loss         | 1.19       |
|    explained_variance   | -2.21      |
|    learning_rate        | 0.0001     |
|    loss                 | -0.0817    |
|    n_updates            | 560        |
|    policy_gradient_loss | -0.0511    |
|    std                  | 0.133      |
|    value_loss           | 0.0146     |
----------------------------------------
-----------------------------------------
| rollout/                |             |
|    ep_len_mean          | 241         |
|    ep_rew_mean          | -37.6       |
| time/                   |             |
|    fps                  | 570         |
|    iterations           | 58          |
|    time_elapsed         | 312         |
|    total_timesteps      | 178176      |
| train/                  |             |
|    approx_kl            | 0.027226532 |
|    clip_fraction        | 0.193       |
|    clip_range           | 0.2         |
|    entropy_loss         | 1.2         |
|    explained_variance   | -1.72       |
|    learning_rate        | 0.0001      |
|    loss                 | -0.0751     |
|    n_updates            | 570         |
|    policy_gradient_loss | -0.0504     |
|    std                  | 0.133       |
|    value_loss           | 0.0158      |
-----------------------------------------
-----------------------------------------
| rollout/                |             |
|    ep_len_mean          | 241         |
|    ep_rew_mean          | -37.3       |
| time/                   |             |
|    fps                  | 570         |
|    iterations           | 59          |
|    time_elapsed         | 317         |
|    total_timesteps      | 181248      |
| train/                  |             |
|    approx_kl            | 0.025355214 |
|    clip_fraction        | 0.198       |
|    clip_range           | 0.2         |
|    entropy_loss         | 1.2         |
|    explained_variance   | -1.85       |
|    learning_rate        | 0.0001      |
|    loss                 | -0.0809     |
|    n_updates            | 580         |
|    policy_gradient_loss | -0.0502     |
|    std                  | 0.133       |
|    value_loss           | 0.0153      |
-----------------------------------------
-----------------------------------------
| rollout/                |             |
|    ep_len_mean          | 241         |
|    ep_rew_mean          | -37.4       |
| time/                   |             |
|    fps                  | 570         |
|    iterations           | 60          |
|    time_elapsed         | 323         |
|    total_timesteps      | 184320      |
| train/                  |             |
|    approx_kl            | 0.029578885 |
|    clip_fraction        | 0.208       |
|    clip_range           | 0.2         |
|    entropy_loss         | 1.2         |
|    explained_variance   | -1.3        |
|    learning_rate        | 0.0001      |
|    loss                 | -0.0828     |
|    n_updates            | 590         |
|    policy_gradient_loss | -0.0519     |
|    std                  | 0.133       |
|    value_loss           | 0.0151      |
-----------------------------------------
-----------------------------------------
| rollout/                |             |
|    ep_len_mean          | 241         |
|    ep_rew_mean          | -36.6       |
| time/                   |             |
|    fps                  | 570         |
|    iterations           | 61          |
|    time_elapsed         | 328         |
|    total_timesteps      | 187392      |
| train/                  |             |
|    approx_kl            | 0.025710573 |
|    clip_fraction        | 0.192       |
|    clip_range           | 0.2         |
|    entropy_loss         | 1.21        |
|    explained_variance   | -1.48       |
|    learning_rate        | 0.0001      |
|    loss                 | -0.0717     |
|    n_updates            | 600         |
|    policy_gradient_loss | -0.0493     |
|    std                  | 0.132       |
|    value_loss           | 0.0144      |
-----------------------------------------
-----------------------------------------
| rollout/                |             |
|    ep_len_mean          | 241         |
|    ep_rew_mean          | -36.4       |
| time/                   |             |
|    fps                  | 570         |
|    iterations           | 62          |
|    time_elapsed         | 333         |
|    total_timesteps      | 190464      |
| train/                  |             |
|    approx_kl            | 0.026899973 |
|    clip_fraction        | 0.197       |
|    clip_range           | 0.2         |
|    entropy_loss         | 1.21        |
|    explained_variance   | -1.1        |
|    learning_rate        | 0.0001      |
|    loss                 | -0.077      |
|    n_updates            | 610         |
|    policy_gradient_loss | -0.0515     |
|    std                  | 0.132       |
|    value_loss           | 0.0155      |
-----------------------------------------
-----------------------------------------
| rollout/                |             |
|    ep_len_mean          | 241         |
|    ep_rew_mean          | -36         |
| time/                   |             |
|    fps                  | 570         |
|    iterations           | 63          |
|    time_elapsed         | 339         |
|    total_timesteps      | 193536      |
| train/                  |             |
|    approx_kl            | 0.027280023 |
|    clip_fraction        | 0.201       |
|    clip_range           | 0.2         |
|    entropy_loss         | 1.22        |
|    explained_variance   | -1.59       |
|    learning_rate        | 0.0001      |
|    loss                 | -0.0775     |
|    n_updates            | 620         |
|    policy_gradient_loss | -0.0456     |
|    std                  | 0.132       |
|    value_loss           | 0.0142      |
-----------------------------------------
-----------------------------------------
| rollout/                |             |
|    ep_len_mean          | 241         |
|    ep_rew_mean          | -35.5       |
| time/                   |             |
|    fps                  | 570         |
|    iterations           | 64          |
|    time_elapsed         | 344         |
|    total_timesteps      | 196608      |
| train/                  |             |
|    approx_kl            | 0.025318123 |
|    clip_fraction        | 0.203       |
|    clip_range           | 0.2         |
|    entropy_loss         | 1.22        |
|    explained_variance   | -1.45       |
|    learning_rate        | 0.0001      |
|    loss                 | -0.0818     |
|    n_updates            | 630         |
|    policy_gradient_loss | -0.05       |
|    std                  | 0.132       |
|    value_loss           | 0.0122      |
-----------------------------------------
-----------------------------------------
| rollout/                |             |
|    ep_len_mean          | 241         |
|    ep_rew_mean          | -35.1       |
| time/                   |             |
|    fps                  | 570         |
|    iterations           | 65          |
|    time_elapsed         | 349         |
|    total_timesteps      | 199680      |
| train/                  |             |
|    approx_kl            | 0.029098785 |
|    clip_fraction        | 0.212       |
|    clip_range           | 0.2         |
|    entropy_loss         | 1.22        |
|    explained_variance   | -1.47       |
|    learning_rate        | 0.0001      |
|    loss                 | -0.0775     |
|    n_updates            | 640         |
|    policy_gradient_loss | -0.0507     |
|    std                  | 0.131       |
|    value_loss           | 0.0138      |
-----------------------------------------
-----------------------------------------
| rollout/                |             |
|    ep_len_mean          | 241         |
|    ep_rew_mean          | -35.5       |
| time/                   |             |
|    fps                  | 571         |
|    iterations           | 66          |
|    time_elapsed         | 355         |
|    total_timesteps      | 202752      |
| train/                  |             |
|    approx_kl            | 0.030219225 |
|    clip_fraction        | 0.205       |
|    clip_range           | 0.2         |
|    entropy_loss         | 1.23        |
|    explained_variance   | -1.27       |
|    learning_rate        | 0.0001      |
|    loss                 | -0.0833     |
|    n_updates            | 650         |
|    policy_gradient_loss | -0.0524     |
|    std                  | 0.131       |
|    value_loss           | 0.0123      |
-----------------------------------------
-----------------------------------------
| rollout/                |             |
|    ep_len_mean          | 241         |
|    ep_rew_mean          | -35.4       |
| time/                   |             |
|    fps                  | 571         |
|    iterations           | 67          |
|    time_elapsed         | 360         |
|    total_timesteps      | 205824      |
| train/                  |             |
|    approx_kl            | 0.027197883 |
|    clip_fraction        | 0.204       |
|    clip_range           | 0.2         |
|    entropy_loss         | 1.23        |
|    explained_variance   | -0.962      |
|    learning_rate        | 0.0001      |
|    loss                 | -0.0728     |
|    n_updates            | 660         |
|    policy_gradient_loss | -0.0506     |
|    std                  | 0.131       |
|    value_loss           | 0.0138      |
-----------------------------------------
-----------------------------------------
| rollout/                |             |
|    ep_len_mean          | 241         |
|    ep_rew_mean          | -35.7       |
| time/                   |             |
|    fps                  | 571         |
|    iterations           | 68          |
|    time_elapsed         | 365         |
|    total_timesteps      | 208896      |
| train/                  |             |
|    approx_kl            | 0.026091315 |
|    clip_fraction        | 0.199       |
|    clip_range           | 0.2         |
|    entropy_loss         | 1.23        |
|    explained_variance   | -1.1        |
|    learning_rate        | 0.0001      |
|    loss                 | -0.0802     |
|    n_updates            | 670         |
|    policy_gradient_loss | -0.0496     |
|    std                  | 0.131       |
|    value_loss           | 0.0144      |
-----------------------------------------
-----------------------------------------
| rollout/                |             |
|    ep_len_mean          | 241         |
|    ep_rew_mean          | -36         |
| time/                   |             |
|    fps                  | 571         |
|    iterations           | 69          |
|    time_elapsed         | 371         |
|    total_timesteps      | 211968      |
| train/                  |             |
|    approx_kl            | 0.029125767 |
|    clip_fraction        | 0.209       |
|    clip_range           | 0.2         |
|    entropy_loss         | 1.24        |
|    explained_variance   | -0.852      |
|    learning_rate        | 0.0001      |
|    loss                 | -0.0803     |
|    n_updates            | 680         |
|    policy_gradient_loss | -0.0518     |
|    std                  | 0.131       |
|    value_loss           | 0.012       |
-----------------------------------------
-----------------------------------------
| rollout/                |             |
|    ep_len_mean          | 241         |
|    ep_rew_mean          | -36.1       |
| time/                   |             |
|    fps                  | 571         |
|    iterations           | 70          |
|    time_elapsed         | 376         |
|    total_timesteps      | 215040      |
| train/                  |             |
|    approx_kl            | 0.030390942 |
|    clip_fraction        | 0.222       |
|    clip_range           | 0.2         |
|    entropy_loss         | 1.24        |
|    explained_variance   | -1.27       |
|    learning_rate        | 0.0001      |
|    loss                 | -0.0783     |
|    n_updates            | 690         |
|    policy_gradient_loss | -0.0539     |
|    std                  | 0.13        |
|    value_loss           | 0.0151      |
-----------------------------------------
-----------------------------------------
| rollout/                |             |
|    ep_len_mean          | 241         |
|    ep_rew_mean          | -36.4       |
| time/                   |             |
|    fps                  | 571         |
|    iterations           | 71          |
|    time_elapsed         | 381         |
|    total_timesteps      | 218112      |
| train/                  |             |
|    approx_kl            | 0.030527398 |
|    clip_fraction        | 0.209       |
|    clip_range           | 0.2         |
|    entropy_loss         | 1.25        |
|    explained_variance   | -1.53       |
|    learning_rate        | 0.0001      |
|    loss                 | -0.0842     |
|    n_updates            | 700         |
|    policy_gradient_loss | -0.0501     |
|    std                  | 0.13        |
|    value_loss           | 0.0138      |
-----------------------------------------
-----------------------------------------
| rollout/                |             |
|    ep_len_mean          | 241         |
|    ep_rew_mean          | -36.5       |
| time/                   |             |
|    fps                  | 571         |
|    iterations           | 72          |
|    time_elapsed         | 387         |
|    total_timesteps      | 221184      |
| train/                  |             |
|    approx_kl            | 0.029046526 |
|    clip_fraction        | 0.207       |
|    clip_range           | 0.2         |
|    entropy_loss         | 1.25        |
|    explained_variance   | -1.16       |
|    learning_rate        | 0.0001      |
|    loss                 | -0.086      |
|    n_updates            | 710         |
|    policy_gradient_loss | -0.054      |
|    std                  | 0.13        |
|    value_loss           | 0.0112      |
-----------------------------------------
-----------------------------------------
| rollout/                |             |
|    ep_len_mean          | 241         |
|    ep_rew_mean          | -37.3       |
| time/                   |             |
|    fps                  | 571         |
|    iterations           | 73          |
|    time_elapsed         | 392         |
|    total_timesteps      | 224256      |
| train/                  |             |
|    approx_kl            | 0.026525602 |
|    clip_fraction        | 0.197       |
|    clip_range           | 0.2         |
|    entropy_loss         | 1.25        |
|    explained_variance   | -1.21       |
|    learning_rate        | 0.0001      |
|    loss                 | -0.0725     |
|    n_updates            | 720         |
|    policy_gradient_loss | -0.0502     |
|    std                  | 0.129       |
|    value_loss           | 0.0129      |
-----------------------------------------
-----------------------------------------
| rollout/                |             |
|    ep_len_mean          | 241         |
|    ep_rew_mean          | -37.2       |
| time/                   |             |
|    fps                  | 570         |
|    iterations           | 74          |
|    time_elapsed         | 398         |
|    total_timesteps      | 227328      |
| train/                  |             |
|    approx_kl            | 0.029817836 |
|    clip_fraction        | 0.207       |
|    clip_range           | 0.2         |
|    entropy_loss         | 1.26        |
|    explained_variance   | -1.01       |
|    learning_rate        | 0.0001      |
|    loss                 | -0.0849     |
|    n_updates            | 730         |
|    policy_gradient_loss | -0.0528     |
|    std                  | 0.129       |
|    value_loss           | 0.0124      |
-----------------------------------------
-----------------------------------------
| rollout/                |             |
|    ep_len_mean          | 241         |
|    ep_rew_mean          | -37         |
| time/                   |             |
|    fps                  | 570         |
|    iterations           | 75          |
|    time_elapsed         | 404         |
|    total_timesteps      | 230400      |
| train/                  |             |
|    approx_kl            | 0.028529286 |
|    clip_fraction        | 0.204       |
|    clip_range           | 0.2         |
|    entropy_loss         | 1.26        |
|    explained_variance   | -1.07       |
|    learning_rate        | 0.0001      |
|    loss                 | -0.0801     |
|    n_updates            | 740         |
|    policy_gradient_loss | -0.05       |
|    std                  | 0.129       |
|    value_loss           | 0.0125      |
-----------------------------------------
-----------------------------------------
| rollout/                |             |
|    ep_len_mean          | 241         |
|    ep_rew_mean          | -36.5       |
| time/                   |             |
|    fps                  | 569         |
|    iterations           | 76          |
|    time_elapsed         | 410         |
|    total_timesteps      | 233472      |
| train/                  |             |
|    approx_kl            | 0.029640809 |
|    clip_fraction        | 0.216       |
|    clip_range           | 0.2         |
|    entropy_loss         | 1.27        |
|    explained_variance   | -0.55       |
|    learning_rate        | 0.0001      |
|    loss                 | -0.0854     |
|    n_updates            | 750         |
|    policy_gradient_loss | -0.0536     |
|    std                  | 0.128       |
|    value_loss           | 0.0134      |
-----------------------------------------
----------------------------------------
| rollout/                |            |
|    ep_len_mean          | 241        |
|    ep_rew_mean          | -36.5      |
| time/                   |            |
|    fps                  | 569        |
|    iterations           | 77         |
|    time_elapsed         | 415        |
|    total_timesteps      | 236544     |
| train/                  |            |
|    approx_kl            | 0.03115434 |
|    clip_fraction        | 0.218      |
|    clip_range           | 0.2        |
|    entropy_loss         | 1.27       |
|    explained_variance   | -0.84      |
|    learning_rate        | 0.0001     |
|    loss                 | -0.0754    |
|    n_updates            | 760        |
|    policy_gradient_loss | -0.0541    |
|    std                  | 0.128      |
|    value_loss           | 0.0121     |
----------------------------------------
-----------------------------------------
| rollout/                |             |
|    ep_len_mean          | 241         |
|    ep_rew_mean          | -35.9       |
| time/                   |             |
|    fps                  | 569         |
|    iterations           | 78          |
|    time_elapsed         | 420         |
|    total_timesteps      | 239616      |
| train/                  |             |
|    approx_kl            | 0.028399631 |
|    clip_fraction        | 0.223       |
|    clip_range           | 0.2         |
|    entropy_loss         | 1.27        |
|    explained_variance   | -0.738      |
|    learning_rate        | 0.0001      |
|    loss                 | -0.0805     |
|    n_updates            | 770         |
|    policy_gradient_loss | -0.0501     |
|    std                  | 0.129       |
|    value_loss           | 0.0134      |
-----------------------------------------
----------------------------------------
| rollout/                |            |
|    ep_len_mean          | 241        |
|    ep_rew_mean          | -36.2      |
| time/                   |            |
|    fps                  | 569        |
|    iterations           | 79         |
|    time_elapsed         | 426        |
|    total_timesteps      | 242688     |
| train/                  |            |
|    approx_kl            | 0.02688392 |
|    clip_fraction        | 0.203      |
|    clip_range           | 0.2        |
|    entropy_loss         | 1.27       |
|    explained_variance   | -0.943     |
|    learning_rate        | 0.0001     |
|    loss                 | -0.0769    |
|    n_updates            | 780        |
|    policy_gradient_loss | -0.0509    |
|    std                  | 0.129      |
|    value_loss           | 0.0145     |
----------------------------------------
-----------------------------------------
| rollout/                |             |
|    ep_len_mean          | 241         |
|    ep_rew_mean          | -36.1       |
| time/                   |             |
|    fps                  | 568         |
|    iterations           | 80          |
|    time_elapsed         | 431         |
|    total_timesteps      | 245760      |
| train/                  |             |
|    approx_kl            | 0.029790856 |
|    clip_fraction        | 0.228       |
|    clip_range           | 0.2         |
|    entropy_loss         | 1.27        |
|    explained_variance   | -0.607      |
|    learning_rate        | 0.0001      |
|    loss                 | -0.0802     |
|    n_updates            | 790         |
|    policy_gradient_loss | -0.0523     |
|    std                  | 0.128       |
|    value_loss           | 0.0129      |
-----------------------------------------
-----------------------------------------
| rollout/                |             |
|    ep_len_mean          | 241         |
|    ep_rew_mean          | -35.6       |
| time/                   |             |
|    fps                  | 568         |
|    iterations           | 81          |
|    time_elapsed         | 437         |
|    total_timesteps      | 248832      |
| train/                  |             |
|    approx_kl            | 0.026960192 |
|    clip_fraction        | 0.219       |
|    clip_range           | 0.2         |
|    entropy_loss         | 1.28        |
|    explained_variance   | -0.87       |
|    learning_rate        | 0.0001      |
|    loss                 | -0.0725     |
|    n_updates            | 800         |
|    policy_gradient_loss | -0.0526     |
|    std                  | 0.128       |
|    value_loss           | 0.0137      |
-----------------------------------------
-----------------------------------------
| rollout/                |             |
|    ep_len_mean          | 241         |
|    ep_rew_mean          | -35.4       |
| time/                   |             |
|    fps                  | 568         |
|    iterations           | 82          |
|    time_elapsed         | 442         |
|    total_timesteps      | 251904      |
| train/                  |             |
|    approx_kl            | 0.027955612 |
|    clip_fraction        | 0.206       |
|    clip_range           | 0.2         |
|    entropy_loss         | 1.29        |
|    explained_variance   | -0.48       |
|    learning_rate        | 0.0001      |
|    loss                 | -0.0762     |
|    n_updates            | 810         |
|    policy_gradient_loss | -0.0521     |
|    std                  | 0.127       |
|    value_loss           | 0.0116      |
-----------------------------------------
---------------------------------------
| rollout/                |           |
|    ep_len_mean          | 241       |
|    ep_rew_mean          | -35.8     |
| time/                   |           |
|    fps                  | 568       |
|    iterations           | 83        |
|    time_elapsed         | 448       |
|    total_timesteps      | 254976    |
| train/                  |           |
|    approx_kl            | 0.0260628 |
|    clip_fraction        | 0.197     |
|    clip_range           | 0.2       |
|    entropy_loss         | 1.29      |
|    explained_variance   | -0.7      |
|    learning_rate        | 0.0001    |
|    loss                 | -0.086    |
|    n_updates            | 820       |
|    policy_gradient_loss | -0.0505   |
|    std                  | 0.127     |
|    value_loss           | 0.00947   |
---------------------------------------
-----------------------------------------
| rollout/                |             |
|    ep_len_mean          | 241         |
|    ep_rew_mean          | -35.9       |
| time/                   |             |
|    fps                  | 568         |
|    iterations           | 84          |
|    time_elapsed         | 453         |
|    total_timesteps      | 258048      |
| train/                  |             |
|    approx_kl            | 0.028672876 |
|    clip_fraction        | 0.219       |
|    clip_range           | 0.2         |
|    entropy_loss         | 1.3         |
|    explained_variance   | -0.572      |
|    learning_rate        | 0.0001      |
|    loss                 | -0.084      |
|    n_updates            | 830         |
|    policy_gradient_loss | -0.0536     |
|    std                  | 0.127       |
|    value_loss           | 0.0115      |
-----------------------------------------
-----------------------------------------
| rollout/                |             |
|    ep_len_mean          | 241         |
|    ep_rew_mean          | -36.1       |
| time/                   |             |
|    fps                  | 568         |
|    iterations           | 85          |
|    time_elapsed         | 459         |
|    total_timesteps      | 261120      |
| train/                  |             |
|    approx_kl            | 0.029759234 |
|    clip_fraction        | 0.213       |
|    clip_range           | 0.2         |
|    entropy_loss         | 1.3         |
|    explained_variance   | -0.907      |
|    learning_rate        | 0.0001      |
|    loss                 | -0.0755     |
|    n_updates            | 840         |
|    policy_gradient_loss | -0.0523     |
|    std                  | 0.127       |
|    value_loss           | 0.0126      |
-----------------------------------------
-----------------------------------------
| rollout/                |             |
|    ep_len_mean          | 241         |
|    ep_rew_mean          | -36.3       |
| time/                   |             |
|    fps                  | 568         |
|    iterations           | 86          |
|    time_elapsed         | 464         |
|    total_timesteps      | 264192      |
| train/                  |             |
|    approx_kl            | 0.028353909 |
|    clip_fraction        | 0.218       |
|    clip_range           | 0.2         |
|    entropy_loss         | 1.3         |
|    explained_variance   | -1.01       |
|    learning_rate        | 0.0001      |
|    loss                 | -0.0817     |
|    n_updates            | 850         |
|    policy_gradient_loss | -0.0529     |
|    std                  | 0.127       |
|    value_loss           | 0.0098      |
-----------------------------------------
-----------------------------------------
| rollout/                |             |
|    ep_len_mean          | 241         |
|    ep_rew_mean          | -36.3       |
| time/                   |             |
|    fps                  | 569         |
|    iterations           | 87          |
|    time_elapsed         | 469         |
|    total_timesteps      | 267264      |
| train/                  |             |
|    approx_kl            | 0.026532268 |
|    clip_fraction        | 0.196       |
|    clip_range           | 0.2         |
|    entropy_loss         | 1.31        |
|    explained_variance   | -0.456      |
|    learning_rate        | 0.0001      |
|    loss                 | -0.0729     |
|    n_updates            | 860         |
|    policy_gradient_loss | -0.049      |
|    std                  | 0.126       |
|    value_loss           | 0.0111      |
-----------------------------------------
-----------------------------------------
| rollout/                |             |
|    ep_len_mean          | 241         |
|    ep_rew_mean          | -36.4       |
| time/                   |             |
|    fps                  | 569         |
|    iterations           | 88          |
|    time_elapsed         | 474         |
|    total_timesteps      | 270336      |
| train/                  |             |
|    approx_kl            | 0.031072566 |
|    clip_fraction        | 0.222       |
|    clip_range           | 0.2         |
|    entropy_loss         | 1.31        |
|    explained_variance   | -0.459      |
|    learning_rate        | 0.0001      |
|    loss                 | -0.0779     |
|    n_updates            | 870         |
|    policy_gradient_loss | -0.053      |
|    std                  | 0.126       |
|    value_loss           | 0.0121      |
-----------------------------------------
-----------------------------------------
| rollout/                |             |
|    ep_len_mean          | 241         |
|    ep_rew_mean          | -36.3       |
| time/                   |             |
|    fps                  | 569         |
|    iterations           | 89          |
|    time_elapsed         | 480         |
|    total_timesteps      | 273408      |
| train/                  |             |
|    approx_kl            | 0.028244287 |
|    clip_fraction        | 0.214       |
|    clip_range           | 0.2         |
|    entropy_loss         | 1.31        |
|    explained_variance   | -0.51       |
|    learning_rate        | 0.0001      |
|    loss                 | -0.0886     |
|    n_updates            | 880         |
|    policy_gradient_loss | -0.0518     |
|    std                  | 0.126       |
|    value_loss           | 0.0117      |
-----------------------------------------
-----------------------------------------
| rollout/                |             |
|    ep_len_mean          | 241         |
|    ep_rew_mean          | -36.9       |
| time/                   |             |
|    fps                  | 569         |
|    iterations           | 90          |
|    time_elapsed         | 485         |
|    total_timesteps      | 276480      |
| train/                  |             |
|    approx_kl            | 0.032799426 |
|    clip_fraction        | 0.225       |
|    clip_range           | 0.2         |
|    entropy_loss         | 1.32        |
|    explained_variance   | -0.508      |
|    learning_rate        | 0.0001      |
|    loss                 | -0.0834     |
|    n_updates            | 890         |
|    policy_gradient_loss | -0.0534     |
|    std                  | 0.126       |
|    value_loss           | 0.00997     |
-----------------------------------------
----------------------------------------
| rollout/                |            |
|    ep_len_mean          | 241        |
|    ep_rew_mean          | -36.8      |
| time/                   |            |
|    fps                  | 569        |
|    iterations           | 91         |
|    time_elapsed         | 490        |
|    total_timesteps      | 279552     |
| train/                  |            |
|    approx_kl            | 0.02938629 |
|    clip_fraction        | 0.212      |
|    clip_range           | 0.2        |
|    entropy_loss         | 1.32       |
|    explained_variance   | -0.727     |
|    learning_rate        | 0.0001     |
|    loss                 | -0.0826    |
|    n_updates            | 900        |
|    policy_gradient_loss | -0.0536    |
|    std                  | 0.126      |
|    value_loss           | 0.0121     |
----------------------------------------
-----------------------------------------
| rollout/                |             |
|    ep_len_mean          | 241         |
|    ep_rew_mean          | -36.5       |
| time/                   |             |
|    fps                  | 569         |
|    iterations           | 92          |
|    time_elapsed         | 496         |
|    total_timesteps      | 282624      |
| train/                  |             |
|    approx_kl            | 0.029598624 |
|    clip_fraction        | 0.217       |
|    clip_range           | 0.2         |
|    entropy_loss         | 1.32        |
|    explained_variance   | -0.449      |
|    learning_rate        | 0.0001      |
|    loss                 | -0.0835     |
|    n_updates            | 910         |
|    policy_gradient_loss | -0.0525     |
|    std                  | 0.125       |
|    value_loss           | 0.0115      |
-----------------------------------------
----------------------------------------
| rollout/                |            |
|    ep_len_mean          | 241        |
|    ep_rew_mean          | -36.4      |
| time/                   |            |
|    fps                  | 569        |
|    iterations           | 93         |
|    time_elapsed         | 501        |
|    total_timesteps      | 285696     |
| train/                  |            |
|    approx_kl            | 0.03009387 |
|    clip_fraction        | 0.221      |
|    clip_range           | 0.2        |
|    entropy_loss         | 1.33       |
|    explained_variance   | -0.452     |
|    learning_rate        | 0.0001     |
|    loss                 | -0.0766    |
|    n_updates            | 920        |
|    policy_gradient_loss | -0.0541    |
|    std                  | 0.125      |
|    value_loss           | 0.0102     |
----------------------------------------
-----------------------------------------
| rollout/                |             |
|    ep_len_mean          | 241         |
|    ep_rew_mean          | -36.3       |
| time/                   |             |
|    fps                  | 569         |
|    iterations           | 94          |
|    time_elapsed         | 507         |
|    total_timesteps      | 288768      |
| train/                  |             |
|    approx_kl            | 0.027048668 |
|    clip_fraction        | 0.208       |
|    clip_range           | 0.2         |
|    entropy_loss         | 1.34        |
|    explained_variance   | -0.691      |
|    learning_rate        | 0.0001      |
|    loss                 | -0.0797     |
|    n_updates            | 930         |
|    policy_gradient_loss | -0.0522     |
|    std                  | 0.124       |
|    value_loss           | 0.0112      |
-----------------------------------------
-----------------------------------------
| rollout/                |             |
|    ep_len_mean          | 241         |
|    ep_rew_mean          | -36.3       |
| time/                   |             |
|    fps                  | 569         |
|    iterations           | 95          |
|    time_elapsed         | 512         |
|    total_timesteps      | 291840      |
| train/                  |             |
|    approx_kl            | 0.029431298 |
|    clip_fraction        | 0.214       |
|    clip_range           | 0.2         |
|    entropy_loss         | 1.34        |
|    explained_variance   | -0.335      |
|    learning_rate        | 0.0001      |
|    loss                 | -0.0798     |
|    n_updates            | 940         |
|    policy_gradient_loss | -0.0506     |
|    std                  | 0.124       |
|    value_loss           | 0.00917     |
-----------------------------------------
----------------------------------------
| rollout/                |            |
|    ep_len_mean          | 241        |
|    ep_rew_mean          | -36        |
| time/                   |            |
|    fps                  | 569        |
|    iterations           | 96         |
|    time_elapsed         | 518        |
|    total_timesteps      | 294912     |
| train/                  |            |
|    approx_kl            | 0.02901954 |
|    clip_fraction        | 0.227      |
|    clip_range           | 0.2        |
|    entropy_loss         | 1.35       |
|    explained_variance   | -0.353     |
|    learning_rate        | 0.0001     |
|    loss                 | -0.0925    |
|    n_updates            | 950        |
|    policy_gradient_loss | -0.0526    |
|    std                  | 0.124      |
|    value_loss           | 0.012      |
----------------------------------------
----------------------------------------
| rollout/                |            |
|    ep_len_mean          | 241        |
|    ep_rew_mean          | -36        |
| time/                   |            |
|    fps                  | 569        |
|    iterations           | 97         |
|    time_elapsed         | 523        |
|    total_timesteps      | 297984     |
| train/                  |            |
|    approx_kl            | 0.02918378 |
|    clip_fraction        | 0.23       |
|    clip_range           | 0.2        |
|    entropy_loss         | 1.35       |
|    explained_variance   | -0.495     |
|    learning_rate        | 0.0001     |
|    loss                 | -0.0855    |
|    n_updates            | 960        |
|    policy_gradient_loss | -0.0491    |
|    std                  | 0.124      |
|    value_loss           | 0.0115     |
----------------------------------------
-----------------------------------------
| rollout/                |             |
|    ep_len_mean          | 241         |
|    ep_rew_mean          | -35.5       |
| time/                   |             |
|    fps                  | 569         |
|    iterations           | 98          |
|    time_elapsed         | 528         |
|    total_timesteps      | 301056      |
| train/                  |             |
|    approx_kl            | 0.034023564 |
|    clip_fraction        | 0.233       |
|    clip_range           | 0.2         |
|    entropy_loss         | 1.35        |
|    explained_variance   | -0.36       |
|    learning_rate        | 0.0001      |
|    loss                 | -0.0823     |
|    n_updates            | 970         |
|    policy_gradient_loss | -0.0552     |
|    std                  | 0.123       |
|    value_loss           | 0.0115      |
-----------------------------------------
-----------------------------------------
| rollout/                |             |
|    ep_len_mean          | 241         |
|    ep_rew_mean          | -35.4       |
| time/                   |             |
|    fps                  | 569         |
|    iterations           | 99          |
|    time_elapsed         | 534         |
|    total_timesteps      | 304128      |
| train/                  |             |
|    approx_kl            | 0.027804991 |
|    clip_fraction        | 0.211       |
|    clip_range           | 0.2         |
|    entropy_loss         | 1.36        |
|    explained_variance   | -0.466      |
|    learning_rate        | 0.0001      |
|    loss                 | -0.0833     |
|    n_updates            | 980         |
|    policy_gradient_loss | -0.0507     |
|    std                  | 0.123       |
|    value_loss           | 0.00967     |
-----------------------------------------
----------------------------------------
| rollout/                |            |
|    ep_len_mean          | 241        |
|    ep_rew_mean          | -35.4      |
| time/                   |            |
|    fps                  | 569        |
|    iterations           | 100        |
|    time_elapsed         | 539        |
|    total_timesteps      | 307200     |
| train/                  |            |
|    approx_kl            | 0.03372972 |
|    clip_fraction        | 0.222      |
|    clip_range           | 0.2        |
|    entropy_loss         | 1.36       |
|    explained_variance   | -0.488     |
|    learning_rate        | 0.0001     |
|    loss                 | -0.0849    |
|    n_updates            | 990        |
|    policy_gradient_loss | -0.0535    |
|    std                  | 0.123      |
|    value_loss           | 0.01       |
----------------------------------------
-----------------------------------------
| rollout/                |             |
|    ep_len_mean          | 241         |
|    ep_rew_mean          | -35.7       |
| time/                   |             |
|    fps                  | 569         |
|    iterations           | 101         |
|    time_elapsed         | 544         |
|    total_timesteps      | 310272      |
| train/                  |             |
|    approx_kl            | 0.028887035 |
|    clip_fraction        | 0.215       |
|    clip_range           | 0.2         |
|    entropy_loss         | 1.37        |
|    explained_variance   | -0.33       |
|    learning_rate        | 0.0001      |
|    loss                 | -0.0789     |
|    n_updates            | 1000        |
|    policy_gradient_loss | -0.0496     |
|    std                  | 0.123       |
|    value_loss           | 0.0114      |
-----------------------------------------
-----------------------------------------
| rollout/                |             |
|    ep_len_mean          | 241         |
|    ep_rew_mean          | -35.5       |
| time/                   |             |
|    fps                  | 569         |
|    iterations           | 102         |
|    time_elapsed         | 550         |
|    total_timesteps      | 313344      |
| train/                  |             |
|    approx_kl            | 0.030387288 |
|    clip_fraction        | 0.217       |
|    clip_range           | 0.2         |
|    entropy_loss         | 1.37        |
|    explained_variance   | -0.277      |
|    learning_rate        | 0.0001      |
|    loss                 | -0.0795     |
|    n_updates            | 1010        |
|    policy_gradient_loss | -0.052      |
|    std                  | 0.123       |
|    value_loss           | 0.0102      |
-----------------------------------------
-----------------------------------------
| rollout/                |             |
|    ep_len_mean          | 241         |
|    ep_rew_mean          | -35.8       |
| time/                   |             |
|    fps                  | 569         |
|    iterations           | 103         |
|    time_elapsed         | 555         |
|    total_timesteps      | 316416      |
| train/                  |             |
|    approx_kl            | 0.029523298 |
|    clip_fraction        | 0.215       |
|    clip_range           | 0.2         |
|    entropy_loss         | 1.37        |
|    explained_variance   | -0.31       |
|    learning_rate        | 0.0001      |
|    loss                 | -0.0895     |
|    n_updates            | 1020        |
|    policy_gradient_loss | -0.0518     |
|    std                  | 0.122       |
|    value_loss           | 0.00959     |
-----------------------------------------
-----------------------------------------
| rollout/                |             |
|    ep_len_mean          | 241         |
|    ep_rew_mean          | -36.1       |
| time/                   |             |
|    fps                  | 569         |
|    iterations           | 104         |
|    time_elapsed         | 560         |
|    total_timesteps      | 319488      |
| train/                  |             |
|    approx_kl            | 0.034665134 |
|    clip_fraction        | 0.224       |
|    clip_range           | 0.2         |
|    entropy_loss         | 1.38        |
|    explained_variance   | -0.128      |
|    learning_rate        | 0.0001      |
|    loss                 | -0.0822     |
|    n_updates            | 1030        |
|    policy_gradient_loss | -0.0555     |
|    std                  | 0.122       |
|    value_loss           | 0.01        |
-----------------------------------------
-----------------------------------------
| rollout/                |             |
|    ep_len_mean          | 241         |
|    ep_rew_mean          | -35.9       |
| time/                   |             |
|    fps                  | 569         |
|    iterations           | 105         |
|    time_elapsed         | 565         |
|    total_timesteps      | 322560      |
| train/                  |             |
|    approx_kl            | 0.030324766 |
|    clip_fraction        | 0.229       |
|    clip_range           | 0.2         |
|    entropy_loss         | 1.39        |
|    explained_variance   | -0.456      |
|    learning_rate        | 0.0001      |
|    loss                 | -0.0845     |
|    n_updates            | 1040        |
|    policy_gradient_loss | -0.0525     |
|    std                  | 0.121       |
|    value_loss           | 0.00966     |
-----------------------------------------
-----------------------------------------
| rollout/                |             |
|    ep_len_mean          | 241         |
|    ep_rew_mean          | -35.9       |
| time/                   |             |
|    fps                  | 569         |
|    iterations           | 106         |
|    time_elapsed         | 571         |
|    total_timesteps      | 325632      |
| train/                  |             |
|    approx_kl            | 0.031048656 |
|    clip_fraction        | 0.21        |
|    clip_range           | 0.2         |
|    entropy_loss         | 1.39        |
|    explained_variance   | -0.34       |
|    learning_rate        | 0.0001      |
|    loss                 | -0.082      |
|    n_updates            | 1050        |
|    policy_gradient_loss | -0.0533     |
|    std                  | 0.121       |
|    value_loss           | 0.00754     |
-----------------------------------------
-----------------------------------------
| rollout/                |             |
|    ep_len_mean          | 241         |
|    ep_rew_mean          | -35.8       |
| time/                   |             |
|    fps                  | 569         |
|    iterations           | 107         |
|    time_elapsed         | 576         |
|    total_timesteps      | 328704      |
| train/                  |             |
|    approx_kl            | 0.030179955 |
|    clip_fraction        | 0.215       |
|    clip_range           | 0.2         |
|    entropy_loss         | 1.4         |
|    explained_variance   | -0.45       |
|    learning_rate        | 0.0001      |
|    loss                 | -0.0727     |
|    n_updates            | 1060        |
|    policy_gradient_loss | -0.0516     |
|    std                  | 0.121       |
|    value_loss           | 0.0086      |
-----------------------------------------
-----------------------------------------
| rollout/                |             |
|    ep_len_mean          | 241         |
|    ep_rew_mean          | -35.4       |
| time/                   |             |
|    fps                  | 570         |
|    iterations           | 108         |
|    time_elapsed         | 581         |
|    total_timesteps      | 331776      |
| train/                  |             |
|    approx_kl            | 0.027930282 |
|    clip_fraction        | 0.202       |
|    clip_range           | 0.2         |
|    entropy_loss         | 1.4         |
|    explained_variance   | -0.421      |
|    learning_rate        | 0.0001      |
|    loss                 | -0.0823     |
|    n_updates            | 1070        |
|    policy_gradient_loss | -0.0498     |
|    std                  | 0.121       |
|    value_loss           | 0.00997     |
-----------------------------------------
----------------------------------------
| rollout/                |            |
|    ep_len_mean          | 241        |
|    ep_rew_mean          | -35.2      |
| time/                   |            |
|    fps                  | 570        |
|    iterations           | 109        |
|    time_elapsed         | 587        |
|    total_timesteps      | 334848     |
| train/                  |            |
|    approx_kl            | 0.03517178 |
|    clip_fraction        | 0.229      |
|    clip_range           | 0.2        |
|    entropy_loss         | 1.41       |
|    explained_variance   | -0.324     |
|    learning_rate        | 0.0001     |
|    loss                 | -0.0771    |
|    n_updates            | 1080       |
|    policy_gradient_loss | -0.0542    |
|    std                  | 0.12       |
|    value_loss           | 0.00937    |
----------------------------------------
----------------------------------------
| rollout/                |            |
|    ep_len_mean          | 241        |
|    ep_rew_mean          | -35.3      |
| time/                   |            |
|    fps                  | 570        |
|    iterations           | 110        |
|    time_elapsed         | 592        |
|    total_timesteps      | 337920     |
| train/                  |            |
|    approx_kl            | 0.03149265 |
|    clip_fraction        | 0.22       |
|    clip_range           | 0.2        |
|    entropy_loss         | 1.41       |
|    explained_variance   | -0.239     |
|    learning_rate        | 0.0001     |
|    loss                 | -0.0879    |
|    n_updates            | 1090       |
|    policy_gradient_loss | -0.0528    |
|    std                  | 0.12       |
|    value_loss           | 0.0113     |
----------------------------------------
----------------------------------------
| rollout/                |            |
|    ep_len_mean          | 241        |
|    ep_rew_mean          | -34.9      |
| time/                   |            |
|    fps                  | 570        |
|    iterations           | 111        |
|    time_elapsed         | 597        |
|    total_timesteps      | 340992     |
| train/                  |            |
|    approx_kl            | 0.03213835 |
|    clip_fraction        | 0.231      |
|    clip_range           | 0.2        |
|    entropy_loss         | 1.42       |
|    explained_variance   | -0.218     |
|    learning_rate        | 0.0001     |
|    loss                 | -0.0776    |
|    n_updates            | 1100       |
|    policy_gradient_loss | -0.0522    |
|    std                  | 0.12       |
|    value_loss           | 0.0114     |
----------------------------------------
-----------------------------------------
| rollout/                |             |
|    ep_len_mean          | 241         |
|    ep_rew_mean          | -34.4       |
| time/                   |             |
|    fps                  | 570         |
|    iterations           | 112         |
|    time_elapsed         | 603         |
|    total_timesteps      | 344064      |
| train/                  |             |
|    approx_kl            | 0.033706497 |
|    clip_fraction        | 0.229       |
|    clip_range           | 0.2         |
|    entropy_loss         | 1.42        |
|    explained_variance   | -0.432      |
|    learning_rate        | 0.0001      |
|    loss                 | -0.0774     |
|    n_updates            | 1110        |
|    policy_gradient_loss | -0.0534     |
|    std                  | 0.12        |
|    value_loss           | 0.00856     |
-----------------------------------------
-----------------------------------------
| rollout/                |             |
|    ep_len_mean          | 241         |
|    ep_rew_mean          | -34.5       |
| time/                   |             |
|    fps                  | 570         |
|    iterations           | 113         |
|    time_elapsed         | 608         |
|    total_timesteps      | 347136      |
| train/                  |             |
|    approx_kl            | 0.029089853 |
|    clip_fraction        | 0.224       |
|    clip_range           | 0.2         |
|    entropy_loss         | 1.42        |
|    explained_variance   | -0.0551     |
|    learning_rate        | 0.0001      |
|    loss                 | -0.0833     |
|    n_updates            | 1120        |
|    policy_gradient_loss | -0.0526     |
|    std                  | 0.12        |
|    value_loss           | 0.0113      |
-----------------------------------------
-----------------------------------------
| rollout/                |             |
|    ep_len_mean          | 241         |
|    ep_rew_mean          | -34.5       |
| time/                   |             |
|    fps                  | 570         |
|    iterations           | 114         |
|    time_elapsed         | 614         |
|    total_timesteps      | 350208      |
| train/                  |             |
|    approx_kl            | 0.030136159 |
|    clip_fraction        | 0.216       |
|    clip_range           | 0.2         |
|    entropy_loss         | 1.42        |
|    explained_variance   | -0.433      |
|    learning_rate        | 0.0001      |
|    loss                 | -0.09       |
|    n_updates            | 1130        |
|    policy_gradient_loss | -0.0542     |
|    std                  | 0.119       |
|    value_loss           | 0.00741     |
-----------------------------------------
-----------------------------------------
| rollout/                |             |
|    ep_len_mean          | 241         |
|    ep_rew_mean          | -34.6       |
| time/                   |             |
|    fps                  | 570         |
|    iterations           | 115         |
|    time_elapsed         | 619         |
|    total_timesteps      | 353280      |
| train/                  |             |
|    approx_kl            | 0.030049363 |
|    clip_fraction        | 0.225       |
|    clip_range           | 0.2         |
|    entropy_loss         | 1.43        |
|    explained_variance   | -0.211      |
|    learning_rate        | 0.0001      |
|    loss                 | -0.0788     |
|    n_updates            | 1140        |
|    policy_gradient_loss | -0.0524     |
|    std                  | 0.119       |
|    value_loss           | 0.00992     |
-----------------------------------------
-----------------------------------------
| rollout/                |             |
|    ep_len_mean          | 241         |
|    ep_rew_mean          | -35.2       |
| time/                   |             |
|    fps                  | 570         |
|    iterations           | 116         |
|    time_elapsed         | 625         |
|    total_timesteps      | 356352      |
| train/                  |             |
|    approx_kl            | 0.028290695 |
|    clip_fraction        | 0.219       |
|    clip_range           | 0.2         |
|    entropy_loss         | 1.43        |
|    explained_variance   | -0.0924     |
|    learning_rate        | 0.0001      |
|    loss                 | -0.0767     |
|    n_updates            | 1150        |
|    policy_gradient_loss | -0.0506     |
|    std                  | 0.119       |
|    value_loss           | 0.00805     |
-----------------------------------------
-----------------------------------------
| rollout/                |             |
|    ep_len_mean          | 241         |
|    ep_rew_mean          | -35.3       |
| time/                   |             |
|    fps                  | 570         |
|    iterations           | 117         |
|    time_elapsed         | 630         |
|    total_timesteps      | 359424      |
| train/                  |             |
|    approx_kl            | 0.035469234 |
|    clip_fraction        | 0.235       |
|    clip_range           | 0.2         |
|    entropy_loss         | 1.44        |
|    explained_variance   | -0.143      |
|    learning_rate        | 0.0001      |
|    loss                 | -0.0842     |
|    n_updates            | 1160        |
|    policy_gradient_loss | -0.0535     |
|    std                  | 0.118       |
|    value_loss           | 0.00826     |
-----------------------------------------
-----------------------------------------
| rollout/                |             |
|    ep_len_mean          | 241         |
|    ep_rew_mean          | -35.8       |
| time/                   |             |
|    fps                  | 570         |
|    iterations           | 118         |
|    time_elapsed         | 635         |
|    total_timesteps      | 362496      |
| train/                  |             |
|    approx_kl            | 0.031913597 |
|    clip_fraction        | 0.226       |
|    clip_range           | 0.2         |
|    entropy_loss         | 1.45        |
|    explained_variance   | -0.238      |
|    learning_rate        | 0.0001      |
|    loss                 | -0.0812     |
|    n_updates            | 1170        |
|    policy_gradient_loss | -0.053      |
|    std                  | 0.118       |
|    value_loss           | 0.00735     |
-----------------------------------------
-----------------------------------------
| rollout/                |             |
|    ep_len_mean          | 241         |
|    ep_rew_mean          | -35.9       |
| time/                   |             |
|    fps                  | 570         |
|    iterations           | 119         |
|    time_elapsed         | 641         |
|    total_timesteps      | 365568      |
| train/                  |             |
|    approx_kl            | 0.032944694 |
|    clip_fraction        | 0.226       |
|    clip_range           | 0.2         |
|    entropy_loss         | 1.45        |
|    explained_variance   | -0.254      |
|    learning_rate        | 0.0001      |
|    loss                 | -0.0727     |
|    n_updates            | 1180        |
|    policy_gradient_loss | -0.0513     |
|    std                  | 0.118       |
|    value_loss           | 0.00907     |
-----------------------------------------
-----------------------------------------
| rollout/                |             |
|    ep_len_mean          | 241         |
|    ep_rew_mean          | -35.8       |
| time/                   |             |
|    fps                  | 570         |
|    iterations           | 120         |
|    time_elapsed         | 646         |
|    total_timesteps      | 368640      |
| train/                  |             |
|    approx_kl            | 0.033264406 |
|    clip_fraction        | 0.237       |
|    clip_range           | 0.2         |
|    entropy_loss         | 1.46        |
|    explained_variance   | -0.324      |
|    learning_rate        | 0.0001      |
|    loss                 | -0.093      |
|    n_updates            | 1190        |
|    policy_gradient_loss | -0.0562     |
|    std                  | 0.117       |
|    value_loss           | 0.00786     |
-----------------------------------------
-----------------------------------------
| rollout/                |             |
|    ep_len_mean          | 241         |
|    ep_rew_mean          | -35.6       |
| time/                   |             |
|    fps                  | 570         |
|    iterations           | 121         |
|    time_elapsed         | 651         |
|    total_timesteps      | 371712      |
| train/                  |             |
|    approx_kl            | 0.029364832 |
|    clip_fraction        | 0.235       |
|    clip_range           | 0.2         |
|    entropy_loss         | 1.46        |
|    explained_variance   | -0.27       |
|    learning_rate        | 0.0001      |
|    loss                 | -0.0838     |
|    n_updates            | 1200        |
|    policy_gradient_loss | -0.0509     |
|    std                  | 0.117       |
|    value_loss           | 0.0104      |
-----------------------------------------
----------------------------------------
| rollout/                |            |
|    ep_len_mean          | 241        |
|    ep_rew_mean          | -35.2      |
| time/                   |            |
|    fps                  | 570        |
|    iterations           | 122        |
|    time_elapsed         | 657        |
|    total_timesteps      | 374784     |
| train/                  |            |
|    approx_kl            | 0.03306943 |
|    clip_fraction        | 0.227      |
|    clip_range           | 0.2        |
|    entropy_loss         | 1.47       |
|    explained_variance   | -0.0582    |
|    learning_rate        | 0.0001     |
|    loss                 | -0.0888    |
|    n_updates            | 1210       |
|    policy_gradient_loss | -0.0542    |
|    std                  | 0.117      |
|    value_loss           | 0.0097     |
----------------------------------------
-----------------------------------------
| rollout/                |             |
|    ep_len_mean          | 241         |
|    ep_rew_mean          | -34.8       |
| time/                   |             |
|    fps                  | 570         |
|    iterations           | 123         |
|    time_elapsed         | 662         |
|    total_timesteps      | 377856      |
| train/                  |             |
|    approx_kl            | 0.033009455 |
|    clip_fraction        | 0.23        |
|    clip_range           | 0.2         |
|    entropy_loss         | 1.47        |
|    explained_variance   | -0.0286     |
|    learning_rate        | 0.0001      |
|    loss                 | -0.0824     |
|    n_updates            | 1220        |
|    policy_gradient_loss | -0.053      |
|    std                  | 0.117       |
|    value_loss           | 0.00919     |
-----------------------------------------
-----------------------------------------
| rollout/                |             |
|    ep_len_mean          | 241         |
|    ep_rew_mean          | -34.6       |
| time/                   |             |
|    fps                  | 570         |
|    iterations           | 124         |
|    time_elapsed         | 667         |
|    total_timesteps      | 380928      |
| train/                  |             |
|    approx_kl            | 0.031043744 |
|    clip_fraction        | 0.217       |
|    clip_range           | 0.2         |
|    entropy_loss         | 1.47        |
|    explained_variance   | -0.0924     |
|    learning_rate        | 0.0001      |
|    loss                 | -0.0809     |
|    n_updates            | 1230        |
|    policy_gradient_loss | -0.0511     |
|    std                  | 0.116       |
|    value_loss           | 0.00677     |
-----------------------------------------
----------------------------------------
| rollout/                |            |
|    ep_len_mean          | 241        |
|    ep_rew_mean          | -34.7      |
| time/                   |            |
|    fps                  | 570        |
|    iterations           | 125        |
|    time_elapsed         | 673        |
|    total_timesteps      | 384000     |
| train/                  |            |
|    approx_kl            | 0.03455464 |
|    clip_fraction        | 0.237      |
|    clip_range           | 0.2        |
|    entropy_loss         | 1.48       |
|    explained_variance   | -0.0139    |
|    learning_rate        | 0.0001     |
|    loss                 | -0.0809    |
|    n_updates            | 1240       |
|    policy_gradient_loss | -0.056     |
|    std                  | 0.116      |
|    value_loss           | 0.00888    |
----------------------------------------
-----------------------------------------
| rollout/                |             |
|    ep_len_mean          | 241         |
|    ep_rew_mean          | -34.4       |
| time/                   |             |
|    fps                  | 570         |
|    iterations           | 126         |
|    time_elapsed         | 678         |
|    total_timesteps      | 387072      |
| train/                  |             |
|    approx_kl            | 0.032911517 |
|    clip_fraction        | 0.226       |
|    clip_range           | 0.2         |
|    entropy_loss         | 1.48        |
|    explained_variance   | -0.0423     |
|    learning_rate        | 0.0001      |
|    loss                 | -0.082      |
|    n_updates            | 1250        |
|    policy_gradient_loss | -0.0528     |
|    std                  | 0.116       |
|    value_loss           | 0.00817     |
-----------------------------------------
-----------------------------------------
| rollout/                |             |
|    ep_len_mean          | 241         |
|    ep_rew_mean          | -34.5       |
| time/                   |             |
|    fps                  | 570         |
|    iterations           | 127         |
|    time_elapsed         | 683         |
|    total_timesteps      | 390144      |
| train/                  |             |
|    approx_kl            | 0.031941935 |
|    clip_fraction        | 0.231       |
|    clip_range           | 0.2         |
|    entropy_loss         | 1.49        |
|    explained_variance   | -0.00687    |
|    learning_rate        | 0.0001      |
|    loss                 | -0.0872     |
|    n_updates            | 1260        |
|    policy_gradient_loss | -0.0545     |
|    std                  | 0.116       |
|    value_loss           | 0.00884     |
-----------------------------------------
----------------------------------------
| rollout/                |            |
|    ep_len_mean          | 241        |
|    ep_rew_mean          | -34.8      |
| time/                   |            |
|    fps                  | 570        |
|    iterations           | 128        |
|    time_elapsed         | 689        |
|    total_timesteps      | 393216     |
| train/                  |            |
|    approx_kl            | 0.03305721 |
|    clip_fraction        | 0.232      |
|    clip_range           | 0.2        |
|    entropy_loss         | 1.49       |
|    explained_variance   | -0.28      |
|    learning_rate        | 0.0001     |
|    loss                 | -0.076     |
|    n_updates            | 1270       |
|    policy_gradient_loss | -0.0548    |
|    std                  | 0.115      |
|    value_loss           | 0.00858    |
----------------------------------------
-----------------------------------------
| rollout/                |             |
|    ep_len_mean          | 241         |
|    ep_rew_mean          | -34.9       |
| time/                   |             |
|    fps                  | 570         |
|    iterations           | 129         |
|    time_elapsed         | 694         |
|    total_timesteps      | 396288      |
| train/                  |             |
|    approx_kl            | 0.035759762 |
|    clip_fraction        | 0.248       |
|    clip_range           | 0.2         |
|    entropy_loss         | 1.5         |
|    explained_variance   | 0.0167      |
|    learning_rate        | 0.0001      |
|    loss                 | -0.0805     |
|    n_updates            | 1280        |
|    policy_gradient_loss | -0.0572     |
|    std                  | 0.115       |
|    value_loss           | 0.0107      |
-----------------------------------------
-----------------------------------------
| rollout/                |             |
|    ep_len_mean          | 241         |
|    ep_rew_mean          | -35         |
| time/                   |             |
|    fps                  | 570         |
|    iterations           | 130         |
|    time_elapsed         | 699         |
|    total_timesteps      | 399360      |
| train/                  |             |
|    approx_kl            | 0.031057322 |
|    clip_fraction        | 0.236       |
|    clip_range           | 0.2         |
|    entropy_loss         | 1.51        |
|    explained_variance   | -0.168      |
|    learning_rate        | 0.0001      |
|    loss                 | -0.0903     |
|    n_updates            | 1290        |
|    policy_gradient_loss | -0.0552     |
|    std                  | 0.115       |
|    value_loss           | 0.00618     |
-----------------------------------------
---------------------------------------
| rollout/                |           |
|    ep_len_mean          | 241       |
|    ep_rew_mean          | -35.2     |
| time/                   |           |
|    fps                  | 570       |
|    iterations           | 131       |
|    time_elapsed         | 705       |
|    total_timesteps      | 402432    |
| train/                  |           |
|    approx_kl            | 0.0313009 |
|    clip_fraction        | 0.226     |
|    clip_range           | 0.2       |
|    entropy_loss         | 1.51      |
|    explained_variance   | -0.0217   |
|    learning_rate        | 0.0001    |
|    loss                 | -0.0764   |
|    n_updates            | 1300      |
|    policy_gradient_loss | -0.0512   |
|    std                  | 0.115     |
|    value_loss           | 0.0111    |
---------------------------------------

  saved ppo_bc2.zip and ppo_bc2_vecnorm.pkl
