Using cpu device
  6 envs x 6 stacked frames, 24 training seas, preview 8.0 s
  400,000 steps -- the plant runs at ~85x real time per core

----------------------------------
| rollout/           |           |
|    ep_len_mean     | 241       |
|    ep_rew_mean     | -1.31e+04 |
| time/              |           |
|    fps             | 568       |
|    iterations      | 1         |
|    time_elapsed    | 5         |
|    total_timesteps | 3072      |
----------------------------------
-----------------------------------------
| rollout/                |             |
|    ep_len_mean          | 241         |
|    ep_rew_mean          | -1.35e+04   |
| time/                   |             |
|    fps                  | 547         |
|    iterations           | 2           |
|    time_elapsed         | 11          |
|    total_timesteps      | 6144        |
| train/                  |             |
|    approx_kl            | 0.006795252 |
|    clip_fraction        | 0.0547      |
|    clip_range           | 0.2         |
|    entropy_loss         | -2.84       |
|    explained_variance   | -0.0997     |
|    learning_rate        | 0.0003      |
|    loss                 | 1.14        |
|    n_updates            | 10          |
|    policy_gradient_loss | -0.00833    |
|    std                  | 1           |
|    value_loss           | 3.54        |
-----------------------------------------
-----------------------------------------
| rollout/                |             |
|    ep_len_mean          | 241         |
|    ep_rew_mean          | -1.25e+04   |
| time/                   |             |
|    fps                  | 543         |
|    iterations           | 3           |
|    time_elapsed         | 16          |
|    total_timesteps      | 9216        |
| train/                  |             |
|    approx_kl            | 0.005835339 |
|    clip_fraction        | 0.0496      |
|    clip_range           | 0.2         |
|    entropy_loss         | -2.83       |
|    explained_variance   | -0.575      |
|    learning_rate        | 0.0003      |
|    loss                 | 0.0533      |
|    n_updates            | 20          |
|    policy_gradient_loss | -0.0109     |
|    std                  | 0.993       |
|    value_loss           | 0.252       |
-----------------------------------------
-----------------------------------------
| rollout/                |             |
|    ep_len_mean          | 241         |
|    ep_rew_mean          | -1.2e+04    |
| time/                   |             |
|    fps                  | 540         |
|    iterations           | 4           |
|    time_elapsed         | 22          |
|    total_timesteps      | 12288       |
| train/                  |             |
|    approx_kl            | 0.006634476 |
|    clip_fraction        | 0.0549      |
|    clip_range           | 0.2         |
|    entropy_loss         | -2.82       |
|    explained_variance   | -0.554      |
|    learning_rate        | 0.0003      |
|    loss                 | 0.0114      |
|    n_updates            | 30          |
|    policy_gradient_loss | -0.0135     |
|    std                  | 0.984       |
|    value_loss           | 0.0851      |
-----------------------------------------
-----------------------------------------
| rollout/                |             |
|    ep_len_mean          | 241         |
|    ep_rew_mean          | -1.18e+04   |
| time/                   |             |
|    fps                  | 538         |
|    iterations           | 5           |
|    time_elapsed         | 28          |
|    total_timesteps      | 15360       |
| train/                  |             |
|    approx_kl            | 0.006853945 |
|    clip_fraction        | 0.0583      |
|    clip_range           | 0.2         |
|    entropy_loss         | -2.81       |
|    explained_variance   | -0.124      |
|    learning_rate        | 0.0003      |
|    loss                 | 0.00828     |
|    n_updates            | 40          |
|    policy_gradient_loss | -0.0125     |
|    std                  | 0.983       |
|    value_loss           | 0.0793      |
-----------------------------------------
-----------------------------------------
| rollout/                |             |
|    ep_len_mean          | 241         |
|    ep_rew_mean          | -1.19e+04   |
| time/                   |             |
|    fps                  | 534         |
|    iterations           | 6           |
|    time_elapsed         | 34          |
|    total_timesteps      | 18432       |
| train/                  |             |
|    approx_kl            | 0.006632415 |
|    clip_fraction        | 0.0611      |
|    clip_range           | 0.2         |
|    entropy_loss         | -2.8        |
|    explained_variance   | -0.0999     |
|    learning_rate        | 0.0003      |
|    loss                 | 0.0046      |
|    n_updates            | 50          |
|    policy_gradient_loss | -0.0122     |
|    std                  | 0.979       |
|    value_loss           | 0.0669      |
-----------------------------------------
-----------------------------------------
| rollout/                |             |
|    ep_len_mean          | 241         |
|    ep_rew_mean          | -1.16e+04   |
| time/                   |             |
|    fps                  | 532         |
|    iterations           | 7           |
|    time_elapsed         | 40          |
|    total_timesteps      | 21504       |
| train/                  |             |
|    approx_kl            | 0.005272249 |
|    clip_fraction        | 0.0481      |
|    clip_range           | 0.2         |
|    entropy_loss         | -2.79       |
|    explained_variance   | -0.191      |
|    learning_rate        | 0.0003      |
|    loss                 | 0.00976     |
|    n_updates            | 60          |
|    policy_gradient_loss | -0.0122     |
|    std                  | 0.975       |
|    value_loss           | 0.0674      |
-----------------------------------------
------------------------------------------
| rollout/                |              |
|    ep_len_mean          | 241          |
|    ep_rew_mean          | -1.14e+04    |
| time/                   |              |
|    fps                  | 530          |
|    iterations           | 8            |
|    time_elapsed         | 46           |
|    total_timesteps      | 24576        |
| train/                  |              |
|    approx_kl            | 0.0058568516 |
|    clip_fraction        | 0.0511       |
|    clip_range           | 0.2          |
|    entropy_loss         | -2.78        |
|    explained_variance   | -0.266       |
|    learning_rate        | 0.0003       |
|    loss                 | -0.00313     |
|    n_updates            | 70           |
|    policy_gradient_loss | -0.013       |
|    std                  | 0.968        |
|    value_loss           | 0.0534       |
------------------------------------------
-----------------------------------------
| rollout/                |             |
|    ep_len_mean          | 241         |
|    ep_rew_mean          | -1.13e+04   |
| time/                   |             |
|    fps                  | 529         |
|    iterations           | 9           |
|    time_elapsed         | 52          |
|    total_timesteps      | 27648       |
| train/                  |             |
|    approx_kl            | 0.004906803 |
|    clip_fraction        | 0.0394      |
|    clip_range           | 0.2         |
|    entropy_loss         | -2.77       |
|    explained_variance   | -0.0921     |
|    learning_rate        | 0.0003      |
|    loss                 | 0.00323     |
|    n_updates            | 80          |
|    policy_gradient_loss | -0.0121     |
|    std                  | 0.966       |
|    value_loss           | 0.0584      |
-----------------------------------------
-----------------------------------------
| rollout/                |             |
|    ep_len_mean          | 241         |
|    ep_rew_mean          | -1.14e+04   |
| time/                   |             |
|    fps                  | 528         |
|    iterations           | 10          |
|    time_elapsed         | 58          |
|    total_timesteps      | 30720       |
| train/                  |             |
|    approx_kl            | 0.007726606 |
|    clip_fraction        | 0.0699      |
|    clip_range           | 0.2         |
|    entropy_loss         | -2.77       |
|    explained_variance   | 0.365       |
|    learning_rate        | 0.0003      |
|    loss                 | -0.00447    |
|    n_updates            | 90          |
|    policy_gradient_loss | -0.0149     |
|    std                  | 0.971       |
|    value_loss           | 0.0569      |
-----------------------------------------
-----------------------------------------
| rollout/                |             |
|    ep_len_mean          | 241         |
|    ep_rew_mean          | -1.16e+04   |
| time/                   |             |
|    fps                  | 527         |
|    iterations           | 11          |
|    time_elapsed         | 64          |
|    total_timesteps      | 33792       |
| train/                  |             |
|    approx_kl            | 0.005598733 |
|    clip_fraction        | 0.0443      |
|    clip_range           | 0.2         |
|    entropy_loss         | -2.78       |
|    explained_variance   | 0.322       |
|    learning_rate        | 0.0003      |
|    loss                 | 0.00237     |
|    n_updates            | 100         |
|    policy_gradient_loss | -0.0142     |
|    std                  | 0.973       |
|    value_loss           | 0.0739      |
-----------------------------------------
------------------------------------------
| rollout/                |              |
|    ep_len_mean          | 241          |
|    ep_rew_mean          | -1.14e+04    |
| time/                   |              |
|    fps                  | 526          |
|    iterations           | 12           |
|    time_elapsed         | 69           |
|    total_timesteps      | 36864        |
| train/                  |              |
|    approx_kl            | 0.0058321035 |
|    clip_fraction        | 0.0516       |
|    clip_range           | 0.2          |
|    entropy_loss         | -2.79        |
|    explained_variance   | 0.261        |
|    learning_rate        | 0.0003       |
|    loss                 | 0.00534      |
|    n_updates            | 110          |
|    policy_gradient_loss | -0.0128      |
|    std                  | 0.978        |
|    value_loss           | 0.078        |
------------------------------------------
-----------------------------------------
| rollout/                |             |
|    ep_len_mean          | 241         |
|    ep_rew_mean          | -1.15e+04   |
| time/                   |             |
|    fps                  | 526         |
|    iterations           | 13          |
|    time_elapsed         | 75          |
|    total_timesteps      | 39936       |
| train/                  |             |
|    approx_kl            | 0.006816655 |
|    clip_fraction        | 0.0613      |
|    clip_range           | 0.2         |
|    entropy_loss         | -2.79       |
|    explained_variance   | -0.189      |
|    learning_rate        | 0.0003      |
|    loss                 | -0.0105     |
|    n_updates            | 120         |
|    policy_gradient_loss | -0.0149     |
|    std                  | 0.976       |
|    value_loss           | 0.0423      |
-----------------------------------------
-----------------------------------------
| rollout/                |             |
|    ep_len_mean          | 241         |
|    ep_rew_mean          | -1.14e+04   |
| time/                   |             |
|    fps                  | 526         |
|    iterations           | 14          |
|    time_elapsed         | 81          |
|    total_timesteps      | 43008       |
| train/                  |             |
|    approx_kl            | 0.007511633 |
|    clip_fraction        | 0.0684      |
|    clip_range           | 0.2         |
|    entropy_loss         | -2.79       |
|    explained_variance   | 0.0113      |
|    learning_rate        | 0.0003      |
|    loss                 | 0.00741     |
|    n_updates            | 130         |
|    policy_gradient_loss | -0.0161     |
|    std                  | 0.977       |
|    value_loss           | 0.0735      |
-----------------------------------------
----------------------------------------
| rollout/                |            |
|    ep_len_mean          | 241        |
|    ep_rew_mean          | -1.15e+04  |
| time/                   |            |
|    fps                  | 526        |
|    iterations           | 15         |
|    time_elapsed         | 87         |
|    total_timesteps      | 46080      |
| train/                  |            |
|    approx_kl            | 0.00812916 |
|    clip_fraction        | 0.0752     |
|    clip_range           | 0.2        |
|    entropy_loss         | -2.79      |
|    explained_variance   | -0.174     |
|    learning_rate        | 0.0003     |
|    loss                 | -0.0109    |
|    n_updates            | 140        |
|    policy_gradient_loss | -0.0177    |
|    std                  | 0.98       |
|    value_loss           | 0.0462     |
----------------------------------------
-----------------------------------------
| rollout/                |             |
|    ep_len_mean          | 241         |
|    ep_rew_mean          | -1.17e+04   |
| time/                   |             |
|    fps                  | 527         |
|    iterations           | 16          |
|    time_elapsed         | 93          |
|    total_timesteps      | 49152       |
| train/                  |             |
|    approx_kl            | 0.008710784 |
|    clip_fraction        | 0.0865      |
|    clip_range           | 0.2         |
|    entropy_loss         | -2.8        |
|    explained_variance   | 0.449       |
|    learning_rate        | 0.0003      |
|    loss                 | -0.00944    |
|    n_updates            | 150         |
|    policy_gradient_loss | -0.0181     |
|    std                  | 0.982       |
|    value_loss           | 0.0559      |
-----------------------------------------
----------------------------------------
| rollout/                |            |
|    ep_len_mean          | 241        |
|    ep_rew_mean          | -1.21e+04  |
| time/                   |            |
|    fps                  | 527        |
|    iterations           | 17         |
|    time_elapsed         | 99         |
|    total_timesteps      | 52224      |
| train/                  |            |
|    approx_kl            | 0.00752491 |
|    clip_fraction        | 0.0787     |
|    clip_range           | 0.2        |
|    entropy_loss         | -2.8       |
|    explained_variance   | 0.462      |
|    learning_rate        | 0.0003     |
|    loss                 | -0.00325   |
|    n_updates            | 160        |
|    policy_gradient_loss | -0.0193    |
|    std                  | 0.983      |
|    value_loss           | 0.0569     |
----------------------------------------
-----------------------------------------
| rollout/                |             |
|    ep_len_mean          | 241         |
|    ep_rew_mean          | -1.11e+04   |
| time/                   |             |
|    fps                  | 527         |
|    iterations           | 18          |
|    time_elapsed         | 104         |
|    total_timesteps      | 55296       |
| train/                  |             |
|    approx_kl            | 0.007840357 |
|    clip_fraction        | 0.0728      |
|    clip_range           | 0.2         |
|    entropy_loss         | -2.8        |
|    explained_variance   | 0.502       |
|    learning_rate        | 0.0003      |
|    loss                 | 0.00414     |
|    n_updates            | 170         |
|    policy_gradient_loss | -0.0172     |
|    std                  | 0.976       |
|    value_loss           | 0.0902      |
-----------------------------------------
-----------------------------------------
| rollout/                |             |
|    ep_len_mean          | 241         |
|    ep_rew_mean          | -1.08e+04   |
| time/                   |             |
|    fps                  | 527         |
|    iterations           | 19          |
|    time_elapsed         | 110         |
|    total_timesteps      | 58368       |
| train/                  |             |
|    approx_kl            | 0.009435766 |
|    clip_fraction        | 0.085       |
|    clip_range           | 0.2         |
|    entropy_loss         | -2.78       |
|    explained_variance   | 0.457       |
|    learning_rate        | 0.0003      |
|    loss                 | -0.0144     |
|    n_updates            | 180         |
|    policy_gradient_loss | -0.0191     |
|    std                  | 0.969       |
|    value_loss           | 0.0461      |
-----------------------------------------
-----------------------------------------
| rollout/                |             |
|    ep_len_mean          | 241         |
|    ep_rew_mean          | -1.09e+04   |
| time/                   |             |
|    fps                  | 527         |
|    iterations           | 20          |
|    time_elapsed         | 116         |
|    total_timesteps      | 61440       |
| train/                  |             |
|    approx_kl            | 0.008339106 |
|    clip_fraction        | 0.0746      |
|    clip_range           | 0.2         |
|    entropy_loss         | -2.77       |
|    explained_variance   | 0.561       |
|    learning_rate        | 0.0003      |
|    loss                 | -0.0117     |
|    n_updates            | 190         |
|    policy_gradient_loss | -0.0193     |
|    std                  | 0.968       |
|    value_loss           | 0.0577      |
-----------------------------------------
-----------------------------------------
| rollout/                |             |
|    ep_len_mean          | 241         |
|    ep_rew_mean          | -1.05e+04   |
| time/                   |             |
|    fps                  | 528         |
|    iterations           | 21          |
|    time_elapsed         | 122         |
|    total_timesteps      | 64512       |
| train/                  |             |
|    approx_kl            | 0.008457907 |
|    clip_fraction        | 0.0709      |
|    clip_range           | 0.2         |
|    entropy_loss         | -2.77       |
|    explained_variance   | 0.456       |
|    learning_rate        | 0.0003      |
|    loss                 | -0.0112     |
|    n_updates            | 200         |
|    policy_gradient_loss | -0.0182     |
|    std                  | 0.964       |
|    value_loss           | 0.0495      |
-----------------------------------------
-----------------------------------------
| rollout/                |             |
|    ep_len_mean          | 241         |
|    ep_rew_mean          | -1.06e+04   |
| time/                   |             |
|    fps                  | 528         |
|    iterations           | 22          |
|    time_elapsed         | 127         |
|    total_timesteps      | 67584       |
| train/                  |             |
|    approx_kl            | 0.007915229 |
|    clip_fraction        | 0.0799      |
|    clip_range           | 0.2         |
|    entropy_loss         | -2.76       |
|    explained_variance   | 0.552       |
|    learning_rate        | 0.0003      |
|    loss                 | -0.0185     |
|    n_updates            | 210         |
|    policy_gradient_loss | -0.0193     |
|    std                  | 0.959       |
|    value_loss           | 0.0558      |
-----------------------------------------
-----------------------------------------
| rollout/                |             |
|    ep_len_mean          | 241         |
|    ep_rew_mean          | -1.03e+04   |
| time/                   |             |
|    fps                  | 528         |
|    iterations           | 23          |
|    time_elapsed         | 133         |
|    total_timesteps      | 70656       |
| train/                  |             |
|    approx_kl            | 0.007973742 |
|    clip_fraction        | 0.0791      |
|    clip_range           | 0.2         |
|    entropy_loss         | -2.76       |
|    explained_variance   | 0.284       |
|    learning_rate        | 0.0003      |
|    loss                 | -0.00337    |
|    n_updates            | 220         |
|    policy_gradient_loss | -0.0184     |
|    std                  | 0.962       |
|    value_loss           | 0.0669      |
-----------------------------------------
-----------------------------------------
| rollout/                |             |
|    ep_len_mean          | 241         |
|    ep_rew_mean          | -9.97e+03   |
| time/                   |             |
|    fps                  | 528         |
|    iterations           | 24          |
|    time_elapsed         | 139         |
|    total_timesteps      | 73728       |
| train/                  |             |
|    approx_kl            | 0.007656904 |
|    clip_fraction        | 0.0895      |
|    clip_range           | 0.2         |
|    entropy_loss         | -2.76       |
|    explained_variance   | 0.117       |
|    learning_rate        | 0.0003      |
|    loss                 | -0.0191     |
|    n_updates            | 230         |
|    policy_gradient_loss | -0.0193     |
|    std                  | 0.963       |
|    value_loss           | 0.0494      |
-----------------------------------------
-----------------------------------------
| rollout/                |             |
|    ep_len_mean          | 241         |
|    ep_rew_mean          | -8.96e+03   |
| time/                   |             |
|    fps                  | 529         |
|    iterations           | 25          |
|    time_elapsed         | 145         |
|    total_timesteps      | 76800       |
| train/                  |             |
|    approx_kl            | 0.009159124 |
|    clip_fraction        | 0.0977      |
|    clip_range           | 0.2         |
|    entropy_loss         | -2.76       |
|    explained_variance   | 0.0791      |
|    learning_rate        | 0.0003      |
|    loss                 | -0.0199     |
|    n_updates            | 240         |
|    policy_gradient_loss | -0.02       |
|    std                  | 0.962       |
|    value_loss           | 0.0276      |
-----------------------------------------
-----------------------------------------
| rollout/                |             |
|    ep_len_mean          | 241         |
|    ep_rew_mean          | -8.9e+03    |
| time/                   |             |
|    fps                  | 529         |
|    iterations           | 26          |
|    time_elapsed         | 150         |
|    total_timesteps      | 79872       |
| train/                  |             |
|    approx_kl            | 0.008688006 |
|    clip_fraction        | 0.0881      |
|    clip_range           | 0.2         |
|    entropy_loss         | -2.76       |
|    explained_variance   | 0.367       |
|    learning_rate        | 0.0003      |
|    loss                 | -0.0212     |
|    n_updates            | 250         |
|    policy_gradient_loss | -0.0203     |
|    std                  | 0.963       |
|    value_loss           | 0.0266      |
-----------------------------------------
-----------------------------------------
| rollout/                |             |
|    ep_len_mean          | 241         |
|    ep_rew_mean          | -8.23e+03   |
| time/                   |             |
|    fps                  | 529         |
|    iterations           | 27          |
|    time_elapsed         | 156         |
|    total_timesteps      | 82944       |
| train/                  |             |
|    approx_kl            | 0.008929797 |
|    clip_fraction        | 0.0948      |
|    clip_range           | 0.2         |
|    entropy_loss         | -2.76       |
|    explained_variance   | 0.486       |
|    learning_rate        | 0.0003      |
|    loss                 | -0.0236     |
|    n_updates            | 260         |
|    policy_gradient_loss | -0.0206     |
|    std                  | 0.966       |
|    value_loss           | 0.0308      |
-----------------------------------------
------------------------------------------
| rollout/                |              |
|    ep_len_mean          | 241          |
|    ep_rew_mean          | -7.79e+03    |
| time/                   |              |
|    fps                  | 530          |
|    iterations           | 28           |
|    time_elapsed         | 162          |
|    total_timesteps      | 86016        |
| train/                  |              |
|    approx_kl            | 0.0118728345 |
|    clip_fraction        | 0.129        |
|    clip_range           | 0.2          |
|    entropy_loss         | -2.76        |
|    explained_variance   | 0.477        |
|    learning_rate        | 0.0003       |
|    loss                 | -0.0309      |
|    n_updates            | 270          |
|    policy_gradient_loss | -0.025       |
|    std                  | 0.962        |
|    value_loss           | 0.0268       |
------------------------------------------
-----------------------------------------
| rollout/                |             |
|    ep_len_mean          | 241         |
|    ep_rew_mean          | -7.47e+03   |
| time/                   |             |
|    fps                  | 530         |
|    iterations           | 29          |
|    time_elapsed         | 168         |
|    total_timesteps      | 89088       |
| train/                  |             |
|    approx_kl            | 0.009428326 |
|    clip_fraction        | 0.105       |
|    clip_range           | 0.2         |
|    entropy_loss         | -2.75       |
|    explained_variance   | -0.164      |
|    learning_rate        | 0.0003      |
|    loss                 | -0.0211     |
|    n_updates            | 280         |
|    policy_gradient_loss | -0.0201     |
|    std                  | 0.958       |
|    value_loss           | 0.0272      |
-----------------------------------------
-----------------------------------------
| rollout/                |             |
|    ep_len_mean          | 241         |
|    ep_rew_mean          | -7.07e+03   |
| time/                   |             |
|    fps                  | 530         |
|    iterations           | 30          |
|    time_elapsed         | 173         |
|    total_timesteps      | 92160       |
| train/                  |             |
|    approx_kl            | 0.010744532 |
|    clip_fraction        | 0.0978      |
|    clip_range           | 0.2         |
|    entropy_loss         | -2.74       |
|    explained_variance   | -0.292      |
|    learning_rate        | 0.0003      |
|    loss                 | -0.0261     |
|    n_updates            | 290         |
|    policy_gradient_loss | -0.0208     |
|    std                  | 0.951       |
|    value_loss           | 0.0257      |
-----------------------------------------
-----------------------------------------
| rollout/                |             |
|    ep_len_mean          | 241         |
|    ep_rew_mean          | -6.8e+03    |
| time/                   |             |
|    fps                  | 530         |
|    iterations           | 31          |
|    time_elapsed         | 179         |
|    total_timesteps      | 95232       |
| train/                  |             |
|    approx_kl            | 0.009491229 |
|    clip_fraction        | 0.0866      |
|    clip_range           | 0.2         |
|    entropy_loss         | -2.74       |
|    explained_variance   | -0.269      |
|    learning_rate        | 0.0003      |
|    loss                 | -0.0304     |
|    n_updates            | 300         |
|    policy_gradient_loss | -0.0211     |
|    std                  | 0.952       |
|    value_loss           | 0.03        |
-----------------------------------------
-----------------------------------------
| rollout/                |             |
|    ep_len_mean          | 241         |
|    ep_rew_mean          | -6.99e+03   |
| time/                   |             |
|    fps                  | 530         |
|    iterations           | 32          |
|    time_elapsed         | 185         |
|    total_timesteps      | 98304       |
| train/                  |             |
|    approx_kl            | 0.009434854 |
|    clip_fraction        | 0.0907      |
|    clip_range           | 0.2         |
|    entropy_loss         | -2.73       |
|    explained_variance   | 0.24        |
|    learning_rate        | 0.0003      |
|    loss                 | -0.0295     |
|    n_updates            | 310         |
|    policy_gradient_loss | -0.0215     |
|    std                  | 0.944       |
|    value_loss           | 0.0341      |
-----------------------------------------
-----------------------------------------
| rollout/                |             |
|    ep_len_mean          | 241         |
|    ep_rew_mean          | -6.74e+03   |
| time/                   |             |
|    fps                  | 530         |
|    iterations           | 33          |
|    time_elapsed         | 191         |
|    total_timesteps      | 101376      |
| train/                  |             |
|    approx_kl            | 0.011931541 |
|    clip_fraction        | 0.111       |
|    clip_range           | 0.2         |
|    entropy_loss         | -2.72       |
|    explained_variance   | 0.512       |
|    learning_rate        | 0.0003      |
|    loss                 | -0.0269     |
|    n_updates            | 320         |
|    policy_gradient_loss | -0.0245     |
|    std                  | 0.941       |
|    value_loss           | 0.0418      |
-----------------------------------------
-----------------------------------------
| rollout/                |             |
|    ep_len_mean          | 241         |
|    ep_rew_mean          | -6.52e+03   |
| time/                   |             |
|    fps                  | 530         |
|    iterations           | 34          |
|    time_elapsed         | 196         |
|    total_timesteps      | 104448      |
| train/                  |             |
|    approx_kl            | 0.012604792 |
|    clip_fraction        | 0.102       |
|    clip_range           | 0.2         |
|    entropy_loss         | -2.71       |
|    explained_variance   | 0.418       |
|    learning_rate        | 0.0003      |
|    loss                 | -0.0324     |
|    n_updates            | 330         |
|    policy_gradient_loss | -0.0233     |
|    std                  | 0.94        |
|    value_loss           | 0.0213      |
-----------------------------------------
-----------------------------------------
| rollout/                |             |
|    ep_len_mean          | 241         |
|    ep_rew_mean          | -6.4e+03    |
| time/                   |             |
|    fps                  | 530         |
|    iterations           | 35          |
|    time_elapsed         | 202         |
|    total_timesteps      | 107520      |
| train/                  |             |
|    approx_kl            | 0.011381495 |
|    clip_fraction        | 0.112       |
|    clip_range           | 0.2         |
|    entropy_loss         | -2.7        |
|    explained_variance   | 0.464       |
|    learning_rate        | 0.0003      |
|    loss                 | -0.0317     |
|    n_updates            | 340         |
|    policy_gradient_loss | -0.0245     |
|    std                  | 0.929       |
|    value_loss           | 0.0174      |
-----------------------------------------
-----------------------------------------
| rollout/                |             |
|    ep_len_mean          | 241         |
|    ep_rew_mean          | -6.3e+03    |
| time/                   |             |
|    fps                  | 530         |
|    iterations           | 36          |
|    time_elapsed         | 208         |
|    total_timesteps      | 110592      |
| train/                  |             |
|    approx_kl            | 0.011105619 |
|    clip_fraction        | 0.103       |
|    clip_range           | 0.2         |
|    entropy_loss         | -2.68       |
|    explained_variance   | -0.265      |
|    learning_rate        | 0.0003      |
|    loss                 | -0.0291     |
|    n_updates            | 350         |
|    policy_gradient_loss | -0.0225     |
|    std                  | 0.923       |
|    value_loss           | 0.0119      |
-----------------------------------------
----------------------------------------
| rollout/                |            |
|    ep_len_mean          | 241        |
|    ep_rew_mean          | -6.17e+03  |
| time/                   |            |
|    fps                  | 530        |
|    iterations           | 37         |
|    time_elapsed         | 214        |
|    total_timesteps      | 113664     |
| train/                  |            |
|    approx_kl            | 0.01045536 |
|    clip_fraction        | 0.103      |
|    clip_range           | 0.2        |
|    entropy_loss         | -2.68      |
|    explained_variance   | -0.0298    |
|    learning_rate        | 0.0003     |
|    loss                 | -0.0282    |
|    n_updates            | 360        |
|    policy_gradient_loss | -0.0226    |
|    std                  | 0.926      |
|    value_loss           | 0.0115     |
----------------------------------------
-----------------------------------------
| rollout/                |             |
|    ep_len_mean          | 241         |
|    ep_rew_mean          | -5.73e+03   |
| time/                   |             |
|    fps                  | 531         |
|    iterations           | 38          |
|    time_elapsed         | 219         |
|    total_timesteps      | 116736      |
| train/                  |             |
|    approx_kl            | 0.012030189 |
|    clip_fraction        | 0.122       |
|    clip_range           | 0.2         |
|    entropy_loss         | -2.68       |
|    explained_variance   | 0.156       |
|    learning_rate        | 0.0003      |
|    loss                 | -0.0387     |
|    n_updates            | 370         |
|    policy_gradient_loss | -0.025      |
|    std                  | 0.928       |
|    value_loss           | 0.0151      |
-----------------------------------------
-----------------------------------------
| rollout/                |             |
|    ep_len_mean          | 241         |
|    ep_rew_mean          | -5.38e+03   |
| time/                   |             |
|    fps                  | 531         |
|    iterations           | 39          |
|    time_elapsed         | 225         |
|    total_timesteps      | 119808      |
| train/                  |             |
|    approx_kl            | 0.011000085 |
|    clip_fraction        | 0.112       |
|    clip_range           | 0.2         |
|    entropy_loss         | -2.68       |
|    explained_variance   | 0.201       |
|    learning_rate        | 0.0003      |
|    loss                 | -0.0326     |
|    n_updates            | 380         |
|    policy_gradient_loss | -0.0249     |
|    std                  | 0.927       |
|    value_loss           | 0.0148      |
-----------------------------------------
-----------------------------------------
| rollout/                |             |
|    ep_len_mean          | 241         |
|    ep_rew_mean          | -4.54e+03   |
| time/                   |             |
|    fps                  | 531         |
|    iterations           | 40          |
|    time_elapsed         | 231         |
|    total_timesteps      | 122880      |
| train/                  |             |
|    approx_kl            | 0.013304472 |
|    clip_fraction        | 0.131       |
|    clip_range           | 0.2         |
|    entropy_loss         | -2.68       |
|    explained_variance   | 0.466       |
|    learning_rate        | 0.0003      |
|    loss                 | -0.0348     |
|    n_updates            | 390         |
|    policy_gradient_loss | -0.0258     |
|    std                  | 0.922       |
|    value_loss           | 0.0113      |
-----------------------------------------
-----------------------------------------
| rollout/                |             |
|    ep_len_mean          | 241         |
|    ep_rew_mean          | -3.92e+03   |
| time/                   |             |
|    fps                  | 531         |
|    iterations           | 41          |
|    time_elapsed         | 237         |
|    total_timesteps      | 125952      |
| train/                  |             |
|    approx_kl            | 0.014437832 |
|    clip_fraction        | 0.155       |
|    clip_range           | 0.2         |
|    entropy_loss         | -2.67       |
|    explained_variance   | 0.386       |
|    learning_rate        | 0.0003      |
|    loss                 | -0.0378     |
|    n_updates            | 400         |
|    policy_gradient_loss | -0.0261     |
|    std                  | 0.917       |
|    value_loss           | 0.0133      |
-----------------------------------------
-----------------------------------------
| rollout/                |             |
|    ep_len_mean          | 241         |
|    ep_rew_mean          | -3.62e+03   |
| time/                   |             |
|    fps                  | 531         |
|    iterations           | 42          |
|    time_elapsed         | 242         |
|    total_timesteps      | 129024      |
| train/                  |             |
|    approx_kl            | 0.013333815 |
|    clip_fraction        | 0.14        |
|    clip_range           | 0.2         |
|    entropy_loss         | -2.65       |
|    explained_variance   | 0.17        |
|    learning_rate        | 0.0003      |
|    loss                 | -0.0403     |
|    n_updates            | 410         |
|    policy_gradient_loss | -0.0252     |
|    std                  | 0.906       |
|    value_loss           | 0.00573     |
-----------------------------------------
-----------------------------------------
| rollout/                |             |
|    ep_len_mean          | 241         |
|    ep_rew_mean          | -3.28e+03   |
| time/                   |             |
|    fps                  | 531         |
|    iterations           | 43          |
|    time_elapsed         | 248         |
|    total_timesteps      | 132096      |
| train/                  |             |
|    approx_kl            | 0.014560241 |
|    clip_fraction        | 0.139       |
|    clip_range           | 0.2         |
|    entropy_loss         | -2.63       |
|    explained_variance   | -0.0665     |
|    learning_rate        | 0.0003      |
|    loss                 | -0.0447     |
|    n_updates            | 420         |
|    policy_gradient_loss | -0.0238     |
|    std                  | 0.902       |
|    value_loss           | 0.00495     |
-----------------------------------------
-----------------------------------------
| rollout/                |             |
|    ep_len_mean          | 241         |
|    ep_rew_mean          | -2.81e+03   |
| time/                   |             |
|    fps                  | 531         |
|    iterations           | 44          |
|    time_elapsed         | 254         |
|    total_timesteps      | 135168      |
| train/                  |             |
|    approx_kl            | 0.013443484 |
|    clip_fraction        | 0.133       |
|    clip_range           | 0.2         |
|    entropy_loss         | -2.62       |
|    explained_variance   | -0.237      |
|    learning_rate        | 0.0003      |
|    loss                 | -0.0435     |
|    n_updates            | 430         |
|    policy_gradient_loss | -0.0259     |
|    std                  | 0.893       |
|    value_loss           | 0.0048      |
-----------------------------------------
-----------------------------------------
| rollout/                |             |
|    ep_len_mean          | 241         |
|    ep_rew_mean          | -2.29e+03   |
| time/                   |             |
|    fps                  | 531         |
|    iterations           | 45          |
|    time_elapsed         | 260         |
|    total_timesteps      | 138240      |
| train/                  |             |
|    approx_kl            | 0.012278731 |
|    clip_fraction        | 0.118       |
|    clip_range           | 0.2         |
|    entropy_loss         | -2.61       |
|    explained_variance   | -0.329      |
|    learning_rate        | 0.0003      |
|    loss                 | -0.0324     |
|    n_updates            | 440         |
|    policy_gradient_loss | -0.0234     |
|    std                  | 0.891       |
|    value_loss           | 0.00435     |
-----------------------------------------
----------------------------------------
| rollout/                |            |
|    ep_len_mean          | 241        |
|    ep_rew_mean          | -1.93e+03  |
| time/                   |            |
|    fps                  | 531        |
|    iterations           | 46         |
|    time_elapsed         | 265        |
|    total_timesteps      | 141312     |
| train/                  |            |
|    approx_kl            | 0.01132365 |
|    clip_fraction        | 0.105      |
|    clip_range           | 0.2        |
|    entropy_loss         | -2.6       |
|    explained_variance   | -0.3       |
|    learning_rate        | 0.0003     |
|    loss                 | -0.0398    |
|    n_updates            | 450        |
|    policy_gradient_loss | -0.021     |
|    std                  | 0.893      |
|    value_loss           | 0.00416    |
----------------------------------------
------------------------------------------
| rollout/                |              |
|    ep_len_mean          | 241          |
|    ep_rew_mean          | -1.77e+03    |
| time/                   |              |
|    fps                  | 531          |
|    iterations           | 47           |
|    time_elapsed         | 271          |
|    total_timesteps      | 144384       |
| train/                  |              |
|    approx_kl            | 0.0128553165 |
|    clip_fraction        | 0.115        |
|    clip_range           | 0.2          |
|    entropy_loss         | -2.61        |
|    explained_variance   | -0.126       |
|    learning_rate        | 0.0003       |
|    loss                 | -0.0435      |
|    n_updates            | 460          |
|    policy_gradient_loss | -0.0243      |
|    std                  | 0.893        |
|    value_loss           | 0.00355      |
------------------------------------------
-----------------------------------------
| rollout/                |             |
|    ep_len_mean          | 241         |
|    ep_rew_mean          | -1.5e+03    |
| time/                   |             |
|    fps                  | 531         |
|    iterations           | 48          |
|    time_elapsed         | 277         |
|    total_timesteps      | 147456      |
| train/                  |             |
|    approx_kl            | 0.011130598 |
|    clip_fraction        | 0.121       |
|    clip_range           | 0.2         |
|    entropy_loss         | -2.6        |
|    explained_variance   | -0.168      |
|    learning_rate        | 0.0003      |
|    loss                 | -0.0364     |
|    n_updates            | 470         |
|    policy_gradient_loss | -0.0224     |
|    std                  | 0.89        |
|    value_loss           | 0.00331     |
-----------------------------------------
------------------------------------------
| rollout/                |              |
|    ep_len_mean          | 241          |
|    ep_rew_mean          | -1.4e+03     |
| time/                   |              |
|    fps                  | 531          |
|    iterations           | 49           |
|    time_elapsed         | 282          |
|    total_timesteps      | 150528       |
| train/                  |              |
|    approx_kl            | 0.0143603645 |
|    clip_fraction        | 0.13         |
|    clip_range           | 0.2          |
|    entropy_loss         | -2.6         |
|    explained_variance   | -0.263       |
|    learning_rate        | 0.0003       |
|    loss                 | -0.0388      |
|    n_updates            | 480          |
|    policy_gradient_loss | -0.023       |
|    std                  | 0.892        |
|    value_loss           | 0.00316      |
------------------------------------------
-----------------------------------------
| rollout/                |             |
|    ep_len_mean          | 241         |
|    ep_rew_mean          | -1.34e+03   |
| time/                   |             |
|    fps                  | 532         |
|    iterations           | 50          |
|    time_elapsed         | 288         |
|    total_timesteps      | 153600      |
| train/                  |             |
|    approx_kl            | 0.015002324 |
|    clip_fraction        | 0.138       |
|    clip_range           | 0.2         |
|    entropy_loss         | -2.6        |
|    explained_variance   | -0.582      |
|    learning_rate        | 0.0003      |
|    loss                 | -0.0389     |
|    n_updates            | 490         |
|    policy_gradient_loss | -0.0243     |
|    std                  | 0.89        |
|    value_loss           | 0.00207     |
-----------------------------------------
-----------------------------------------
| rollout/                |             |
|    ep_len_mean          | 241         |
|    ep_rew_mean          | -1.24e+03   |
| time/                   |             |
|    fps                  | 532         |
|    iterations           | 51          |
|    time_elapsed         | 294         |
|    total_timesteps      | 156672      |
| train/                  |             |
|    approx_kl            | 0.013979019 |
|    clip_fraction        | 0.13        |
|    clip_range           | 0.2         |
|    entropy_loss         | -2.6        |
|    explained_variance   | -0.713      |
|    learning_rate        | 0.0003      |
|    loss                 | -0.0458     |
|    n_updates            | 500         |
|    policy_gradient_loss | -0.026      |
|    std                  | 0.887       |
|    value_loss           | 0.00171     |
-----------------------------------------
-----------------------------------------
| rollout/                |             |
|    ep_len_mean          | 241         |
|    ep_rew_mean          | -1.25e+03   |
| time/                   |             |
|    fps                  | 532         |
|    iterations           | 52          |
|    time_elapsed         | 300         |
|    total_timesteps      | 159744      |
| train/                  |             |
|    approx_kl            | 0.011595012 |
|    clip_fraction        | 0.117       |
|    clip_range           | 0.2         |
|    entropy_loss         | -2.59       |
|    explained_variance   | -0.675      |
|    learning_rate        | 0.0003      |
|    loss                 | -0.044      |
|    n_updates            | 510         |
|    policy_gradient_loss | -0.0232     |
|    std                  | 0.886       |
|    value_loss           | 0.00177     |
-----------------------------------------
-----------------------------------------
| rollout/                |             |
|    ep_len_mean          | 241         |
|    ep_rew_mean          | -1.06e+03   |
| time/                   |             |
|    fps                  | 532         |
|    iterations           | 53          |
|    time_elapsed         | 305         |
|    total_timesteps      | 162816      |
| train/                  |             |
|    approx_kl            | 0.012965654 |
|    clip_fraction        | 0.115       |
|    clip_range           | 0.2         |
|    entropy_loss         | -2.59       |
|    explained_variance   | -0.569      |
|    learning_rate        | 0.0003      |
|    loss                 | -0.0312     |
|    n_updates            | 520         |
|    policy_gradient_loss | -0.0238     |
|    std                  | 0.881       |
|    value_loss           | 0.00219     |
-----------------------------------------
-----------------------------------------
| rollout/                |             |
|    ep_len_mean          | 241         |
|    ep_rew_mean          | -1.02e+03   |
| time/                   |             |
|    fps                  | 532         |
|    iterations           | 54          |
|    time_elapsed         | 311         |
|    total_timesteps      | 165888      |
| train/                  |             |
|    approx_kl            | 0.012917069 |
|    clip_fraction        | 0.137       |
|    clip_range           | 0.2         |
|    entropy_loss         | -2.57       |
|    explained_variance   | -1.31       |
|    learning_rate        | 0.0003      |
|    loss                 | -0.0449     |
|    n_updates            | 530         |
|    policy_gradient_loss | -0.0266     |
|    std                  | 0.877       |
|    value_loss           | 0.0016      |
-----------------------------------------
-----------------------------------------
| rollout/                |             |
|    ep_len_mean          | 241         |
|    ep_rew_mean          | -948        |
| time/                   |             |
|    fps                  | 532         |
|    iterations           | 55          |
|    time_elapsed         | 317         |
|    total_timesteps      | 168960      |
| train/                  |             |
|    approx_kl            | 0.011894998 |
|    clip_fraction        | 0.112       |
|    clip_range           | 0.2         |
|    entropy_loss         | -2.56       |
|    explained_variance   | -0.432      |
|    learning_rate        | 0.0003      |
|    loss                 | -0.0401     |
|    n_updates            | 540         |
|    policy_gradient_loss | -0.0256     |
|    std                  | 0.869       |
|    value_loss           | 0.00187     |
-----------------------------------------
-----------------------------------------
| rollout/                |             |
|    ep_len_mean          | 241         |
|    ep_rew_mean          | -901        |
| time/                   |             |
|    fps                  | 532         |
|    iterations           | 56          |
|    time_elapsed         | 323         |
|    total_timesteps      | 172032      |
| train/                  |             |
|    approx_kl            | 0.013022647 |
|    clip_fraction        | 0.128       |
|    clip_range           | 0.2         |
|    entropy_loss         | -2.55       |
|    explained_variance   | -0.355      |
|    learning_rate        | 0.0003      |
|    loss                 | -0.0386     |
|    n_updates            | 550         |
|    policy_gradient_loss | -0.0224     |
|    std                  | 0.864       |
|    value_loss           | 0.00204     |
-----------------------------------------
-----------------------------------------
| rollout/                |             |
|    ep_len_mean          | 241         |
|    ep_rew_mean          | -908        |
| time/                   |             |
|    fps                  | 532         |
|    iterations           | 57          |
|    time_elapsed         | 328         |
|    total_timesteps      | 175104      |
| train/                  |             |
|    approx_kl            | 0.013398658 |
|    clip_fraction        | 0.14        |
|    clip_range           | 0.2         |
|    entropy_loss         | -2.54       |
|    explained_variance   | -0.506      |
|    learning_rate        | 0.0003      |
|    loss                 | -0.0335     |
|    n_updates            | 560         |
|    policy_gradient_loss | -0.0232     |
|    std                  | 0.863       |
|    value_loss           | 0.00168     |
-----------------------------------------
-----------------------------------------
| rollout/                |             |
|    ep_len_mean          | 241         |
|    ep_rew_mean          | -956        |
| time/                   |             |
|    fps                  | 532         |
|    iterations           | 58          |
|    time_elapsed         | 334         |
|    total_timesteps      | 178176      |
| train/                  |             |
|    approx_kl            | 0.013604299 |
|    clip_fraction        | 0.115       |
|    clip_range           | 0.2         |
|    entropy_loss         | -2.54       |
|    explained_variance   | -0.328      |
|    learning_rate        | 0.0003      |
|    loss                 | -0.0387     |
|    n_updates            | 570         |
|    policy_gradient_loss | -0.0244     |
|    std                  | 0.862       |
|    value_loss           | 0.00225     |
-----------------------------------------
------------------------------------------
| rollout/                |              |
|    ep_len_mean          | 241          |
|    ep_rew_mean          | -971         |
| time/                   |              |
|    fps                  | 532          |
|    iterations           | 59           |
|    time_elapsed         | 340          |
|    total_timesteps      | 181248       |
| train/                  |              |
|    approx_kl            | 0.0145753985 |
|    clip_fraction        | 0.149        |
|    clip_range           | 0.2          |
|    entropy_loss         | -2.54        |
|    explained_variance   | -0.238       |
|    learning_rate        | 0.0003       |
|    loss                 | -0.0437      |
|    n_updates            | 580          |
|    policy_gradient_loss | -0.0248      |
|    std                  | 0.863        |
|    value_loss           | 0.00223      |
------------------------------------------
-----------------------------------------
| rollout/                |             |
|    ep_len_mean          | 241         |
|    ep_rew_mean          | -910        |
| time/                   |             |
|    fps                  | 532         |
|    iterations           | 60          |
|    time_elapsed         | 346         |
|    total_timesteps      | 184320      |
| train/                  |             |
|    approx_kl            | 0.013676386 |
|    clip_fraction        | 0.131       |
|    clip_range           | 0.2         |
|    entropy_loss         | -2.54       |
|    explained_variance   | -0.175      |
|    learning_rate        | 0.0003      |
|    loss                 | -0.0398     |
|    n_updates            | 590         |
|    policy_gradient_loss | -0.0235     |
|    std                  | 0.86        |
|    value_loss           | 0.00211     |
-----------------------------------------
-----------------------------------------
| rollout/                |             |
|    ep_len_mean          | 241         |
|    ep_rew_mean          | -961        |
| time/                   |             |
|    fps                  | 532         |
|    iterations           | 61          |
|    time_elapsed         | 352         |
|    total_timesteps      | 187392      |
| train/                  |             |
|    approx_kl            | 0.012946554 |
|    clip_fraction        | 0.116       |
|    clip_range           | 0.2         |
|    entropy_loss         | -2.53       |
|    explained_variance   | -1.4        |
|    learning_rate        | 0.0003      |
|    loss                 | -0.0359     |
|    n_updates            | 600         |
|    policy_gradient_loss | -0.0256     |
|    std                  | 0.856       |
|    value_loss           | 0.00123     |
-----------------------------------------
-----------------------------------------
| rollout/                |             |
|    ep_len_mean          | 241         |
|    ep_rew_mean          | -889        |
| time/                   |             |
|    fps                  | 532         |
|    iterations           | 62          |
|    time_elapsed         | 357         |
|    total_timesteps      | 190464      |
| train/                  |             |
|    approx_kl            | 0.013600572 |
|    clip_fraction        | 0.142       |
|    clip_range           | 0.2         |
|    entropy_loss         | -2.52       |
|    explained_variance   | -0.353      |
|    learning_rate        | 0.0003      |
|    loss                 | -0.043      |
|    n_updates            | 610         |
|    policy_gradient_loss | -0.0276     |
|    std                  | 0.853       |
|    value_loss           | 0.00152     |
-----------------------------------------
-----------------------------------------
| rollout/                |             |
|    ep_len_mean          | 241         |
|    ep_rew_mean          | -881        |
| time/                   |             |
|    fps                  | 532         |
|    iterations           | 63          |
|    time_elapsed         | 363         |
|    total_timesteps      | 193536      |
| train/                  |             |
|    approx_kl            | 0.015297763 |
|    clip_fraction        | 0.129       |
|    clip_range           | 0.2         |
|    entropy_loss         | -2.51       |
|    explained_variance   | -0.874      |
|    learning_rate        | 0.0003      |
|    loss                 | -0.0396     |
|    n_updates            | 620         |
|    policy_gradient_loss | -0.0252     |
|    std                  | 0.845       |
|    value_loss           | 0.00117     |
-----------------------------------------
-----------------------------------------
| rollout/                |             |
|    ep_len_mean          | 241         |
|    ep_rew_mean          | -833        |
| time/                   |             |
|    fps                  | 532         |
|    iterations           | 64          |
|    time_elapsed         | 369         |
|    total_timesteps      | 196608      |
| train/                  |             |
|    approx_kl            | 0.015449829 |
|    clip_fraction        | 0.14        |
|    clip_range           | 0.2         |
|    entropy_loss         | -2.49       |
|    explained_variance   | -1.03       |
|    learning_rate        | 0.0003      |
|    loss                 | -0.0427     |
|    n_updates            | 630         |
|    policy_gradient_loss | -0.0277     |
|    std                  | 0.843       |
|    value_loss           | 0.00107     |
-----------------------------------------
-----------------------------------------
| rollout/                |             |
|    ep_len_mean          | 241         |
|    ep_rew_mean          | -782        |
| time/                   |             |
|    fps                  | 532         |
|    iterations           | 65          |
|    time_elapsed         | 375         |
|    total_timesteps      | 199680      |
| train/                  |             |
|    approx_kl            | 0.014384456 |
|    clip_fraction        | 0.126       |
|    clip_range           | 0.2         |
|    entropy_loss         | -2.49       |
|    explained_variance   | -0.45       |
|    learning_rate        | 0.0003      |
|    loss                 | -0.0313     |
|    n_updates            | 640         |
|    policy_gradient_loss | -0.023      |
|    std                  | 0.839       |
|    value_loss           | 0.00142     |
-----------------------------------------
-----------------------------------------
| rollout/                |             |
|    ep_len_mean          | 241         |
|    ep_rew_mean          | -708        |
| time/                   |             |
|    fps                  | 532         |
|    iterations           | 66          |
|    time_elapsed         | 380         |
|    total_timesteps      | 202752      |
| train/                  |             |
|    approx_kl            | 0.012632757 |
|    clip_fraction        | 0.124       |
|    clip_range           | 0.2         |
|    entropy_loss         | -2.48       |
|    explained_variance   | -0.828      |
|    learning_rate        | 0.0003      |
|    loss                 | -0.0418     |
|    n_updates            | 650         |
|    policy_gradient_loss | -0.0254     |
|    std                  | 0.835       |
|    value_loss           | 0.00106     |
-----------------------------------------
-----------------------------------------
| rollout/                |             |
|    ep_len_mean          | 241         |
|    ep_rew_mean          | -676        |
| time/                   |             |
|    fps                  | 532         |
|    iterations           | 67          |
|    time_elapsed         | 386         |
|    total_timesteps      | 205824      |
| train/                  |             |
|    approx_kl            | 0.013000559 |
|    clip_fraction        | 0.135       |
|    clip_range           | 0.2         |
|    entropy_loss         | -2.47       |
|    explained_variance   | -0.951      |
|    learning_rate        | 0.0003      |
|    loss                 | -0.0386     |
|    n_updates            | 660         |
|    policy_gradient_loss | -0.0256     |
|    std                  | 0.831       |
|    value_loss           | 0.00102     |
-----------------------------------------
-----------------------------------------
| rollout/                |             |
|    ep_len_mean          | 241         |
|    ep_rew_mean          | -644        |
| time/                   |             |
|    fps                  | 532         |
|    iterations           | 68          |
|    time_elapsed         | 392         |
|    total_timesteps      | 208896      |
| train/                  |             |
|    approx_kl            | 0.014923104 |
|    clip_fraction        | 0.122       |
|    clip_range           | 0.2         |
|    entropy_loss         | -2.46       |
|    explained_variance   | -1.52       |
|    learning_rate        | 0.0003      |
|    loss                 | -0.0305     |
|    n_updates            | 670         |
|    policy_gradient_loss | -0.0246     |
|    std                  | 0.828       |
|    value_loss           | 0.000825    |
-----------------------------------------
-----------------------------------------
| rollout/                |             |
|    ep_len_mean          | 241         |
|    ep_rew_mean          | -591        |
| time/                   |             |
|    fps                  | 532         |
|    iterations           | 69          |
|    time_elapsed         | 397         |
|    total_timesteps      | 211968      |
| train/                  |             |
|    approx_kl            | 0.015454917 |
|    clip_fraction        | 0.133       |
|    clip_range           | 0.2         |
|    entropy_loss         | -2.45       |
|    explained_variance   | -1.3        |
|    learning_rate        | 0.0003      |
|    loss                 | -0.047      |
|    n_updates            | 680         |
|    policy_gradient_loss | -0.0249     |
|    std                  | 0.823       |
|    value_loss           | 0.000842    |
-----------------------------------------
-----------------------------------------
| rollout/                |             |
|    ep_len_mean          | 241         |
|    ep_rew_mean          | -583        |
| time/                   |             |
|    fps                  | 532         |
|    iterations           | 70          |
|    time_elapsed         | 403         |
|    total_timesteps      | 215040      |
| train/                  |             |
|    approx_kl            | 0.014435593 |
|    clip_fraction        | 0.126       |
|    clip_range           | 0.2         |
|    entropy_loss         | -2.44       |
|    explained_variance   | -1.23       |
|    learning_rate        | 0.0003      |
|    loss                 | -0.038      |
|    n_updates            | 690         |
|    policy_gradient_loss | -0.0257     |
|    std                  | 0.817       |
|    value_loss           | 0.000769    |
-----------------------------------------
-----------------------------------------
| rollout/                |             |
|    ep_len_mean          | 241         |
|    ep_rew_mean          | -546        |
| time/                   |             |
|    fps                  | 532         |
|    iterations           | 71          |
|    time_elapsed         | 409         |
|    total_timesteps      | 218112      |
| train/                  |             |
|    approx_kl            | 0.016245982 |
|    clip_fraction        | 0.14        |
|    clip_range           | 0.2         |
|    entropy_loss         | -2.42       |
|    explained_variance   | -0.924      |
|    learning_rate        | 0.0003      |
|    loss                 | -0.0413     |
|    n_updates            | 700         |
|    policy_gradient_loss | -0.0298     |
|    std                  | 0.81        |
|    value_loss           | 0.000862    |
-----------------------------------------
-----------------------------------------
| rollout/                |             |
|    ep_len_mean          | 241         |
|    ep_rew_mean          | -507        |
| time/                   |             |
|    fps                  | 532         |
|    iterations           | 72          |
|    time_elapsed         | 415         |
|    total_timesteps      | 221184      |
| train/                  |             |
|    approx_kl            | 0.016185483 |
|    clip_fraction        | 0.163       |
|    clip_range           | 0.2         |
|    entropy_loss         | -2.41       |
|    explained_variance   | -0.777      |
|    learning_rate        | 0.0003      |
|    loss                 | -0.0354     |
|    n_updates            | 710         |
|    policy_gradient_loss | -0.0286     |
|    std                  | 0.809       |
|    value_loss           | 0.000716    |
-----------------------------------------
------------------------------------------
| rollout/                |              |
|    ep_len_mean          | 241          |
|    ep_rew_mean          | -457         |
| time/                   |              |
|    fps                  | 532          |
|    iterations           | 73           |
|    time_elapsed         | 420          |
|    total_timesteps      | 224256       |
| train/                  |              |
|    approx_kl            | 0.0133013725 |
|    clip_fraction        | 0.119        |
|    clip_range           | 0.2          |
|    entropy_loss         | -2.4         |
|    explained_variance   | -1.21        |
|    learning_rate        | 0.0003       |
|    loss                 | -0.0452      |
|    n_updates            | 720          |
|    policy_gradient_loss | -0.0235      |
|    std                  | 0.804        |
|    value_loss           | 0.000694     |
------------------------------------------
-----------------------------------------
| rollout/                |             |
|    ep_len_mean          | 241         |
|    ep_rew_mean          | -444        |
| time/                   |             |
|    fps                  | 533         |
|    iterations           | 74          |
|    time_elapsed         | 426         |
|    total_timesteps      | 227328      |
| train/                  |             |
|    approx_kl            | 0.014696327 |
|    clip_fraction        | 0.129       |
|    clip_range           | 0.2         |
|    entropy_loss         | -2.4        |
|    explained_variance   | -0.667      |
|    learning_rate        | 0.0003      |
|    loss                 | -0.0461     |
|    n_updates            | 730         |
|    policy_gradient_loss | -0.0274     |
|    std                  | 0.802       |
|    value_loss           | 0.000776    |
-----------------------------------------
------------------------------------------
| rollout/                |              |
|    ep_len_mean          | 241          |
|    ep_rew_mean          | -406         |
| time/                   |              |
|    fps                  | 533          |
|    iterations           | 75           |
|    time_elapsed         | 432          |
|    total_timesteps      | 230400       |
| train/                  |              |
|    approx_kl            | 0.0124107255 |
|    clip_fraction        | 0.124        |
|    clip_range           | 0.2          |
|    entropy_loss         | -2.39        |
|    explained_variance   | -0.771       |
|    learning_rate        | 0.0003       |
|    loss                 | -0.0371      |
|    n_updates            | 740          |
|    policy_gradient_loss | -0.0234      |
|    std                  | 0.797        |
|    value_loss           | 0.000719     |
------------------------------------------
-----------------------------------------
| rollout/                |             |
|    ep_len_mean          | 241         |
|    ep_rew_mean          | -394        |
| time/                   |             |
|    fps                  | 533         |
|    iterations           | 76          |
|    time_elapsed         | 437         |
|    total_timesteps      | 233472      |
| train/                  |             |
|    approx_kl            | 0.014647129 |
|    clip_fraction        | 0.144       |
|    clip_range           | 0.2         |
|    entropy_loss         | -2.37       |
|    explained_variance   | -2.62       |
|    learning_rate        | 0.0003      |
|    loss                 | -0.042      |
|    n_updates            | 750         |
|    policy_gradient_loss | -0.0236     |
|    std                  | 0.789       |
|    value_loss           | 0.000513    |
-----------------------------------------
-----------------------------------------
| rollout/                |             |
|    ep_len_mean          | 241         |
|    ep_rew_mean          | -404        |
| time/                   |             |
|    fps                  | 533         |
|    iterations           | 77          |
|    time_elapsed         | 443         |
|    total_timesteps      | 236544      |
| train/                  |             |
|    approx_kl            | 0.014247719 |
|    clip_fraction        | 0.135       |
|    clip_range           | 0.2         |
|    entropy_loss         | -2.35       |
|    explained_variance   | -3.06       |
|    learning_rate        | 0.0003      |
|    loss                 | -0.0419     |
|    n_updates            | 760         |
|    policy_gradient_loss | -0.023      |
|    std                  | 0.78        |
|    value_loss           | 0.000431    |
-----------------------------------------
-----------------------------------------
| rollout/                |             |
|    ep_len_mean          | 241         |
|    ep_rew_mean          | -384        |
| time/                   |             |
|    fps                  | 533         |
|    iterations           | 78          |
|    time_elapsed         | 449         |
|    total_timesteps      | 239616      |
| train/                  |             |
|    approx_kl            | 0.015890727 |
|    clip_fraction        | 0.144       |
|    clip_range           | 0.2         |
|    entropy_loss         | -2.33       |
|    explained_variance   | -0.559      |
|    learning_rate        | 0.0003      |
|    loss                 | -0.0563     |
|    n_updates            | 770         |
|    policy_gradient_loss | -0.028      |
|    std                  | 0.774       |
|    value_loss           | 0.000782    |
-----------------------------------------
----------------------------------------
| rollout/                |            |
|    ep_len_mean          | 241        |
|    ep_rew_mean          | -387       |
| time/                   |            |
|    fps                  | 533        |
|    iterations           | 79         |
|    time_elapsed         | 454        |
|    total_timesteps      | 242688     |
| train/                  |            |
|    approx_kl            | 0.01401858 |
|    clip_fraction        | 0.147      |
|    clip_range           | 0.2        |
|    entropy_loss         | -2.31      |
|    explained_variance   | -0.952     |
|    learning_rate        | 0.0003     |
|    loss                 | -0.0382    |
|    n_updates            | 780        |
|    policy_gradient_loss | -0.0271    |
|    std                  | 0.77       |
|    value_loss           | 0.000647   |
----------------------------------------
----------------------------------------
| rollout/                |            |
|    ep_len_mean          | 241        |
|    ep_rew_mean          | -392       |
| time/                   |            |
|    fps                  | 533        |
|    iterations           | 80         |
|    time_elapsed         | 460        |
|    total_timesteps      | 245760     |
| train/                  |            |
|    approx_kl            | 0.01599768 |
|    clip_fraction        | 0.143      |
|    clip_range           | 0.2        |
|    entropy_loss         | -2.3       |
|    explained_variance   | -1.51      |
|    learning_rate        | 0.0003     |
|    loss                 | -0.0438    |
|    n_updates            | 790        |
|    policy_gradient_loss | -0.026     |
|    std                  | 0.763      |
|    value_loss           | 0.000559   |
----------------------------------------
-----------------------------------------
| rollout/                |             |
|    ep_len_mean          | 241         |
|    ep_rew_mean          | -355        |
| time/                   |             |
|    fps                  | 533         |
|    iterations           | 81          |
|    time_elapsed         | 466         |
|    total_timesteps      | 248832      |
| train/                  |             |
|    approx_kl            | 0.013623089 |
|    clip_fraction        | 0.136       |
|    clip_range           | 0.2         |
|    entropy_loss         | -2.29       |
|    explained_variance   | -1.66       |
|    learning_rate        | 0.0003      |
|    loss                 | -0.0475     |
|    n_updates            | 800         |
|    policy_gradient_loss | -0.0246     |
|    std                  | 0.76        |
|    value_loss           | 0.000467    |
-----------------------------------------
-----------------------------------------
| rollout/                |             |
|    ep_len_mean          | 241         |
|    ep_rew_mean          | -332        |
| time/                   |             |
|    fps                  | 533         |
|    iterations           | 82          |
|    time_elapsed         | 471         |
|    total_timesteps      | 251904      |
| train/                  |             |
|    approx_kl            | 0.013312039 |
|    clip_fraction        | 0.162       |
|    clip_range           | 0.2         |
|    entropy_loss         | -2.28       |
|    explained_variance   | -3.49       |
|    learning_rate        | 0.0003      |
|    loss                 | -0.0507     |
|    n_updates            | 810         |
|    policy_gradient_loss | -0.0265     |
|    std                  | 0.757       |
|    value_loss           | 0.000405    |
-----------------------------------------
-----------------------------------------
| rollout/                |             |
|    ep_len_mean          | 241         |
|    ep_rew_mean          | -350        |
| time/                   |             |
|    fps                  | 533         |
|    iterations           | 83          |
|    time_elapsed         | 477         |
|    total_timesteps      | 254976      |
| train/                  |             |
|    approx_kl            | 0.012677043 |
|    clip_fraction        | 0.136       |
|    clip_range           | 0.2         |
|    entropy_loss         | -2.27       |
|    explained_variance   | -2.43       |
|    learning_rate        | 0.0003      |
|    loss                 | -0.0534     |
|    n_updates            | 820         |
|    policy_gradient_loss | -0.0267     |
|    std                  | 0.751       |
|    value_loss           | 0.00036     |
-----------------------------------------
-----------------------------------------
| rollout/                |             |
|    ep_len_mean          | 241         |
|    ep_rew_mean          | -345        |
| time/                   |             |
|    fps                  | 533         |
|    iterations           | 84          |
|    time_elapsed         | 483         |
|    total_timesteps      | 258048      |
| train/                  |             |
|    approx_kl            | 0.018956764 |
|    clip_fraction        | 0.154       |
|    clip_range           | 0.2         |
|    entropy_loss         | -2.26       |
|    explained_variance   | -0.772      |
|    learning_rate        | 0.0003      |
|    loss                 | -0.0447     |
|    n_updates            | 830         |
|    policy_gradient_loss | -0.0259     |
|    std                  | 0.749       |
|    value_loss           | 0.00065     |
-----------------------------------------
-----------------------------------------
| rollout/                |             |
|    ep_len_mean          | 241         |
|    ep_rew_mean          | -320        |
| time/                   |             |
|    fps                  | 533         |
|    iterations           | 85          |
|    time_elapsed         | 489         |
|    total_timesteps      | 261120      |
| train/                  |             |
|    approx_kl            | 0.017269444 |
|    clip_fraction        | 0.148       |
|    clip_range           | 0.2         |
|    entropy_loss         | -2.25       |
|    explained_variance   | -2.26       |
|    learning_rate        | 0.0003      |
|    loss                 | -0.0457     |
|    n_updates            | 840         |
|    policy_gradient_loss | -0.0298     |
|    std                  | 0.743       |
|    value_loss           | 0.000375    |
-----------------------------------------
----------------------------------------
| rollout/                |            |
|    ep_len_mean          | 241        |
|    ep_rew_mean          | -308       |
| time/                   |            |
|    fps                  | 534        |
|    iterations           | 86         |
|    time_elapsed         | 494        |
|    total_timesteps      | 264192     |
| train/                  |            |
|    approx_kl            | 0.01412375 |
|    clip_fraction        | 0.119      |
|    clip_range           | 0.2        |
|    entropy_loss         | -2.23      |
|    explained_variance   | -1.07      |
|    learning_rate        | 0.0003     |
|    loss                 | -0.0403    |
|    n_updates            | 850        |
|    policy_gradient_loss | -0.0235    |
|    std                  | 0.739      |
|    value_loss           | 0.000547   |
----------------------------------------
----------------------------------------
| rollout/                |            |
|    ep_len_mean          | 241        |
|    ep_rew_mean          | -291       |
| time/                   |            |
|    fps                  | 534        |
|    iterations           | 87         |
|    time_elapsed         | 500        |
|    total_timesteps      | 267264     |
| train/                  |            |
|    approx_kl            | 0.01487505 |
|    clip_fraction        | 0.147      |
|    clip_range           | 0.2        |
|    entropy_loss         | -2.22      |
|    explained_variance   | -3.68      |
|    learning_rate        | 0.0003     |
|    loss                 | -0.0522    |
|    n_updates            | 860        |
|    policy_gradient_loss | -0.0265    |
|    std                  | 0.733      |
|    value_loss           | 0.00033    |
----------------------------------------
-----------------------------------------
| rollout/                |             |
|    ep_len_mean          | 241         |
|    ep_rew_mean          | -269        |
| time/                   |             |
|    fps                  | 534         |
|    iterations           | 88          |
|    time_elapsed         | 506         |
|    total_timesteps      | 270336      |
| train/                  |             |
|    approx_kl            | 0.016929293 |
|    clip_fraction        | 0.159       |
|    clip_range           | 0.2         |
|    entropy_loss         | -2.21       |
|    explained_variance   | -2.19       |
|    learning_rate        | 0.0003      |
|    loss                 | -0.0397     |
|    n_updates            | 870         |
|    policy_gradient_loss | -0.0297     |
|    std                  | 0.729       |
|    value_loss           | 0.000368    |
-----------------------------------------
-----------------------------------------
| rollout/                |             |
|    ep_len_mean          | 241         |
|    ep_rew_mean          | -266        |
| time/                   |             |
|    fps                  | 534         |
|    iterations           | 89          |
|    time_elapsed         | 511         |
|    total_timesteps      | 273408      |
| train/                  |             |
|    approx_kl            | 0.015904045 |
|    clip_fraction        | 0.148       |
|    clip_range           | 0.2         |
|    entropy_loss         | -2.19       |
|    explained_variance   | -4.06       |
|    learning_rate        | 0.0003      |
|    loss                 | -0.0421     |
|    n_updates            | 880         |
|    policy_gradient_loss | -0.0271     |
|    std                  | 0.723       |
|    value_loss           | 0.000313    |
-----------------------------------------
-----------------------------------------
| rollout/                |             |
|    ep_len_mean          | 241         |
|    ep_rew_mean          | -261        |
| time/                   |             |
|    fps                  | 534         |
|    iterations           | 90          |
|    time_elapsed         | 517         |
|    total_timesteps      | 276480      |
| train/                  |             |
|    approx_kl            | 0.015807213 |
|    clip_fraction        | 0.147       |
|    clip_range           | 0.2         |
|    entropy_loss         | -2.18       |
|    explained_variance   | -3.03       |
|    learning_rate        | 0.0003      |
|    loss                 | -0.046      |
|    n_updates            | 890         |
|    policy_gradient_loss | -0.0275     |
|    std                  | 0.72        |
|    value_loss           | 0.000316    |
-----------------------------------------
-----------------------------------------
| rollout/                |             |
|    ep_len_mean          | 241         |
|    ep_rew_mean          | -231        |
| time/                   |             |
|    fps                  | 534         |
|    iterations           | 91          |
|    time_elapsed         | 523         |
|    total_timesteps      | 279552      |
| train/                  |             |
|    approx_kl            | 0.018190878 |
|    clip_fraction        | 0.156       |
|    clip_range           | 0.2         |
|    entropy_loss         | -2.18       |
|    explained_variance   | -2.28       |
|    learning_rate        | 0.0003      |
|    loss                 | -0.0448     |
|    n_updates            | 900         |
|    policy_gradient_loss | -0.0275     |
|    std                  | 0.719       |
|    value_loss           | 0.000349    |
-----------------------------------------
-----------------------------------------
| rollout/                |             |
|    ep_len_mean          | 241         |
|    ep_rew_mean          | -221        |
| time/                   |             |
|    fps                  | 534         |
|    iterations           | 92          |
|    time_elapsed         | 528         |
|    total_timesteps      | 282624      |
| train/                  |             |
|    approx_kl            | 0.014559813 |
|    clip_fraction        | 0.141       |
|    clip_range           | 0.2         |
|    entropy_loss         | -2.16       |
|    explained_variance   | -3.04       |
|    learning_rate        | 0.0003      |
|    loss                 | -0.0339     |
|    n_updates            | 910         |
|    policy_gradient_loss | -0.0246     |
|    std                  | 0.712       |
|    value_loss           | 0.000329    |
-----------------------------------------
----------------------------------------
| rollout/                |            |
|    ep_len_mean          | 241        |
|    ep_rew_mean          | -239       |
| time/                   |            |
|    fps                  | 534        |
|    iterations           | 93         |
|    time_elapsed         | 534        |
|    total_timesteps      | 285696     |
| train/                  |            |
|    approx_kl            | 0.01819995 |
|    clip_fraction        | 0.172      |
|    clip_range           | 0.2        |
|    entropy_loss         | -2.15      |
|    explained_variance   | -2.84      |
|    learning_rate        | 0.0003     |
|    loss                 | -0.0505    |
|    n_updates            | 920        |
|    policy_gradient_loss | -0.0281    |
|    std                  | 0.709      |
|    value_loss           | 0.000327   |
----------------------------------------
-----------------------------------------
| rollout/                |             |
|    ep_len_mean          | 241         |
|    ep_rew_mean          | -239        |
| time/                   |             |
|    fps                  | 534         |
|    iterations           | 94          |
|    time_elapsed         | 540         |
|    total_timesteps      | 288768      |
| train/                  |             |
|    approx_kl            | 0.014346627 |
|    clip_fraction        | 0.15        |
|    clip_range           | 0.2         |
|    entropy_loss         | -2.14       |
|    explained_variance   | -0.186      |
|    learning_rate        | 0.0003      |
|    loss                 | -0.0438     |
|    n_updates            | 930         |
|    policy_gradient_loss | -0.0251     |
|    std                  | 0.706       |
|    value_loss           | 0.000695    |
-----------------------------------------
-----------------------------------------
| rollout/                |             |
|    ep_len_mean          | 241         |
|    ep_rew_mean          | -240        |
| time/                   |             |
|    fps                  | 534         |
|    iterations           | 95          |
|    time_elapsed         | 546         |
|    total_timesteps      | 291840      |
| train/                  |             |
|    approx_kl            | 0.015042432 |
|    clip_fraction        | 0.142       |
|    clip_range           | 0.2         |
|    entropy_loss         | -2.14       |
|    explained_variance   | -2.76       |
|    learning_rate        | 0.0003      |
|    loss                 | -0.0446     |
|    n_updates            | 940         |
|    policy_gradient_loss | -0.0264     |
|    std                  | 0.704       |
|    value_loss           | 0.00029     |
-----------------------------------------
------------------------------------------
| rollout/                |              |
|    ep_len_mean          | 241          |
|    ep_rew_mean          | -241         |
| time/                   |              |
|    fps                  | 534          |
|    iterations           | 96           |
|    time_elapsed         | 551          |
|    total_timesteps      | 294912       |
| train/                  |              |
|    approx_kl            | 0.0142174745 |
|    clip_fraction        | 0.151        |
|    clip_range           | 0.2          |
|    entropy_loss         | -2.13        |
|    explained_variance   | -1.59        |
|    learning_rate        | 0.0003       |
|    loss                 | -0.0478      |
|    n_updates            | 950          |
|    policy_gradient_loss | -0.0272      |
|    std                  | 0.704        |
|    value_loss           | 0.000362     |
------------------------------------------
-----------------------------------------
| rollout/                |             |
|    ep_len_mean          | 241         |
|    ep_rew_mean          | -246        |
| time/                   |             |
|    fps                  | 534         |
|    iterations           | 97          |
|    time_elapsed         | 557         |
|    total_timesteps      | 297984      |
| train/                  |             |
|    approx_kl            | 0.015429322 |
|    clip_fraction        | 0.142       |
|    clip_range           | 0.2         |
|    entropy_loss         | -2.13       |
|    explained_variance   | -2.32       |
|    learning_rate        | 0.0003      |
|    loss                 | -0.044      |
|    n_updates            | 960         |
|    policy_gradient_loss | -0.0257     |
|    std                  | 0.702       |
|    value_loss           | 0.000297    |
-----------------------------------------
----------------------------------------
| rollout/                |            |
|    ep_len_mean          | 241        |
|    ep_rew_mean          | -243       |
| time/                   |            |
|    fps                  | 534        |
|    iterations           | 98         |
|    time_elapsed         | 563        |
|    total_timesteps      | 301056     |
| train/                  |            |
|    approx_kl            | 0.01461392 |
|    clip_fraction        | 0.143      |
|    clip_range           | 0.2        |
|    entropy_loss         | -2.12      |
|    explained_variance   | -3.06      |
|    learning_rate        | 0.0003     |
|    loss                 | -0.0438    |
|    n_updates            | 970        |
|    policy_gradient_loss | -0.0277    |
|    std                  | 0.697      |
|    value_loss           | 0.000287   |
----------------------------------------
-----------------------------------------
| rollout/                |             |
|    ep_len_mean          | 241         |
|    ep_rew_mean          | -242        |
| time/                   |             |
|    fps                  | 534         |
|    iterations           | 99          |
|    time_elapsed         | 568         |
|    total_timesteps      | 304128      |
| train/                  |             |
|    approx_kl            | 0.015082528 |
|    clip_fraction        | 0.153       |
|    clip_range           | 0.2         |
|    entropy_loss         | -2.11       |
|    explained_variance   | -3.66       |
|    learning_rate        | 0.0003      |
|    loss                 | -0.0507     |
|    n_updates            | 980         |
|    policy_gradient_loss | -0.0257     |
|    std                  | 0.692       |
|    value_loss           | 0.000251    |
-----------------------------------------
-----------------------------------------
| rollout/                |             |
|    ep_len_mean          | 241         |
|    ep_rew_mean          | -246        |
| time/                   |             |
|    fps                  | 534         |
|    iterations           | 100         |
|    time_elapsed         | 574         |
|    total_timesteps      | 307200      |
| train/                  |             |
|    approx_kl            | 0.012978286 |
|    clip_fraction        | 0.147       |
|    clip_range           | 0.2         |
|    entropy_loss         | -2.09       |
|    explained_variance   | -2.71       |
|    learning_rate        | 0.0003      |
|    loss                 | -0.0425     |
|    n_updates            | 990         |
|    policy_gradient_loss | -0.0274     |
|    std                  | 0.685       |
|    value_loss           | 0.000243    |
-----------------------------------------
-----------------------------------------
| rollout/                |             |
|    ep_len_mean          | 241         |
|    ep_rew_mean          | -215        |
| time/                   |             |
|    fps                  | 534         |
|    iterations           | 101         |
|    time_elapsed         | 580         |
|    total_timesteps      | 310272      |
| train/                  |             |
|    approx_kl            | 0.016394524 |
|    clip_fraction        | 0.168       |
|    clip_range           | 0.2         |
|    entropy_loss         | -2.07       |
|    explained_variance   | -2.61       |
|    learning_rate        | 0.0003      |
|    loss                 | -0.0391     |
|    n_updates            | 1000        |
|    policy_gradient_loss | -0.0283     |
|    std                  | 0.681       |
|    value_loss           | 0.000244    |
-----------------------------------------
-----------------------------------------
| rollout/                |             |
|    ep_len_mean          | 241         |
|    ep_rew_mean          | -208        |
| time/                   |             |
|    fps                  | 534         |
|    iterations           | 102         |
|    time_elapsed         | 586         |
|    total_timesteps      | 313344      |
| train/                  |             |
|    approx_kl            | 0.017302671 |
|    clip_fraction        | 0.164       |
|    clip_range           | 0.2         |
|    entropy_loss         | -2.07       |
|    explained_variance   | -2.72       |
|    learning_rate        | 0.0003      |
|    loss                 | -0.0518     |
|    n_updates            | 1010        |
|    policy_gradient_loss | -0.0256     |
|    std                  | 0.681       |
|    value_loss           | 0.000238    |
-----------------------------------------
-----------------------------------------
| rollout/                |             |
|    ep_len_mean          | 241         |
|    ep_rew_mean          | -196        |
| time/                   |             |
|    fps                  | 534         |
|    iterations           | 103         |
|    time_elapsed         | 591         |
|    total_timesteps      | 316416      |
| train/                  |             |
|    approx_kl            | 0.017393803 |
|    clip_fraction        | 0.18        |
|    clip_range           | 0.2         |
|    entropy_loss         | -2.05       |
|    explained_variance   | -3.77       |
|    learning_rate        | 0.0003      |
|    loss                 | -0.0592     |
|    n_updates            | 1020        |
|    policy_gradient_loss | -0.0288     |
|    std                  | 0.673       |
|    value_loss           | 0.000224    |
-----------------------------------------
-----------------------------------------
| rollout/                |             |
|    ep_len_mean          | 241         |
|    ep_rew_mean          | -194        |
| time/                   |             |
|    fps                  | 534         |
|    iterations           | 104         |
|    time_elapsed         | 597         |
|    total_timesteps      | 319488      |
| train/                  |             |
|    approx_kl            | 0.016480947 |
|    clip_fraction        | 0.175       |
|    clip_range           | 0.2         |
|    entropy_loss         | -2.03       |
|    explained_variance   | -2.82       |
|    learning_rate        | 0.0003      |
|    loss                 | -0.047      |
|    n_updates            | 1030        |
|    policy_gradient_loss | -0.031      |
|    std                  | 0.667       |
|    value_loss           | 0.000238    |
-----------------------------------------
-----------------------------------------
| rollout/                |             |
|    ep_len_mean          | 241         |
|    ep_rew_mean          | -200        |
| time/                   |             |
|    fps                  | 534         |
|    iterations           | 105         |
|    time_elapsed         | 603         |
|    total_timesteps      | 322560      |
| train/                  |             |
|    approx_kl            | 0.015046756 |
|    clip_fraction        | 0.177       |
|    clip_range           | 0.2         |
|    entropy_loss         | -2.02       |
|    explained_variance   | -3.19       |
|    learning_rate        | 0.0003      |
|    loss                 | -0.0462     |
|    n_updates            | 1040        |
|    policy_gradient_loss | -0.028      |
|    std                  | 0.663       |
|    value_loss           | 0.000204    |
-----------------------------------------
-----------------------------------------
| rollout/                |             |
|    ep_len_mean          | 241         |
|    ep_rew_mean          | -199        |
| time/                   |             |
|    fps                  | 534         |
|    iterations           | 106         |
|    time_elapsed         | 608         |
|    total_timesteps      | 325632      |
| train/                  |             |
|    approx_kl            | 0.017235382 |
|    clip_fraction        | 0.164       |
|    clip_range           | 0.2         |
|    entropy_loss         | -2.01       |
|    explained_variance   | -1.05       |
|    learning_rate        | 0.0003      |
|    loss                 | -0.0461     |
|    n_updates            | 1050        |
|    policy_gradient_loss | -0.0289     |
|    std                  | 0.659       |
|    value_loss           | 0.000295    |
-----------------------------------------
-----------------------------------------
| rollout/                |             |
|    ep_len_mean          | 241         |
|    ep_rew_mean          | -199        |
| time/                   |             |
|    fps                  | 534         |
|    iterations           | 107         |
|    time_elapsed         | 614         |
|    total_timesteps      | 328704      |
| train/                  |             |
|    approx_kl            | 0.015351717 |
|    clip_fraction        | 0.151       |
|    clip_range           | 0.2         |
|    entropy_loss         | -2          |
|    explained_variance   | -2.79       |
|    learning_rate        | 0.0003      |
|    loss                 | -0.0414     |
|    n_updates            | 1060        |
|    policy_gradient_loss | -0.0294     |
|    std                  | 0.657       |
|    value_loss           | 0.000221    |
-----------------------------------------
---------------------------------------
| rollout/                |           |
|    ep_len_mean          | 241       |
|    ep_rew_mean          | -205      |
| time/                   |           |
|    fps                  | 534       |
|    iterations           | 108       |
|    time_elapsed         | 620       |
|    total_timesteps      | 331776    |
| train/                  |           |
|    approx_kl            | 0.0184561 |
|    clip_fraction        | 0.153     |
|    clip_range           | 0.2       |
|    entropy_loss         | -1.99     |
|    explained_variance   | -2.73     |
|    learning_rate        | 0.0003    |
|    loss                 | -0.0478   |
|    n_updates            | 1070      |
|    policy_gradient_loss | -0.0259   |
|    std                  | 0.654     |
|    value_loss           | 0.000207  |
---------------------------------------
-----------------------------------------
| rollout/                |             |
|    ep_len_mean          | 241         |
|    ep_rew_mean          | -201        |
| time/                   |             |
|    fps                  | 534         |
|    iterations           | 109         |
|    time_elapsed         | 625         |
|    total_timesteps      | 334848      |
| train/                  |             |
|    approx_kl            | 0.014688585 |
|    clip_fraction        | 0.148       |
|    clip_range           | 0.2         |
|    entropy_loss         | -1.98       |
|    explained_variance   | -1.38       |
|    learning_rate        | 0.0003      |
|    loss                 | -0.0416     |
|    n_updates            | 1080        |
|    policy_gradient_loss | -0.0242     |
|    std                  | 0.65        |
|    value_loss           | 0.000194    |
-----------------------------------------
-----------------------------------------
| rollout/                |             |
|    ep_len_mean          | 241         |
|    ep_rew_mean          | -198        |
| time/                   |             |
|    fps                  | 534         |
|    iterations           | 110         |
|    time_elapsed         | 631         |
|    total_timesteps      | 337920      |
| train/                  |             |
|    approx_kl            | 0.016971374 |
|    clip_fraction        | 0.166       |
|    clip_range           | 0.2         |
|    entropy_loss         | -1.97       |
|    explained_variance   | -4.99       |
|    learning_rate        | 0.0003      |
|    loss                 | -0.0544     |
|    n_updates            | 1090        |
|    policy_gradient_loss | -0.0295     |
|    std                  | 0.648       |
|    value_loss           | 0.000175    |
-----------------------------------------
----------------------------------------
| rollout/                |            |
|    ep_len_mean          | 241        |
|    ep_rew_mean          | -197       |
| time/                   |            |
|    fps                  | 534        |
|    iterations           | 111        |
|    time_elapsed         | 637        |
|    total_timesteps      | 340992     |
| train/                  |            |
|    approx_kl            | 0.01747035 |
|    clip_fraction        | 0.156      |
|    clip_range           | 0.2        |
|    entropy_loss         | -1.96      |
|    explained_variance   | -4.1       |
|    learning_rate        | 0.0003     |
|    loss                 | -0.0458    |
|    n_updates            | 1100       |
|    policy_gradient_loss | -0.03      |
|    std                  | 0.645      |
|    value_loss           | 0.000167   |
----------------------------------------
-----------------------------------------
| rollout/                |             |
|    ep_len_mean          | 241         |
|    ep_rew_mean          | -198        |
| time/                   |             |
|    fps                  | 535         |
|    iterations           | 112         |
|    time_elapsed         | 643         |
|    total_timesteps      | 344064      |
| train/                  |             |
|    approx_kl            | 0.016921239 |
|    clip_fraction        | 0.155       |
|    clip_range           | 0.2         |
|    entropy_loss         | -1.95       |
|    explained_variance   | -3.16       |
|    learning_rate        | 0.0003      |
|    loss                 | -0.05       |
|    n_updates            | 1110        |
|    policy_gradient_loss | -0.0298     |
|    std                  | 0.64        |
|    value_loss           | 0.000168    |
-----------------------------------------
-----------------------------------------
| rollout/                |             |
|    ep_len_mean          | 241         |
|    ep_rew_mean          | -183        |
| time/                   |             |
|    fps                  | 535         |
|    iterations           | 113         |
|    time_elapsed         | 648         |
|    total_timesteps      | 347136      |
| train/                  |             |
|    approx_kl            | 0.016538652 |
|    clip_fraction        | 0.153       |
|    clip_range           | 0.2         |
|    entropy_loss         | -1.94       |
|    explained_variance   | -1.93       |
|    learning_rate        | 0.0003      |
|    loss                 | -0.0536     |
|    n_updates            | 1120        |
|    policy_gradient_loss | -0.0291     |
|    std                  | 0.636       |
|    value_loss           | 0.000213    |
-----------------------------------------
----------------------------------------
| rollout/                |            |
|    ep_len_mean          | 241        |
|    ep_rew_mean          | -189       |
| time/                   |            |
|    fps                  | 535        |
|    iterations           | 114        |
|    time_elapsed         | 654        |
|    total_timesteps      | 350208     |
| train/                  |            |
|    approx_kl            | 0.01799075 |
|    clip_fraction        | 0.165      |
|    clip_range           | 0.2        |
|    entropy_loss         | -1.93      |
|    explained_variance   | -2.84      |
|    learning_rate        | 0.0003     |
|    loss                 | -0.0579    |
|    n_updates            | 1130       |
|    policy_gradient_loss | -0.0304    |
|    std                  | 0.634      |
|    value_loss           | 0.000152   |
----------------------------------------
----------------------------------------
| rollout/                |            |
|    ep_len_mean          | 241        |
|    ep_rew_mean          | -191       |
| time/                   |            |
|    fps                  | 535        |
|    iterations           | 115        |
|    time_elapsed         | 660        |
|    total_timesteps      | 353280     |
| train/                  |            |
|    approx_kl            | 0.01913811 |
|    clip_fraction        | 0.186      |
|    clip_range           | 0.2        |
|    entropy_loss         | -1.92      |
|    explained_variance   | -0.766     |
|    learning_rate        | 0.0003     |
|    loss                 | -0.0435    |
|    n_updates            | 1140       |
|    policy_gradient_loss | -0.0282    |
|    std                  | 0.633      |
|    value_loss           | 0.000262   |
----------------------------------------
----------------------------------------
| rollout/                |            |
|    ep_len_mean          | 241        |
|    ep_rew_mean          | -187       |
| time/                   |            |
|    fps                  | 535        |
|    iterations           | 116        |
|    time_elapsed         | 665        |
|    total_timesteps      | 356352     |
| train/                  |            |
|    approx_kl            | 0.01625289 |
|    clip_fraction        | 0.157      |
|    clip_range           | 0.2        |
|    entropy_loss         | -1.92      |
|    explained_variance   | -2.07      |
|    learning_rate        | 0.0003     |
|    loss                 | -0.0474    |
|    n_updates            | 1150       |
|    policy_gradient_loss | -0.0281    |
|    std                  | 0.63       |
|    value_loss           | 0.000184   |
----------------------------------------
--------------------------------------
| rollout/                |          |
|    ep_len_mean          | 241      |
|    ep_rew_mean          | -185     |
| time/                   |          |
|    fps                  | 535      |
|    iterations           | 117      |
|    time_elapsed         | 671      |
|    total_timesteps      | 359424   |
| train/                  |          |
|    approx_kl            | 0.018931 |
|    clip_fraction        | 0.167    |
|    clip_range           | 0.2      |
|    entropy_loss         | -1.91    |
|    explained_variance   | -1.36    |
|    learning_rate        | 0.0003   |
|    loss                 | -0.0371  |
|    n_updates            | 1160     |
|    policy_gradient_loss | -0.0291  |
|    std                  | 0.628    |
|    value_loss           | 0.000227 |
--------------------------------------
-----------------------------------------
| rollout/                |             |
|    ep_len_mean          | 241         |
|    ep_rew_mean          | -197        |
| time/                   |             |
|    fps                  | 535         |
|    iterations           | 118         |
|    time_elapsed         | 677         |
|    total_timesteps      | 362496      |
| train/                  |             |
|    approx_kl            | 0.015363487 |
|    clip_fraction        | 0.156       |
|    clip_range           | 0.2         |
|    entropy_loss         | -1.9        |
|    explained_variance   | -2.73       |
|    learning_rate        | 0.0003      |
|    loss                 | -0.0522     |
|    n_updates            | 1170        |
|    policy_gradient_loss | -0.0291     |
|    std                  | 0.625       |
|    value_loss           | 0.000181    |
-----------------------------------------
-----------------------------------------
| rollout/                |             |
|    ep_len_mean          | 241         |
|    ep_rew_mean          | -199        |
| time/                   |             |
|    fps                  | 535         |
|    iterations           | 119         |
|    time_elapsed         | 682         |
|    total_timesteps      | 365568      |
| train/                  |             |
|    approx_kl            | 0.019036142 |
|    clip_fraction        | 0.175       |
|    clip_range           | 0.2         |
|    entropy_loss         | -1.89       |
|    explained_variance   | -1.36       |
|    learning_rate        | 0.0003      |
|    loss                 | -0.0477     |
|    n_updates            | 1180        |
|    policy_gradient_loss | -0.0282     |
|    std                  | 0.623       |
|    value_loss           | 0.000204    |
-----------------------------------------
-----------------------------------------
| rollout/                |             |
|    ep_len_mean          | 241         |
|    ep_rew_mean          | -204        |
| time/                   |             |
|    fps                  | 535         |
|    iterations           | 120         |
|    time_elapsed         | 688         |
|    total_timesteps      | 368640      |
| train/                  |             |
|    approx_kl            | 0.018390832 |
|    clip_fraction        | 0.161       |
|    clip_range           | 0.2         |
|    entropy_loss         | -1.88       |
|    explained_variance   | -0.804      |
|    learning_rate        | 0.0003      |
|    loss                 | -0.0425     |
|    n_updates            | 1190        |
|    policy_gradient_loss | -0.0265     |
|    std                  | 0.616       |
|    value_loss           | 0.000188    |
-----------------------------------------
----------------------------------------
| rollout/                |            |
|    ep_len_mean          | 241        |
|    ep_rew_mean          | -191       |
| time/                   |            |
|    fps                  | 535        |
|    iterations           | 121        |
|    time_elapsed         | 694        |
|    total_timesteps      | 371712     |
| train/                  |            |
|    approx_kl            | 0.01659097 |
|    clip_fraction        | 0.173      |
|    clip_range           | 0.2        |
|    entropy_loss         | -1.86      |
|    explained_variance   | -1.36      |
|    learning_rate        | 0.0003     |
|    loss                 | -0.0425    |
|    n_updates            | 1200       |
|    policy_gradient_loss | -0.0251    |
|    std                  | 0.614      |
|    value_loss           | 0.000207   |
----------------------------------------
----------------------------------------
| rollout/                |            |
|    ep_len_mean          | 241        |
|    ep_rew_mean          | -180       |
| time/                   |            |
|    fps                  | 535        |
|    iterations           | 122        |
|    time_elapsed         | 699        |
|    total_timesteps      | 374784     |
| train/                  |            |
|    approx_kl            | 0.01761973 |
|    clip_fraction        | 0.168      |
|    clip_range           | 0.2        |
|    entropy_loss         | -1.86      |
|    explained_variance   | -3.95      |
|    learning_rate        | 0.0003     |
|    loss                 | -0.0388    |
|    n_updates            | 1210       |
|    policy_gradient_loss | -0.0301    |
|    std                  | 0.612      |
|    value_loss           | 0.000143   |
----------------------------------------
-----------------------------------------
| rollout/                |             |
|    ep_len_mean          | 241         |
|    ep_rew_mean          | -171        |
| time/                   |             |
|    fps                  | 535         |
|    iterations           | 123         |
|    time_elapsed         | 705         |
|    total_timesteps      | 377856      |
| train/                  |             |
|    approx_kl            | 0.015992021 |
|    clip_fraction        | 0.188       |
|    clip_range           | 0.2         |
|    entropy_loss         | -1.85       |
|    explained_variance   | -5.52       |
|    learning_rate        | 0.0003      |
|    loss                 | -0.0505     |
|    n_updates            | 1220        |
|    policy_gradient_loss | -0.0303     |
|    std                  | 0.608       |
|    value_loss           | 0.000121    |
-----------------------------------------
-----------------------------------------
| rollout/                |             |
|    ep_len_mean          | 241         |
|    ep_rew_mean          | -166        |
| time/                   |             |
|    fps                  | 535         |
|    iterations           | 124         |
|    time_elapsed         | 711         |
|    total_timesteps      | 380928      |
| train/                  |             |
|    approx_kl            | 0.019502683 |
|    clip_fraction        | 0.175       |
|    clip_range           | 0.2         |
|    entropy_loss         | -1.83       |
|    explained_variance   | -5.03       |
|    learning_rate        | 0.0003      |
|    loss                 | -0.0567     |
|    n_updates            | 1230        |
|    policy_gradient_loss | -0.0296     |
|    std                  | 0.603       |
|    value_loss           | 0.000142    |
-----------------------------------------
-----------------------------------------
| rollout/                |             |
|    ep_len_mean          | 241         |
|    ep_rew_mean          | -159        |
| time/                   |             |
|    fps                  | 535         |
|    iterations           | 125         |
|    time_elapsed         | 716         |
|    total_timesteps      | 384000      |
| train/                  |             |
|    approx_kl            | 0.019584151 |
|    clip_fraction        | 0.167       |
|    clip_range           | 0.2         |
|    entropy_loss         | -1.82       |
|    explained_variance   | -4.04       |
|    learning_rate        | 0.0003      |
|    loss                 | -0.046      |
|    n_updates            | 1240        |
|    policy_gradient_loss | -0.0295     |
|    std                  | 0.601       |
|    value_loss           | 0.000133    |
-----------------------------------------
-----------------------------------------
| rollout/                |             |
|    ep_len_mean          | 241         |
|    ep_rew_mean          | -150        |
| time/                   |             |
|    fps                  | 535         |
|    iterations           | 126         |
|    time_elapsed         | 722         |
|    total_timesteps      | 387072      |
| train/                  |             |
|    approx_kl            | 0.015304427 |
|    clip_fraction        | 0.171       |
|    clip_range           | 0.2         |
|    entropy_loss         | -1.81       |
|    explained_variance   | -4.22       |
|    learning_rate        | 0.0003      |
|    loss                 | -0.0504     |
|    n_updates            | 1250        |
|    policy_gradient_loss | -0.0283     |
|    std                  | 0.597       |
|    value_loss           | 0.000119    |
-----------------------------------------
----------------------------------------
| rollout/                |            |
|    ep_len_mean          | 241        |
|    ep_rew_mean          | -138       |
| time/                   |            |
|    fps                  | 535        |
|    iterations           | 127        |
|    time_elapsed         | 728        |
|    total_timesteps      | 390144     |
| train/                  |            |
|    approx_kl            | 0.01998007 |
|    clip_fraction        | 0.184      |
|    clip_range           | 0.2        |
|    entropy_loss         | -1.8       |
|    explained_variance   | -4.12      |
|    learning_rate        | 0.0003     |
|    loss                 | -0.0498    |
|    n_updates            | 1260       |
|    policy_gradient_loss | -0.0293    |
|    std                  | 0.595      |
|    value_loss           | 0.00011    |
----------------------------------------
-----------------------------------------
| rollout/                |             |
|    ep_len_mean          | 241         |
|    ep_rew_mean          | -140        |
| time/                   |             |
|    fps                  | 535         |
|    iterations           | 128         |
|    time_elapsed         | 733         |
|    total_timesteps      | 393216      |
| train/                  |             |
|    approx_kl            | 0.019143173 |
|    clip_fraction        | 0.171       |
|    clip_range           | 0.2         |
|    entropy_loss         | -1.79       |
|    explained_variance   | -4.21       |
|    learning_rate        | 0.0003      |
|    loss                 | -0.049      |
|    n_updates            | 1270        |
|    policy_gradient_loss | -0.0312     |
|    std                  | 0.591       |
|    value_loss           | 0.000119    |
-----------------------------------------
-----------------------------------------
| rollout/                |             |
|    ep_len_mean          | 241         |
|    ep_rew_mean          | -146        |
| time/                   |             |
|    fps                  | 535         |
|    iterations           | 129         |
|    time_elapsed         | 739         |
|    total_timesteps      | 396288      |
| train/                  |             |
|    approx_kl            | 0.020725166 |
|    clip_fraction        | 0.166       |
|    clip_range           | 0.2         |
|    entropy_loss         | -1.78       |
|    explained_variance   | -1.02       |
|    learning_rate        | 0.0003      |
|    loss                 | -0.0367     |
|    n_updates            | 1280        |
|    policy_gradient_loss | -0.027      |
|    std                  | 0.589       |
|    value_loss           | 0.00017     |
-----------------------------------------
-----------------------------------------
| rollout/                |             |
|    ep_len_mean          | 241         |
|    ep_rew_mean          | -146        |
| time/                   |             |
|    fps                  | 535         |
|    iterations           | 130         |
|    time_elapsed         | 745         |
|    total_timesteps      | 399360      |
| train/                  |             |
|    approx_kl            | 0.021429932 |
|    clip_fraction        | 0.184       |
|    clip_range           | 0.2         |
|    entropy_loss         | -1.77       |
|    explained_variance   | -2.22       |
|    learning_rate        | 0.0003      |
|    loss                 | -0.058      |
|    n_updates            | 1290        |
|    policy_gradient_loss | -0.0323     |
|    std                  | 0.587       |
|    value_loss           | 0.000133    |
-----------------------------------------
-----------------------------------------
| rollout/                |             |
|    ep_len_mean          | 241         |
|    ep_rew_mean          | -151        |
| time/                   |             |
|    fps                  | 535         |
|    iterations           | 131         |
|    time_elapsed         | 750         |
|    total_timesteps      | 402432      |
| train/                  |             |
|    approx_kl            | 0.020616958 |
|    clip_fraction        | 0.18        |
|    clip_range           | 0.2         |
|    entropy_loss         | -1.76       |
|    explained_variance   | -3.68       |
|    learning_rate        | 0.0003      |
|    loss                 | -0.0511     |
|    n_updates            | 1300        |
|    policy_gradient_loss | -0.0282     |
|    std                  | 0.584       |
|    value_loss           | 0.000123    |
-----------------------------------------

  saved ppo_usv.zip and ppo_usv_vecnorm.pkl
