  using cached demonstrations (30000, 234)
  demos (30000, 234), actions (30000, 2)

Using cpu device
  cloning for 60 epochs ...
    epoch   0  action MSE 0.02337
    epoch   5  action MSE 0.00362
    epoch  10  action MSE 0.00051
    epoch  15  action MSE 0.00032
    epoch  20  action MSE 0.00031
    epoch  25  action MSE 0.00028
    epoch  30  action MSE 0.00056
    epoch  35  action MSE 0.00026
    epoch  40  action MSE 0.00026
    epoch  45  action MSE 0.00022
    epoch  50  action MSE 0.00029
    epoch  55  action MSE 0.00028
    epoch  59  action MSE 0.00025
  net_arch 512,512,256, log_std pinned to std = 0.15, ent_coef 0.0

  fine-tuning with PPO for 400,000 steps (ent_coef 0.0)

---------------------------------
| rollout/           |          |
|    ep_len_mean     | 241      |
|    ep_rew_mean     | -68.2    |
| time/              |          |
|    fps             | 555      |
|    iterations      | 1        |
|    time_elapsed    | 5        |
|    total_timesteps | 3072     |
---------------------------------
----------------------------------------
| rollout/                |            |
|    ep_len_mean          | 241        |
|    ep_rew_mean          | -67.2      |
| time/                   |            |
|    fps                  | 478        |
|    iterations           | 2          |
|    time_elapsed         | 12         |
|    total_timesteps      | 6144       |
| train/                  |            |
|    approx_kl            | 0.02890108 |
|    clip_fraction        | 0.246      |
|    clip_range           | 0.2        |
|    entropy_loss         | 0.959      |
|    explained_variance   | -0.45      |
|    learning_rate        | 0.0001     |
|    loss                 | 0.137      |
|    n_updates            | 10         |
|    policy_gradient_loss | -0.0649    |
|    std                  | 0.149      |
|    value_loss           | 0.73       |
----------------------------------------
-----------------------------------------
| rollout/                |             |
|    ep_len_mean          | 241         |
|    ep_rew_mean          | -70.2       |
| time/                   |             |
|    fps                  | 455         |
|    iterations           | 3           |
|    time_elapsed         | 20          |
|    total_timesteps      | 9216        |
| train/                  |             |
|    approx_kl            | 0.028931687 |
|    clip_fraction        | 0.214       |
|    clip_range           | 0.2         |
|    entropy_loss         | 0.968       |
|    explained_variance   | -1.97       |
|    learning_rate        | 0.0001      |
|    loss                 | -0.0808     |
|    n_updates            | 20          |
|    policy_gradient_loss | -0.0651     |
|    std                  | 0.149       |
|    value_loss           | 0.0999      |
-----------------------------------------
-----------------------------------------
| rollout/                |             |
|    ep_len_mean          | 241         |
|    ep_rew_mean          | -71.6       |
| time/                   |             |
|    fps                  | 444         |
|    iterations           | 4           |
|    time_elapsed         | 27          |
|    total_timesteps      | 12288       |
| train/                  |             |
|    approx_kl            | 0.028902119 |
|    clip_fraction        | 0.216       |
|    clip_range           | 0.2         |
|    entropy_loss         | 0.974       |
|    explained_variance   | -0.358      |
|    learning_rate        | 0.0001      |
|    loss                 | -0.0593     |
|    n_updates            | 30          |
|    policy_gradient_loss | -0.0631     |
|    std                  | 0.148       |
|    value_loss           | 0.14        |
-----------------------------------------
-----------------------------------------
| rollout/                |             |
|    ep_len_mean          | 241         |
|    ep_rew_mean          | -71.9       |
| time/                   |             |
|    fps                  | 437         |
|    iterations           | 5           |
|    time_elapsed         | 35          |
|    total_timesteps      | 15360       |
| train/                  |             |
|    approx_kl            | 0.029953534 |
|    clip_fraction        | 0.22        |
|    clip_range           | 0.2         |
|    entropy_loss         | 0.984       |
|    explained_variance   | -0.98       |
|    learning_rate        | 0.0001      |
|    loss                 | -0.0629     |
|    n_updates            | 40          |
|    policy_gradient_loss | -0.057      |
|    std                  | 0.148       |
|    value_loss           | 0.117       |
-----------------------------------------
-----------------------------------------
| rollout/                |             |
|    ep_len_mean          | 241         |
|    ep_rew_mean          | -69.3       |
| time/                   |             |
|    fps                  | 433         |
|    iterations           | 6           |
|    time_elapsed         | 42          |
|    total_timesteps      | 18432       |
| train/                  |             |
|    approx_kl            | 0.033158947 |
|    clip_fraction        | 0.241       |
|    clip_range           | 0.2         |
|    entropy_loss         | 0.994       |
|    explained_variance   | -1.4        |
|    learning_rate        | 0.0001      |
|    loss                 | -0.0854     |
|    n_updates            | 50          |
|    policy_gradient_loss | -0.0679     |
|    std                  | 0.147       |
|    value_loss           | 0.0809      |
-----------------------------------------
-----------------------------------------
| rollout/                |             |
|    ep_len_mean          | 241         |
|    ep_rew_mean          | -68.1       |
| time/                   |             |
|    fps                  | 431         |
|    iterations           | 7           |
|    time_elapsed         | 49          |
|    total_timesteps      | 21504       |
| train/                  |             |
|    approx_kl            | 0.029508894 |
|    clip_fraction        | 0.222       |
|    clip_range           | 0.2         |
|    entropy_loss         | 1           |
|    explained_variance   | -2.71       |
|    learning_rate        | 0.0001      |
|    loss                 | -0.102      |
|    n_updates            | 60          |
|    policy_gradient_loss | -0.0693     |
|    std                  | 0.146       |
|    value_loss           | 0.0372      |
-----------------------------------------
-----------------------------------------
| rollout/                |             |
|    ep_len_mean          | 241         |
|    ep_rew_mean          | -67.1       |
| time/                   |             |
|    fps                  | 428         |
|    iterations           | 8           |
|    time_elapsed         | 57          |
|    total_timesteps      | 24576       |
| train/                  |             |
|    approx_kl            | 0.031814236 |
|    clip_fraction        | 0.236       |
|    clip_range           | 0.2         |
|    entropy_loss         | 1.01        |
|    explained_variance   | -0.564      |
|    learning_rate        | 0.0001      |
|    loss                 | -0.0881     |
|    n_updates            | 70          |
|    policy_gradient_loss | -0.0683     |
|    std                  | 0.146       |
|    value_loss           | 0.054       |
-----------------------------------------
----------------------------------------
| rollout/                |            |
|    ep_len_mean          | 241        |
|    ep_rew_mean          | -64.5      |
| time/                   |            |
|    fps                  | 426        |
|    iterations           | 9          |
|    time_elapsed         | 64         |
|    total_timesteps      | 27648      |
| train/                  |            |
|    approx_kl            | 0.03358675 |
|    clip_fraction        | 0.247      |
|    clip_range           | 0.2        |
|    entropy_loss         | 1.02       |
|    explained_variance   | -1.8       |
|    learning_rate        | 0.0001     |
|    loss                 | -0.0955    |
|    n_updates            | 80         |
|    policy_gradient_loss | -0.0734    |
|    std                  | 0.145      |
|    value_loss           | 0.0437     |
----------------------------------------
-----------------------------------------
| rollout/                |             |
|    ep_len_mean          | 241         |
|    ep_rew_mean          | -63.3       |
| time/                   |             |
|    fps                  | 424         |
|    iterations           | 10          |
|    time_elapsed         | 72          |
|    total_timesteps      | 30720       |
| train/                  |             |
|    approx_kl            | 0.031869527 |
|    clip_fraction        | 0.243       |
|    clip_range           | 0.2         |
|    entropy_loss         | 1.02        |
|    explained_variance   | -2.13       |
|    learning_rate        | 0.0001      |
|    loss                 | -0.108      |
|    n_updates            | 90          |
|    policy_gradient_loss | -0.071      |
|    std                  | 0.145       |
|    value_loss           | 0.0311      |
-----------------------------------------
-----------------------------------------
| rollout/                |             |
|    ep_len_mean          | 241         |
|    ep_rew_mean          | -60.4       |
| time/                   |             |
|    fps                  | 423         |
|    iterations           | 11          |
|    time_elapsed         | 79          |
|    total_timesteps      | 33792       |
| train/                  |             |
|    approx_kl            | 0.033360284 |
|    clip_fraction        | 0.242       |
|    clip_range           | 0.2         |
|    entropy_loss         | 1.03        |
|    explained_variance   | -0.906      |
|    learning_rate        | 0.0001      |
|    loss                 | -0.0899     |
|    n_updates            | 100         |
|    policy_gradient_loss | -0.0675     |
|    std                  | 0.144       |
|    value_loss           | 0.0493      |
-----------------------------------------
-----------------------------------------
| rollout/                |             |
|    ep_len_mean          | 241         |
|    ep_rew_mean          | -57.8       |
| time/                   |             |
|    fps                  | 422         |
|    iterations           | 12          |
|    time_elapsed         | 87          |
|    total_timesteps      | 36864       |
| train/                  |             |
|    approx_kl            | 0.034229152 |
|    clip_fraction        | 0.246       |
|    clip_range           | 0.2         |
|    entropy_loss         | 1.04        |
|    explained_variance   | -3.13       |
|    learning_rate        | 0.0001      |
|    loss                 | -0.113      |
|    n_updates            | 110         |
|    policy_gradient_loss | -0.0738     |
|    std                  | 0.144       |
|    value_loss           | 0.0328      |
-----------------------------------------
-----------------------------------------
| rollout/                |             |
|    ep_len_mean          | 241         |
|    ep_rew_mean          | -55.5       |
| time/                   |             |
|    fps                  | 421         |
|    iterations           | 13          |
|    time_elapsed         | 94          |
|    total_timesteps      | 39936       |
| train/                  |             |
|    approx_kl            | 0.036299735 |
|    clip_fraction        | 0.264       |
|    clip_range           | 0.2         |
|    entropy_loss         | 1.05        |
|    explained_variance   | -1.67       |
|    learning_rate        | 0.0001      |
|    loss                 | -0.0961     |
|    n_updates            | 120         |
|    policy_gradient_loss | -0.0704     |
|    std                  | 0.143       |
|    value_loss           | 0.0385      |
-----------------------------------------
-----------------------------------------
| rollout/                |             |
|    ep_len_mean          | 241         |
|    ep_rew_mean          | -54.5       |
| time/                   |             |
|    fps                  | 420         |
|    iterations           | 14          |
|    time_elapsed         | 102         |
|    total_timesteps      | 43008       |
| train/                  |             |
|    approx_kl            | 0.033398982 |
|    clip_fraction        | 0.249       |
|    clip_range           | 0.2         |
|    entropy_loss         | 1.05        |
|    explained_variance   | -1.24       |
|    learning_rate        | 0.0001      |
|    loss                 | -0.103      |
|    n_updates            | 130         |
|    policy_gradient_loss | -0.0702     |
|    std                  | 0.143       |
|    value_loss           | 0.0311      |
-----------------------------------------
----------------------------------------
| rollout/                |            |
|    ep_len_mean          | 241        |
|    ep_rew_mean          | -53        |
| time/                   |            |
|    fps                  | 419        |
|    iterations           | 15         |
|    time_elapsed         | 109        |
|    total_timesteps      | 46080      |
| train/                  |            |
|    approx_kl            | 0.03781387 |
|    clip_fraction        | 0.266      |
|    clip_range           | 0.2        |
|    entropy_loss         | 1.06       |
|    explained_variance   | -2.49      |
|    learning_rate        | 0.0001     |
|    loss                 | -0.11      |
|    n_updates            | 140        |
|    policy_gradient_loss | -0.077     |
|    std                  | 0.142      |
|    value_loss           | 0.028      |
----------------------------------------
----------------------------------------
| rollout/                |            |
|    ep_len_mean          | 241        |
|    ep_rew_mean          | -51.7      |
| time/                   |            |
|    fps                  | 418        |
|    iterations           | 16         |
|    time_elapsed         | 117        |
|    total_timesteps      | 49152      |
| train/                  |            |
|    approx_kl            | 0.03671361 |
|    clip_fraction        | 0.269      |
|    clip_range           | 0.2        |
|    entropy_loss         | 1.07       |
|    explained_variance   | -2.38      |
|    learning_rate        | 0.0001     |
|    loss                 | -0.115     |
|    n_updates            | 150        |
|    policy_gradient_loss | -0.0775    |
|    std                  | 0.141      |
|    value_loss           | 0.0235     |
----------------------------------------
----------------------------------------
| rollout/                |            |
|    ep_len_mean          | 241        |
|    ep_rew_mean          | -50.3      |
| time/                   |            |
|    fps                  | 415        |
|    iterations           | 17         |
|    time_elapsed         | 125        |
|    total_timesteps      | 52224      |
| train/                  |            |
|    approx_kl            | 0.03792632 |
|    clip_fraction        | 0.269      |
|    clip_range           | 0.2        |
|    entropy_loss         | 1.08       |
|    explained_variance   | -2.5       |
|    learning_rate        | 0.0001     |
|    loss                 | -0.115     |
|    n_updates            | 160        |
|    policy_gradient_loss | -0.076     |
|    std                  | 0.141      |
|    value_loss           | 0.0207     |
----------------------------------------
-----------------------------------------
| rollout/                |             |
|    ep_len_mean          | 241         |
|    ep_rew_mean          | -49.2       |
| time/                   |             |
|    fps                  | 415         |
|    iterations           | 18          |
|    time_elapsed         | 133         |
|    total_timesteps      | 55296       |
| train/                  |             |
|    approx_kl            | 0.040302698 |
|    clip_fraction        | 0.267       |
|    clip_range           | 0.2         |
|    entropy_loss         | 1.08        |
|    explained_variance   | -2.13       |
|    learning_rate        | 0.0001      |
|    loss                 | -0.114      |
|    n_updates            | 170         |
|    policy_gradient_loss | -0.0771     |
|    std                  | 0.14        |
|    value_loss           | 0.0224      |
-----------------------------------------
----------------------------------------
| rollout/                |            |
|    ep_len_mean          | 241        |
|    ep_rew_mean          | -49.1      |
| time/                   |            |
|    fps                  | 414        |
|    iterations           | 19         |
|    time_elapsed         | 140        |
|    total_timesteps      | 58368      |
| train/                  |            |
|    approx_kl            | 0.04068539 |
|    clip_fraction        | 0.289      |
|    clip_range           | 0.2        |
|    entropy_loss         | 1.09       |
|    explained_variance   | -1.56      |
|    learning_rate        | 0.0001     |
|    loss                 | -0.11      |
|    n_updates            | 180        |
|    policy_gradient_loss | -0.076     |
|    std                  | 0.14       |
|    value_loss           | 0.0289     |
----------------------------------------
-----------------------------------------
| rollout/                |             |
|    ep_len_mean          | 241         |
|    ep_rew_mean          | -47.6       |
| time/                   |             |
|    fps                  | 414         |
|    iterations           | 20          |
|    time_elapsed         | 148         |
|    total_timesteps      | 61440       |
| train/                  |             |
|    approx_kl            | 0.044170607 |
|    clip_fraction        | 0.283       |
|    clip_range           | 0.2         |
|    entropy_loss         | 1.1         |
|    explained_variance   | -1.07       |
|    learning_rate        | 0.0001      |
|    loss                 | -0.109      |
|    n_updates            | 190         |
|    policy_gradient_loss | -0.0747     |
|    std                  | 0.139       |
|    value_loss           | 0.0309      |
-----------------------------------------
-----------------------------------------
| rollout/                |             |
|    ep_len_mean          | 241         |
|    ep_rew_mean          | -46.9       |
| time/                   |             |
|    fps                  | 413         |
|    iterations           | 21          |
|    time_elapsed         | 156         |
|    total_timesteps      | 64512       |
| train/                  |             |
|    approx_kl            | 0.043585375 |
|    clip_fraction        | 0.272       |
|    clip_range           | 0.2         |
|    entropy_loss         | 1.11        |
|    explained_variance   | -1.93       |
|    learning_rate        | 0.0001      |
|    loss                 | -0.112      |
|    n_updates            | 200         |
|    policy_gradient_loss | -0.0765     |
|    std                  | 0.139       |
|    value_loss           | 0.0256      |
-----------------------------------------
-----------------------------------------
| rollout/                |             |
|    ep_len_mean          | 241         |
|    ep_rew_mean          | -45.6       |
| time/                   |             |
|    fps                  | 412         |
|    iterations           | 22          |
|    time_elapsed         | 163         |
|    total_timesteps      | 67584       |
| train/                  |             |
|    approx_kl            | 0.042522103 |
|    clip_fraction        | 0.289       |
|    clip_range           | 0.2         |
|    entropy_loss         | 1.12        |
|    explained_variance   | -2.11       |
|    learning_rate        | 0.0001      |
|    loss                 | -0.123      |
|    n_updates            | 210         |
|    policy_gradient_loss | -0.0792     |
|    std                  | 0.138       |
|    value_loss           | 0.0205      |
-----------------------------------------
----------------------------------------
| rollout/                |            |
|    ep_len_mean          | 241        |
|    ep_rew_mean          | -45.3      |
| time/                   |            |
|    fps                  | 412        |
|    iterations           | 23         |
|    time_elapsed         | 171        |
|    total_timesteps      | 70656      |
| train/                  |            |
|    approx_kl            | 0.04268201 |
|    clip_fraction        | 0.29       |
|    clip_range           | 0.2        |
|    entropy_loss         | 1.13       |
|    explained_variance   | -2.35      |
|    learning_rate        | 0.0001     |
|    loss                 | -0.114     |
|    n_updates            | 220        |
|    policy_gradient_loss | -0.0804    |
|    std                  | 0.137      |
|    value_loss           | 0.0239     |
----------------------------------------
-----------------------------------------
| rollout/                |             |
|    ep_len_mean          | 241         |
|    ep_rew_mean          | -45.1       |
| time/                   |             |
|    fps                  | 411         |
|    iterations           | 24          |
|    time_elapsed         | 178         |
|    total_timesteps      | 73728       |
| train/                  |             |
|    approx_kl            | 0.045057446 |
|    clip_fraction        | 0.291       |
|    clip_range           | 0.2         |
|    entropy_loss         | 1.13        |
|    explained_variance   | -1.74       |
|    learning_rate        | 0.0001      |
|    loss                 | -0.117      |
|    n_updates            | 230         |
|    policy_gradient_loss | -0.0779     |
|    std                  | 0.137       |
|    value_loss           | 0.0208      |
-----------------------------------------
----------------------------------------
| rollout/                |            |
|    ep_len_mean          | 241        |
|    ep_rew_mean          | -43.8      |
| time/                   |            |
|    fps                  | 411        |
|    iterations           | 25         |
|    time_elapsed         | 186        |
|    total_timesteps      | 76800      |
| train/                  |            |
|    approx_kl            | 0.04771717 |
|    clip_fraction        | 0.302      |
|    clip_range           | 0.2        |
|    entropy_loss         | 1.14       |
|    explained_variance   | -1.6       |
|    learning_rate        | 0.0001     |
|    loss                 | -0.112     |
|    n_updates            | 240        |
|    policy_gradient_loss | -0.0787    |
|    std                  | 0.136      |
|    value_loss           | 0.0225     |
----------------------------------------
-----------------------------------------
| rollout/                |             |
|    ep_len_mean          | 241         |
|    ep_rew_mean          | -43         |
| time/                   |             |
|    fps                  | 411         |
|    iterations           | 26          |
|    time_elapsed         | 194         |
|    total_timesteps      | 79872       |
| train/                  |             |
|    approx_kl            | 0.046246048 |
|    clip_fraction        | 0.294       |
|    clip_range           | 0.2         |
|    entropy_loss         | 1.15        |
|    explained_variance   | -1.86       |
|    learning_rate        | 0.0001      |
|    loss                 | -0.119      |
|    n_updates            | 250         |
|    policy_gradient_loss | -0.079      |
|    std                  | 0.136       |
|    value_loss           | 0.019       |
-----------------------------------------
----------------------------------------
| rollout/                |            |
|    ep_len_mean          | 241        |
|    ep_rew_mean          | -41.9      |
| time/                   |            |
|    fps                  | 410        |
|    iterations           | 27         |
|    time_elapsed         | 201        |
|    total_timesteps      | 82944      |
| train/                  |            |
|    approx_kl            | 0.04740106 |
|    clip_fraction        | 0.309      |
|    clip_range           | 0.2        |
|    entropy_loss         | 1.16       |
|    explained_variance   | -1.54      |
|    learning_rate        | 0.0001     |
|    loss                 | -0.118     |
|    n_updates            | 260        |
|    policy_gradient_loss | -0.0827    |
|    std                  | 0.135      |
|    value_loss           | 0.0166     |
----------------------------------------
----------------------------------------
| rollout/                |            |
|    ep_len_mean          | 241        |
|    ep_rew_mean          | -40.9      |
| time/                   |            |
|    fps                  | 410        |
|    iterations           | 28         |
|    time_elapsed         | 209        |
|    total_timesteps      | 86016      |
| train/                  |            |
|    approx_kl            | 0.04946844 |
|    clip_fraction        | 0.316      |
|    clip_range           | 0.2        |
|    entropy_loss         | 1.17       |
|    explained_variance   | -1.52      |
|    learning_rate        | 0.0001     |
|    loss                 | -0.12      |
|    n_updates            | 270        |
|    policy_gradient_loss | -0.0815    |
|    std                  | 0.134      |
|    value_loss           | 0.0148     |
----------------------------------------
-----------------------------------------
| rollout/                |             |
|    ep_len_mean          | 241         |
|    ep_rew_mean          | -40.7       |
| time/                   |             |
|    fps                  | 409         |
|    iterations           | 29          |
|    time_elapsed         | 217         |
|    total_timesteps      | 89088       |
| train/                  |             |
|    approx_kl            | 0.047558155 |
|    clip_fraction        | 0.309       |
|    clip_range           | 0.2         |
|    entropy_loss         | 1.18        |
|    explained_variance   | -2.06       |
|    learning_rate        | 0.0001      |
|    loss                 | -0.122      |
|    n_updates            | 280         |
|    policy_gradient_loss | -0.0819     |
|    std                  | 0.134       |
|    value_loss           | 0.0139      |
-----------------------------------------
----------------------------------------
| rollout/                |            |
|    ep_len_mean          | 241        |
|    ep_rew_mean          | -40.7      |
| time/                   |            |
|    fps                  | 409        |
|    iterations           | 30         |
|    time_elapsed         | 225        |
|    total_timesteps      | 92160      |
| train/                  |            |
|    approx_kl            | 0.04975405 |
|    clip_fraction        | 0.309      |
|    clip_range           | 0.2        |
|    entropy_loss         | 1.19       |
|    explained_variance   | -1.21      |
|    learning_rate        | 0.0001     |
|    loss                 | -0.124     |
|    n_updates            | 290        |
|    policy_gradient_loss | -0.0811    |
|    std                  | 0.133      |
|    value_loss           | 0.0156     |
----------------------------------------
-----------------------------------------
| rollout/                |             |
|    ep_len_mean          | 241         |
|    ep_rew_mean          | -40.1       |
| time/                   |             |
|    fps                  | 409         |
|    iterations           | 31          |
|    time_elapsed         | 232         |
|    total_timesteps      | 95232       |
| train/                  |             |
|    approx_kl            | 0.048882667 |
|    clip_fraction        | 0.324       |
|    clip_range           | 0.2         |
|    entropy_loss         | 1.2         |
|    explained_variance   | -1.2        |
|    learning_rate        | 0.0001      |
|    loss                 | -0.125      |
|    n_updates            | 300         |
|    policy_gradient_loss | -0.0819     |
|    std                  | 0.133       |
|    value_loss           | 0.0151      |
-----------------------------------------
-----------------------------------------
| rollout/                |             |
|    ep_len_mean          | 241         |
|    ep_rew_mean          | -39.5       |
| time/                   |             |
|    fps                  | 409         |
|    iterations           | 32          |
|    time_elapsed         | 240         |
|    total_timesteps      | 98304       |
| train/                  |             |
|    approx_kl            | 0.049201816 |
|    clip_fraction        | 0.302       |
|    clip_range           | 0.2         |
|    entropy_loss         | 1.2         |
|    explained_variance   | -1.9        |
|    learning_rate        | 0.0001      |
|    loss                 | -0.125      |
|    n_updates            | 310         |
|    policy_gradient_loss | -0.0798     |
|    std                  | 0.132       |
|    value_loss           | 0.0143      |
-----------------------------------------
----------------------------------------
| rollout/                |            |
|    ep_len_mean          | 241        |
|    ep_rew_mean          | -39.5      |
| time/                   |            |
|    fps                  | 408        |
|    iterations           | 33         |
|    time_elapsed         | 248        |
|    total_timesteps      | 101376     |
| train/                  |            |
|    approx_kl            | 0.05272639 |
|    clip_fraction        | 0.326      |
|    clip_range           | 0.2        |
|    entropy_loss         | 1.21       |
|    explained_variance   | -1.76      |
|    learning_rate        | 0.0001     |
|    loss                 | -0.121     |
|    n_updates            | 320        |
|    policy_gradient_loss | -0.0827    |
|    std                  | 0.132      |
|    value_loss           | 0.0145     |
----------------------------------------
----------------------------------------
| rollout/                |            |
|    ep_len_mean          | 241        |
|    ep_rew_mean          | -39.8      |
| time/                   |            |
|    fps                  | 407        |
|    iterations           | 34         |
|    time_elapsed         | 256        |
|    total_timesteps      | 104448     |
| train/                  |            |
|    approx_kl            | 0.05249676 |
|    clip_fraction        | 0.328      |
|    clip_range           | 0.2        |
|    entropy_loss         | 1.22       |
|    explained_variance   | -1.52      |
|    learning_rate        | 0.0001     |
|    loss                 | -0.12      |
|    n_updates            | 330        |
|    policy_gradient_loss | -0.0848    |
|    std                  | 0.131      |
|    value_loss           | 0.0145     |
----------------------------------------
-----------------------------------------
| rollout/                |             |
|    ep_len_mean          | 241         |
|    ep_rew_mean          | -40         |
| time/                   |             |
|    fps                  | 406         |
|    iterations           | 35          |
|    time_elapsed         | 264         |
|    total_timesteps      | 107520      |
| train/                  |             |
|    approx_kl            | 0.053063188 |
|    clip_fraction        | 0.329       |
|    clip_range           | 0.2         |
|    entropy_loss         | 1.23        |
|    explained_variance   | -0.95       |
|    learning_rate        | 0.0001      |
|    loss                 | -0.122      |
|    n_updates            | 340         |
|    policy_gradient_loss | -0.0806     |
|    std                  | 0.131       |
|    value_loss           | 0.0147      |
-----------------------------------------
-----------------------------------------
| rollout/                |             |
|    ep_len_mean          | 241         |
|    ep_rew_mean          | -39.9       |
| time/                   |             |
|    fps                  | 406         |
|    iterations           | 36          |
|    time_elapsed         | 272         |
|    total_timesteps      | 110592      |
| train/                  |             |
|    approx_kl            | 0.053998474 |
|    clip_fraction        | 0.329       |
|    clip_range           | 0.2         |
|    entropy_loss         | 1.23        |
|    explained_variance   | -1.86       |
|    learning_rate        | 0.0001      |
|    loss                 | -0.127      |
|    n_updates            | 350         |
|    policy_gradient_loss | -0.084      |
|    std                  | 0.131       |
|    value_loss           | 0.0128      |
-----------------------------------------
----------------------------------------
| rollout/                |            |
|    ep_len_mean          | 241        |
|    ep_rew_mean          | -39.2      |
| time/                   |            |
|    fps                  | 406        |
|    iterations           | 37         |
|    time_elapsed         | 279        |
|    total_timesteps      | 113664     |
| train/                  |            |
|    approx_kl            | 0.05397408 |
|    clip_fraction        | 0.329      |
|    clip_range           | 0.2        |
|    entropy_loss         | 1.24       |
|    explained_variance   | -0.968     |
|    learning_rate        | 0.0001     |
|    loss                 | -0.123     |
|    n_updates            | 360        |
|    policy_gradient_loss | -0.0848    |
|    std                  | 0.13       |
|    value_loss           | 0.0137     |
----------------------------------------
-----------------------------------------
| rollout/                |             |
|    ep_len_mean          | 241         |
|    ep_rew_mean          | -38.8       |
| time/                   |             |
|    fps                  | 406         |
|    iterations           | 38          |
|    time_elapsed         | 287         |
|    total_timesteps      | 116736      |
| train/                  |             |
|    approx_kl            | 0.058427293 |
|    clip_fraction        | 0.338       |
|    clip_range           | 0.2         |
|    entropy_loss         | 1.25        |
|    explained_variance   | -1.61       |
|    learning_rate        | 0.0001      |
|    loss                 | -0.122      |
|    n_updates            | 370         |
|    policy_gradient_loss | -0.0845     |
|    std                  | 0.129       |
|    value_loss           | 0.0135      |
-----------------------------------------
-----------------------------------------
| rollout/                |             |
|    ep_len_mean          | 241         |
|    ep_rew_mean          | -38.6       |
| time/                   |             |
|    fps                  | 406         |
|    iterations           | 39          |
|    time_elapsed         | 294         |
|    total_timesteps      | 119808      |
| train/                  |             |
|    approx_kl            | 0.052477818 |
|    clip_fraction        | 0.325       |
|    clip_range           | 0.2         |
|    entropy_loss         | 1.26        |
|    explained_variance   | -2.57       |
|    learning_rate        | 0.0001      |
|    loss                 | -0.122      |
|    n_updates            | 380         |
|    policy_gradient_loss | -0.0827     |
|    std                  | 0.129       |
|    value_loss           | 0.0113      |
-----------------------------------------
-----------------------------------------
| rollout/                |             |
|    ep_len_mean          | 241         |
|    ep_rew_mean          | -38.3       |
| time/                   |             |
|    fps                  | 406         |
|    iterations           | 40          |
|    time_elapsed         | 302         |
|    total_timesteps      | 122880      |
| train/                  |             |
|    approx_kl            | 0.053287517 |
|    clip_fraction        | 0.341       |
|    clip_range           | 0.2         |
|    entropy_loss         | 1.26        |
|    explained_variance   | -1.71       |
|    learning_rate        | 0.0001      |
|    loss                 | -0.119      |
|    n_updates            | 390         |
|    policy_gradient_loss | -0.0832     |
|    std                  | 0.128       |
|    value_loss           | 0.0123      |
-----------------------------------------
-----------------------------------------
| rollout/                |             |
|    ep_len_mean          | 241         |
|    ep_rew_mean          | -37.6       |
| time/                   |             |
|    fps                  | 406         |
|    iterations           | 41          |
|    time_elapsed         | 310         |
|    total_timesteps      | 125952      |
| train/                  |             |
|    approx_kl            | 0.053578645 |
|    clip_fraction        | 0.33        |
|    clip_range           | 0.2         |
|    entropy_loss         | 1.27        |
|    explained_variance   | -1.88       |
|    learning_rate        | 0.0001      |
|    loss                 | -0.122      |
|    n_updates            | 400         |
|    policy_gradient_loss | -0.0799     |
|    std                  | 0.128       |
|    value_loss           | 0.0118      |
-----------------------------------------
-----------------------------------------
| rollout/                |             |
|    ep_len_mean          | 241         |
|    ep_rew_mean          | -36.9       |
| time/                   |             |
|    fps                  | 406         |
|    iterations           | 42          |
|    time_elapsed         | 317         |
|    total_timesteps      | 129024      |
| train/                  |             |
|    approx_kl            | 0.058495995 |
|    clip_fraction        | 0.348       |
|    clip_range           | 0.2         |
|    entropy_loss         | 1.28        |
|    explained_variance   | -1.52       |
|    learning_rate        | 0.0001      |
|    loss                 | -0.125      |
|    n_updates            | 410         |
|    policy_gradient_loss | -0.088      |
|    std                  | 0.127       |
|    value_loss           | 0.0104      |
-----------------------------------------
-----------------------------------------
| rollout/                |             |
|    ep_len_mean          | 241         |
|    ep_rew_mean          | -37.2       |
| time/                   |             |
|    fps                  | 406         |
|    iterations           | 43          |
|    time_elapsed         | 325         |
|    total_timesteps      | 132096      |
| train/                  |             |
|    approx_kl            | 0.059270486 |
|    clip_fraction        | 0.343       |
|    clip_range           | 0.2         |
|    entropy_loss         | 1.29        |
|    explained_variance   | -1.43       |
|    learning_rate        | 0.0001      |
|    loss                 | -0.121      |
|    n_updates            | 420         |
|    policy_gradient_loss | -0.0814     |
|    std                  | 0.127       |
|    value_loss           | 0.0136      |
-----------------------------------------
-----------------------------------------
| rollout/                |             |
|    ep_len_mean          | 241         |
|    ep_rew_mean          | -37.2       |
| time/                   |             |
|    fps                  | 405         |
|    iterations           | 44          |
|    time_elapsed         | 332         |
|    total_timesteps      | 135168      |
| train/                  |             |
|    approx_kl            | 0.059232544 |
|    clip_fraction        | 0.333       |
|    clip_range           | 0.2         |
|    entropy_loss         | 1.29        |
|    explained_variance   | -1.54       |
|    learning_rate        | 0.0001      |
|    loss                 | -0.129      |
|    n_updates            | 430         |
|    policy_gradient_loss | -0.0798     |
|    std                  | 0.127       |
|    value_loss           | 0.012       |
-----------------------------------------
----------------------------------------
| rollout/                |            |
|    ep_len_mean          | 241        |
|    ep_rew_mean          | -37.5      |
| time/                   |            |
|    fps                  | 405        |
|    iterations           | 45         |
|    time_elapsed         | 340        |
|    total_timesteps      | 138240     |
| train/                  |            |
|    approx_kl            | 0.06558471 |
|    clip_fraction        | 0.361      |
|    clip_range           | 0.2        |
|    entropy_loss         | 1.3        |
|    explained_variance   | -0.865     |
|    learning_rate        | 0.0001     |
|    loss                 | -0.132     |
|    n_updates            | 440        |
|    policy_gradient_loss | -0.0897    |
|    std                  | 0.126      |
|    value_loss           | 0.0107     |
----------------------------------------
-----------------------------------------
| rollout/                |             |
|    ep_len_mean          | 241         |
|    ep_rew_mean          | -37.8       |
| time/                   |             |
|    fps                  | 405         |
|    iterations           | 46          |
|    time_elapsed         | 348         |
|    total_timesteps      | 141312      |
| train/                  |             |
|    approx_kl            | 0.063087225 |
|    clip_fraction        | 0.351       |
|    clip_range           | 0.2         |
|    entropy_loss         | 1.31        |
|    explained_variance   | -1.01       |
|    learning_rate        | 0.0001      |
|    loss                 | -0.13       |
|    n_updates            | 450         |
|    policy_gradient_loss | -0.0877     |
|    std                  | 0.125       |
|    value_loss           | 0.0101      |
-----------------------------------------
----------------------------------------
| rollout/                |            |
|    ep_len_mean          | 241        |
|    ep_rew_mean          | -37.6      |
| time/                   |            |
|    fps                  | 405        |
|    iterations           | 47         |
|    time_elapsed         | 355        |
|    total_timesteps      | 144384     |
| train/                  |            |
|    approx_kl            | 0.06250477 |
|    clip_fraction        | 0.348      |
|    clip_range           | 0.2        |
|    entropy_loss         | 1.32       |
|    explained_variance   | -1         |
|    learning_rate        | 0.0001     |
|    loss                 | -0.126     |
|    n_updates            | 460        |
|    policy_gradient_loss | -0.0867    |
|    std                  | 0.125      |
|    value_loss           | 0.0106     |
----------------------------------------
----------------------------------------
| rollout/                |            |
|    ep_len_mean          | 241        |
|    ep_rew_mean          | -37.8      |
| time/                   |            |
|    fps                  | 405        |
|    iterations           | 48         |
|    time_elapsed         | 363        |
|    total_timesteps      | 147456     |
| train/                  |            |
|    approx_kl            | 0.06623959 |
|    clip_fraction        | 0.361      |
|    clip_range           | 0.2        |
|    entropy_loss         | 1.33       |
|    explained_variance   | -1.04      |
|    learning_rate        | 0.0001     |
|    loss                 | -0.128     |
|    n_updates            | 470        |
|    policy_gradient_loss | -0.088     |
|    std                  | 0.124      |
|    value_loss           | 0.0103     |
----------------------------------------
----------------------------------------
| rollout/                |            |
|    ep_len_mean          | 241        |
|    ep_rew_mean          | -37.9      |
| time/                   |            |
|    fps                  | 405        |
|    iterations           | 49         |
|    time_elapsed         | 371        |
|    total_timesteps      | 150528     |
| train/                  |            |
|    approx_kl            | 0.07001299 |
|    clip_fraction        | 0.374      |
|    clip_range           | 0.2        |
|    entropy_loss         | 1.34       |
|    explained_variance   | -0.997     |
|    learning_rate        | 0.0001     |
|    loss                 | -0.126     |
|    n_updates            | 480        |
|    policy_gradient_loss | -0.0892    |
|    std                  | 0.123      |
|    value_loss           | 0.012      |
----------------------------------------
----------------------------------------
| rollout/                |            |
|    ep_len_mean          | 241        |
|    ep_rew_mean          | -37.4      |
| time/                   |            |
|    fps                  | 405        |
|    iterations           | 50         |
|    time_elapsed         | 378        |
|    total_timesteps      | 153600     |
| train/                  |            |
|    approx_kl            | 0.07132768 |
|    clip_fraction        | 0.353      |
|    clip_range           | 0.2        |
|    entropy_loss         | 1.35       |
|    explained_variance   | -0.808     |
|    learning_rate        | 0.0001     |
|    loss                 | -0.121     |
|    n_updates            | 490        |
|    policy_gradient_loss | -0.0848    |
|    std                  | 0.123      |
|    value_loss           | 0.0117     |
----------------------------------------
----------------------------------------
| rollout/                |            |
|    ep_len_mean          | 241        |
|    ep_rew_mean          | -37.6      |
| time/                   |            |
|    fps                  | 405        |
|    iterations           | 51         |
|    time_elapsed         | 386        |
|    total_timesteps      | 156672     |
| train/                  |            |
|    approx_kl            | 0.06475738 |
|    clip_fraction        | 0.358      |
|    clip_range           | 0.2        |
|    entropy_loss         | 1.36       |
|    explained_variance   | -2.33      |
|    learning_rate        | 0.0001     |
|    loss                 | -0.131     |
|    n_updates            | 500        |
|    policy_gradient_loss | -0.089     |
|    std                  | 0.122      |
|    value_loss           | 0.00955    |
----------------------------------------
---------------------------------------
| rollout/                |           |
|    ep_len_mean          | 241       |
|    ep_rew_mean          | -37.2     |
| time/                   |           |
|    fps                  | 401       |
|    iterations           | 52        |
|    time_elapsed         | 397       |
|    total_timesteps      | 159744    |
| train/                  |           |
|    approx_kl            | 0.0684909 |
|    clip_fraction        | 0.361     |
|    clip_range           | 0.2       |
|    entropy_loss         | 1.37      |
|    explained_variance   | -0.943    |
|    learning_rate        | 0.0001    |
|    loss                 | -0.131    |
|    n_updates            | 510       |
|    policy_gradient_loss | -0.0892   |
|    std                  | 0.122     |
|    value_loss           | 0.00903   |
---------------------------------------
-----------------------------------------
| rollout/                |             |
|    ep_len_mean          | 241         |
|    ep_rew_mean          | -37.2       |
| time/                   |             |
|    fps                  | 384         |
|    iterations           | 53          |
|    time_elapsed         | 423         |
|    total_timesteps      | 162816      |
| train/                  |             |
|    approx_kl            | 0.062872864 |
|    clip_fraction        | 0.355       |
|    clip_range           | 0.2         |
|    entropy_loss         | 1.38        |
|    explained_variance   | -1.39       |
|    learning_rate        | 0.0001      |
|    loss                 | -0.126      |
|    n_updates            | 520         |
|    policy_gradient_loss | -0.0842     |
|    std                  | 0.121       |
|    value_loss           | 0.00828     |
-----------------------------------------
-----------------------------------------
| rollout/                |             |
|    ep_len_mean          | 241         |
|    ep_rew_mean          | -37.2       |
| time/                   |             |
|    fps                  | 368         |
|    iterations           | 54          |
|    time_elapsed         | 449         |
|    total_timesteps      | 165888      |
| train/                  |             |
|    approx_kl            | 0.065592565 |
|    clip_fraction        | 0.37        |
|    clip_range           | 0.2         |
|    entropy_loss         | 1.38        |
|    explained_variance   | -0.97       |
|    learning_rate        | 0.0001      |
|    loss                 | -0.125      |
|    n_updates            | 530         |
|    policy_gradient_loss | -0.0867     |
|    std                  | 0.121       |
|    value_loss           | 0.00814     |
-----------------------------------------
-----------------------------------------
| rollout/                |             |
|    ep_len_mean          | 241         |
|    ep_rew_mean          | -37.1       |
| time/                   |             |
|    fps                  | 354         |
|    iterations           | 55          |
|    time_elapsed         | 476         |
|    total_timesteps      | 168960      |
| train/                  |             |
|    approx_kl            | 0.074334286 |
|    clip_fraction        | 0.398       |
|    clip_range           | 0.2         |
|    entropy_loss         | 1.39        |
|    explained_variance   | -1.36       |
|    learning_rate        | 0.0001      |
|    loss                 | -0.133      |
|    n_updates            | 540         |
|    policy_gradient_loss | -0.0918     |
|    std                  | 0.12        |
|    value_loss           | 0.0085      |
-----------------------------------------
----------------------------------------
| rollout/                |            |
|    ep_len_mean          | 241        |
|    ep_rew_mean          | -37.1      |
| time/                   |            |
|    fps                  | 341        |
|    iterations           | 56         |
|    time_elapsed         | 503        |
|    total_timesteps      | 172032     |
| train/                  |            |
|    approx_kl            | 0.06786798 |
|    clip_fraction        | 0.379      |
|    clip_range           | 0.2        |
|    entropy_loss         | 1.4        |
|    explained_variance   | -0.763     |
|    learning_rate        | 0.0001     |
|    loss                 | -0.13      |
|    n_updates            | 550        |
|    policy_gradient_loss | -0.0876    |
|    std                  | 0.12       |
|    value_loss           | 0.00866    |
----------------------------------------
----------------------------------------
| rollout/                |            |
|    ep_len_mean          | 241        |
|    ep_rew_mean          | -36.9      |
| time/                   |            |
|    fps                  | 330        |
|    iterations           | 57         |
|    time_elapsed         | 530        |
|    total_timesteps      | 175104     |
| train/                  |            |
|    approx_kl            | 0.07683882 |
|    clip_fraction        | 0.385      |
|    clip_range           | 0.2        |
|    entropy_loss         | 1.41       |
|    explained_variance   | -0.668     |
|    learning_rate        | 0.0001     |
|    loss                 | -0.135     |
|    n_updates            | 560        |
|    policy_gradient_loss | -0.0918    |
|    std                  | 0.119      |
|    value_loss           | 0.00894    |
----------------------------------------
----------------------------------------
| rollout/                |            |
|    ep_len_mean          | 241        |
|    ep_rew_mean          | -37        |
| time/                   |            |
|    fps                  | 320        |
|    iterations           | 58         |
|    time_elapsed         | 556        |
|    total_timesteps      | 178176     |
| train/                  |            |
|    approx_kl            | 0.08219705 |
|    clip_fraction        | 0.377      |
|    clip_range           | 0.2        |
|    entropy_loss         | 1.42       |
|    explained_variance   | -0.83      |
|    learning_rate        | 0.0001     |
|    loss                 | -0.128     |
|    n_updates            | 570        |
|    policy_gradient_loss | -0.089     |
|    std                  | 0.119      |
|    value_loss           | 0.00922    |
----------------------------------------
---------------------------------------
| rollout/                |           |
|    ep_len_mean          | 241       |
|    ep_rew_mean          | -36.8     |
| time/                   |           |
|    fps                  | 311       |
|    iterations           | 59        |
|    time_elapsed         | 582       |
|    total_timesteps      | 181248    |
| train/                  |           |
|    approx_kl            | 0.0684902 |
|    clip_fraction        | 0.375     |
|    clip_range           | 0.2       |
|    entropy_loss         | 1.43      |
|    explained_variance   | -0.728    |
|    learning_rate        | 0.0001    |
|    loss                 | -0.123    |
|    n_updates            | 580       |
|    policy_gradient_loss | -0.0863   |
|    std                  | 0.118     |
|    value_loss           | 0.00927   |
---------------------------------------
-----------------------------------------
| rollout/                |             |
|    ep_len_mean          | 241         |
|    ep_rew_mean          | -36.9       |
| time/                   |             |
|    fps                  | 302         |
|    iterations           | 60          |
|    time_elapsed         | 609         |
|    total_timesteps      | 184320      |
| train/                  |             |
|    approx_kl            | 0.074865036 |
|    clip_fraction        | 0.384       |
|    clip_range           | 0.2         |
|    entropy_loss         | 1.43        |
|    explained_variance   | -0.219      |
|    learning_rate        | 0.0001      |
|    loss                 | -0.126      |
|    n_updates            | 590         |
|    policy_gradient_loss | -0.0866     |
|    std                  | 0.118       |
|    value_loss           | 0.0103      |
-----------------------------------------
-----------------------------------------
| rollout/                |             |
|    ep_len_mean          | 241         |
|    ep_rew_mean          | -36.4       |
| time/                   |             |
|    fps                  | 294         |
|    iterations           | 61          |
|    time_elapsed         | 636         |
|    total_timesteps      | 187392      |
| train/                  |             |
|    approx_kl            | 0.077148676 |
|    clip_fraction        | 0.384       |
|    clip_range           | 0.2         |
|    entropy_loss         | 1.44        |
|    explained_variance   | -0.543      |
|    learning_rate        | 0.0001      |
|    loss                 | -0.135      |
|    n_updates            | 600         |
|    policy_gradient_loss | -0.089      |
|    std                  | 0.117       |
|    value_loss           | 0.00903     |
-----------------------------------------
-----------------------------------------
| rollout/                |             |
|    ep_len_mean          | 241         |
|    ep_rew_mean          | -36.4       |
| time/                   |             |
|    fps                  | 287         |
|    iterations           | 62          |
|    time_elapsed         | 662         |
|    total_timesteps      | 190464      |
| train/                  |             |
|    approx_kl            | 0.069115475 |
|    clip_fraction        | 0.377       |
|    clip_range           | 0.2         |
|    entropy_loss         | 1.45        |
|    explained_variance   | -0.417      |
|    learning_rate        | 0.0001      |
|    loss                 | -0.128      |
|    n_updates            | 610         |
|    policy_gradient_loss | -0.086      |
|    std                  | 0.117       |
|    value_loss           | 0.00886     |
-----------------------------------------
----------------------------------------
| rollout/                |            |
|    ep_len_mean          | 241        |
|    ep_rew_mean          | -36.1      |
| time/                   |            |
|    fps                  | 281        |
|    iterations           | 63         |
|    time_elapsed         | 688        |
|    total_timesteps      | 193536     |
| train/                  |            |
|    approx_kl            | 0.07347744 |
|    clip_fraction        | 0.397      |
|    clip_range           | 0.2        |
|    entropy_loss         | 1.46       |
|    explained_variance   | -0.893     |
|    learning_rate        | 0.0001     |
|    loss                 | -0.129     |
|    n_updates            | 620        |
|    policy_gradient_loss | -0.0891    |
|    std                  | 0.117      |
|    value_loss           | 0.00827    |
----------------------------------------
----------------------------------------
| rollout/                |            |
|    ep_len_mean          | 241        |
|    ep_rew_mean          | -35.7      |
| time/                   |            |
|    fps                  | 275        |
|    iterations           | 64         |
|    time_elapsed         | 714        |
|    total_timesteps      | 196608     |
| train/                  |            |
|    approx_kl            | 0.07277063 |
|    clip_fraction        | 0.382      |
|    clip_range           | 0.2        |
|    entropy_loss         | 1.47       |
|    explained_variance   | -0.495     |
|    learning_rate        | 0.0001     |
|    loss                 | -0.132     |
|    n_updates            | 630        |
|    policy_gradient_loss | -0.0876    |
|    std                  | 0.116      |
|    value_loss           | 0.00838    |
----------------------------------------
----------------------------------------
| rollout/                |            |
|    ep_len_mean          | 241        |
|    ep_rew_mean          | -35.6      |
| time/                   |            |
|    fps                  | 269        |
|    iterations           | 65         |
|    time_elapsed         | 741        |
|    total_timesteps      | 199680     |
| train/                  |            |
|    approx_kl            | 0.07995257 |
|    clip_fraction        | 0.409      |
|    clip_range           | 0.2        |
|    entropy_loss         | 1.47       |
|    explained_variance   | -0.405     |
|    learning_rate        | 0.0001     |
|    loss                 | -0.132     |
|    n_updates            | 640        |
|    policy_gradient_loss | -0.0918    |
|    std                  | 0.115      |
|    value_loss           | 0.00878    |
----------------------------------------
----------------------------------------
| rollout/                |            |
|    ep_len_mean          | 241        |
|    ep_rew_mean          | -36.1      |
| time/                   |            |
|    fps                  | 264        |
|    iterations           | 66         |
|    time_elapsed         | 767        |
|    total_timesteps      | 202752     |
| train/                  |            |
|    approx_kl            | 0.07879876 |
|    clip_fraction        | 0.408      |
|    clip_range           | 0.2        |
|    entropy_loss         | 1.48       |
|    explained_variance   | -0.211     |
|    learning_rate        | 0.0001     |
|    loss                 | -0.138     |
|    n_updates            | 650        |
|    policy_gradient_loss | -0.0924    |
|    std                  | 0.115      |
|    value_loss           | 0.00782    |
----------------------------------------
----------------------------------------
| rollout/                |            |
|    ep_len_mean          | 241        |
|    ep_rew_mean          | -35.9      |
| time/                   |            |
|    fps                  | 259        |
|    iterations           | 67         |
|    time_elapsed         | 793        |
|    total_timesteps      | 205824     |
| train/                  |            |
|    approx_kl            | 0.08104572 |
|    clip_fraction        | 0.403      |
|    clip_range           | 0.2        |
|    entropy_loss         | 1.49       |
|    explained_variance   | -0.221     |
|    learning_rate        | 0.0001     |
|    loss                 | -0.135     |
|    n_updates            | 660        |
|    policy_gradient_loss | -0.0921    |
|    std                  | 0.114      |
|    value_loss           | 0.00957    |
----------------------------------------
----------------------------------------
| rollout/                |            |
|    ep_len_mean          | 241        |
|    ep_rew_mean          | -36.2      |
| time/                   |            |
|    fps                  | 254        |
|    iterations           | 68         |
|    time_elapsed         | 819        |
|    total_timesteps      | 208896     |
| train/                  |            |
|    approx_kl            | 0.07657291 |
|    clip_fraction        | 0.385      |
|    clip_range           | 0.2        |
|    entropy_loss         | 1.5        |
|    explained_variance   | -0.353     |
|    learning_rate        | 0.0001     |
|    loss                 | -0.13      |
|    n_updates            | 670        |
|    policy_gradient_loss | -0.0889    |
|    std                  | 0.114      |
|    value_loss           | 0.00788    |
----------------------------------------
----------------------------------------
| rollout/                |            |
|    ep_len_mean          | 241        |
|    ep_rew_mean          | -36.6      |
| time/                   |            |
|    fps                  | 250        |
|    iterations           | 69         |
|    time_elapsed         | 845        |
|    total_timesteps      | 211968     |
| train/                  |            |
|    approx_kl            | 0.08822254 |
|    clip_fraction        | 0.41       |
|    clip_range           | 0.2        |
|    entropy_loss         | 1.51       |
|    explained_variance   | -0.144     |
|    learning_rate        | 0.0001     |
|    loss                 | -0.134     |
|    n_updates            | 680        |
|    policy_gradient_loss | -0.094     |
|    std                  | 0.113      |
|    value_loss           | 0.00797    |
----------------------------------------
----------------------------------------
| rollout/                |            |
|    ep_len_mean          | 241        |
|    ep_rew_mean          | -36.7      |
| time/                   |            |
|    fps                  | 246        |
|    iterations           | 70         |
|    time_elapsed         | 872        |
|    total_timesteps      | 215040     |
| train/                  |            |
|    approx_kl            | 0.07690838 |
|    clip_fraction        | 0.407      |
|    clip_range           | 0.2        |
|    entropy_loss         | 1.52       |
|    explained_variance   | -0.358     |
|    learning_rate        | 0.0001     |
|    loss                 | -0.131     |
|    n_updates            | 690        |
|    policy_gradient_loss | -0.0916    |
|    std                  | 0.113      |
|    value_loss           | 0.00796    |
----------------------------------------
----------------------------------------
| rollout/                |            |
|    ep_len_mean          | 241        |
|    ep_rew_mean          | -36.8      |
| time/                   |            |
|    fps                  | 242        |
|    iterations           | 71         |
|    time_elapsed         | 899        |
|    total_timesteps      | 218112     |
| train/                  |            |
|    approx_kl            | 0.08329301 |
|    clip_fraction        | 0.395      |
|    clip_range           | 0.2        |
|    entropy_loss         | 1.53       |
|    explained_variance   | -0.41      |
|    learning_rate        | 0.0001     |
|    loss                 | -0.132     |
|    n_updates            | 700        |
|    policy_gradient_loss | -0.0893    |
|    std                  | 0.112      |
|    value_loss           | 0.00849    |
----------------------------------------
-----------------------------------------
| rollout/                |             |
|    ep_len_mean          | 241         |
|    ep_rew_mean          | -37         |
| time/                   |             |
|    fps                  | 238         |
|    iterations           | 72          |
|    time_elapsed         | 926         |
|    total_timesteps      | 221184      |
| train/                  |             |
|    approx_kl            | 0.078706704 |
|    clip_fraction        | 0.397       |
|    clip_range           | 0.2         |
|    entropy_loss         | 1.54        |
|    explained_variance   | -0.823      |
|    learning_rate        | 0.0001      |
|    loss                 | -0.13       |
|    n_updates            | 710         |
|    policy_gradient_loss | -0.0929     |
|    std                  | 0.112       |
|    value_loss           | 0.00797     |
-----------------------------------------
----------------------------------------
| rollout/                |            |
|    ep_len_mean          | 241        |
|    ep_rew_mean          | -37.5      |
| time/                   |            |
|    fps                  | 235        |
|    iterations           | 73         |
|    time_elapsed         | 953        |
|    total_timesteps      | 224256     |
| train/                  |            |
|    approx_kl            | 0.08079361 |
|    clip_fraction        | 0.403      |
|    clip_range           | 0.2        |
|    entropy_loss         | 1.54       |
|    explained_variance   | -0.262     |
|    learning_rate        | 0.0001     |
|    loss                 | -0.134     |
|    n_updates            | 720        |
|    policy_gradient_loss | -0.0919    |
|    std                  | 0.111      |
|    value_loss           | 0.00713    |
----------------------------------------
----------------------------------------
| rollout/                |            |
|    ep_len_mean          | 241        |
|    ep_rew_mean          | -37.3      |
| time/                   |            |
|    fps                  | 231        |
|    iterations           | 74         |
|    time_elapsed         | 980        |
|    total_timesteps      | 227328     |
| train/                  |            |
|    approx_kl            | 0.08358728 |
|    clip_fraction        | 0.4        |
|    clip_range           | 0.2        |
|    entropy_loss         | 1.55       |
|    explained_variance   | -0.214     |
|    learning_rate        | 0.0001     |
|    loss                 | -0.131     |
|    n_updates            | 730        |
|    policy_gradient_loss | -0.0913    |
|    std                  | 0.111      |
|    value_loss           | 0.00686    |
----------------------------------------
----------------------------------------
| rollout/                |            |
|    ep_len_mean          | 241        |
|    ep_rew_mean          | -37        |
| time/                   |            |
|    fps                  | 228        |
|    iterations           | 75         |
|    time_elapsed         | 1006       |
|    total_timesteps      | 230400     |
| train/                  |            |
|    approx_kl            | 0.08588963 |
|    clip_fraction        | 0.398      |
|    clip_range           | 0.2        |
|    entropy_loss         | 1.56       |
|    explained_variance   | -0.108     |
|    learning_rate        | 0.0001     |
|    loss                 | -0.132     |
|    n_updates            | 740        |
|    policy_gradient_loss | -0.0904    |
|    std                  | 0.111      |
|    value_loss           | 0.00634    |
----------------------------------------
----------------------------------------
| rollout/                |            |
|    ep_len_mean          | 241        |
|    ep_rew_mean          | -36.4      |
| time/                   |            |
|    fps                  | 225        |
|    iterations           | 76         |
|    time_elapsed         | 1033       |
|    total_timesteps      | 233472     |
| train/                  |            |
|    approx_kl            | 0.08432183 |
|    clip_fraction        | 0.41       |
|    clip_range           | 0.2        |
|    entropy_loss         | 1.57       |
|    explained_variance   | -0.0476    |
|    learning_rate        | 0.0001     |
|    loss                 | -0.133     |
|    n_updates            | 750        |
|    policy_gradient_loss | -0.0925    |
|    std                  | 0.11       |
|    value_loss           | 0.00813    |
----------------------------------------
----------------------------------------
| rollout/                |            |
|    ep_len_mean          | 241        |
|    ep_rew_mean          | -36.4      |
| time/                   |            |
|    fps                  | 223        |
|    iterations           | 77         |
|    time_elapsed         | 1058       |
|    total_timesteps      | 236544     |
| train/                  |            |
|    approx_kl            | 0.08629235 |
|    clip_fraction        | 0.415      |
|    clip_range           | 0.2        |
|    entropy_loss         | 1.58       |
|    explained_variance   | -0.183     |
|    learning_rate        | 0.0001     |
|    loss                 | -0.139     |
|    n_updates            | 760        |
|    policy_gradient_loss | -0.0922    |
|    std                  | 0.109      |
|    value_loss           | 0.00787    |
----------------------------------------
----------------------------------------
| rollout/                |            |
|    ep_len_mean          | 241        |
|    ep_rew_mean          | -35.9      |
| time/                   |            |
|    fps                  | 220        |
|    iterations           | 78         |
|    time_elapsed         | 1085       |
|    total_timesteps      | 239616     |
| train/                  |            |
|    approx_kl            | 0.08498538 |
|    clip_fraction        | 0.407      |
|    clip_range           | 0.2        |
|    entropy_loss         | 1.59       |
|    explained_variance   | -0.165     |
|    learning_rate        | 0.0001     |
|    loss                 | -0.139     |
|    n_updates            | 770        |
|    policy_gradient_loss | -0.0917    |
|    std                  | 0.109      |
|    value_loss           | 0.0083     |
----------------------------------------
----------------------------------------
| rollout/                |            |
|    ep_len_mean          | 241        |
|    ep_rew_mean          | -36.2      |
| time/                   |            |
|    fps                  | 218        |
|    iterations           | 79         |
|    time_elapsed         | 1112       |
|    total_timesteps      | 242688     |
| train/                  |            |
|    approx_kl            | 0.09183102 |
|    clip_fraction        | 0.415      |
|    clip_range           | 0.2        |
|    entropy_loss         | 1.6        |
|    explained_variance   | 0.109      |
|    learning_rate        | 0.0001     |
|    loss                 | -0.134     |
|    n_updates            | 780        |
|    policy_gradient_loss | -0.0913    |
|    std                  | 0.108      |
|    value_loss           | 0.00976    |
----------------------------------------
-----------------------------------------
| rollout/                |             |
|    ep_len_mean          | 241         |
|    ep_rew_mean          | -36         |
| time/                   |             |
|    fps                  | 215         |
|    iterations           | 80          |
|    time_elapsed         | 1139        |
|    total_timesteps      | 245760      |
| train/                  |             |
|    approx_kl            | 0.090738125 |
|    clip_fraction        | 0.415       |
|    clip_range           | 0.2         |
|    entropy_loss         | 1.61        |
|    explained_variance   | -1.34       |
|    learning_rate        | 0.0001      |
|    loss                 | -0.139      |
|    n_updates            | 790         |
|    policy_gradient_loss | -0.0956     |
|    std                  | 0.108       |
|    value_loss           | 0.0137      |
-----------------------------------------
----------------------------------------
| rollout/                |            |
|    ep_len_mean          | 241        |
|    ep_rew_mean          | -35.7      |
| time/                   |            |
|    fps                  | 213        |
|    iterations           | 81         |
|    time_elapsed         | 1165       |
|    total_timesteps      | 248832     |
| train/                  |            |
|    approx_kl            | 0.09680209 |
|    clip_fraction        | 0.416      |
|    clip_range           | 0.2        |
|    entropy_loss         | 1.62       |
|    explained_variance   | -0.00178   |
|    learning_rate        | 0.0001     |
|    loss                 | -0.136     |
|    n_updates            | 800        |
|    policy_gradient_loss | -0.0948    |
|    std                  | 0.107      |
|    value_loss           | 0.00767    |
----------------------------------------
----------------------------------------
| rollout/                |            |
|    ep_len_mean          | 241        |
|    ep_rew_mean          | -35.5      |
| time/                   |            |
|    fps                  | 211        |
|    iterations           | 82         |
|    time_elapsed         | 1192       |
|    total_timesteps      | 251904     |
| train/                  |            |
|    approx_kl            | 0.09020809 |
|    clip_fraction        | 0.403      |
|    clip_range           | 0.2        |
|    entropy_loss         | 1.63       |
|    explained_variance   | -0.117     |
|    learning_rate        | 0.0001     |
|    loss                 | -0.135     |
|    n_updates            | 810        |
|    policy_gradient_loss | -0.0894    |
|    std                  | 0.107      |
|    value_loss           | 0.00686    |
----------------------------------------
----------------------------------------
| rollout/                |            |
|    ep_len_mean          | 241        |
|    ep_rew_mean          | -35.9      |
| time/                   |            |
|    fps                  | 209        |
|    iterations           | 83         |
|    time_elapsed         | 1218       |
|    total_timesteps      | 254976     |
| train/                  |            |
|    approx_kl            | 0.08920527 |
|    clip_fraction        | 0.424      |
|    clip_range           | 0.2        |
|    entropy_loss         | 1.63       |
|    explained_variance   | -0.138     |
|    learning_rate        | 0.0001     |
|    loss                 | -0.131     |
|    n_updates            | 820        |
|    policy_gradient_loss | -0.0925    |
|    std                  | 0.107      |
|    value_loss           | 0.00599    |
----------------------------------------
----------------------------------------
| rollout/                |            |
|    ep_len_mean          | 241        |
|    ep_rew_mean          | -36.1      |
| time/                   |            |
|    fps                  | 207        |
|    iterations           | 84         |
|    time_elapsed         | 1244       |
|    total_timesteps      | 258048     |
| train/                  |            |
|    approx_kl            | 0.08966931 |
|    clip_fraction        | 0.417      |
|    clip_range           | 0.2        |
|    entropy_loss         | 1.64       |
|    explained_variance   | -0.0241    |
|    learning_rate        | 0.0001     |
|    loss                 | -0.139     |
|    n_updates            | 830        |
|    policy_gradient_loss | -0.0914    |
|    std                  | 0.106      |
|    value_loss           | 0.00654    |
----------------------------------------
-----------------------------------------
| rollout/                |             |
|    ep_len_mean          | 241         |
|    ep_rew_mean          | -36.1       |
| time/                   |             |
|    fps                  | 205         |
|    iterations           | 85          |
|    time_elapsed         | 1271        |
|    total_timesteps      | 261120      |
| train/                  |             |
|    approx_kl            | 0.089194745 |
|    clip_fraction        | 0.412       |
|    clip_range           | 0.2         |
|    entropy_loss         | 1.65        |
|    explained_variance   | -0.212      |
|    learning_rate        | 0.0001      |
|    loss                 | -0.134      |
|    n_updates            | 840         |
|    policy_gradient_loss | -0.0895     |
|    std                  | 0.106       |
|    value_loss           | 0.007       |
-----------------------------------------
----------------------------------------
| rollout/                |            |
|    ep_len_mean          | 241        |
|    ep_rew_mean          | -36.2      |
| time/                   |            |
|    fps                  | 203        |
|    iterations           | 86         |
|    time_elapsed         | 1298       |
|    total_timesteps      | 264192     |
| train/                  |            |
|    approx_kl            | 0.10761159 |
|    clip_fraction        | 0.43       |
|    clip_range           | 0.2        |
|    entropy_loss         | 1.66       |
|    explained_variance   | -0.178     |
|    learning_rate        | 0.0001     |
|    loss                 | -0.132     |
|    n_updates            | 850        |
|    policy_gradient_loss | -0.0964    |
|    std                  | 0.105      |
|    value_loss           | 0.00554    |
----------------------------------------
-----------------------------------------
| rollout/                |             |
|    ep_len_mean          | 241         |
|    ep_rew_mean          | -36.2       |
| time/                   |             |
|    fps                  | 203         |
|    iterations           | 87          |
|    time_elapsed         | 1314        |
|    total_timesteps      | 267264      |
| train/                  |             |
|    approx_kl            | 0.101139784 |
|    clip_fraction        | 0.444       |
|    clip_range           | 0.2         |
|    entropy_loss         | 1.67        |
|    explained_variance   | 0.115       |
|    learning_rate        | 0.0001      |
|    loss                 | -0.136      |
|    n_updates            | 860         |
|    policy_gradient_loss | -0.0952     |
|    std                  | 0.105       |
|    value_loss           | 0.00678     |
-----------------------------------------
----------------------------------------
| rollout/                |            |
|    ep_len_mean          | 241        |
|    ep_rew_mean          | -36.2      |
| time/                   |            |
|    fps                  | 204        |
|    iterations           | 88         |
|    time_elapsed         | 1321       |
|    total_timesteps      | 270336     |
| train/                  |            |
|    approx_kl            | 0.10339483 |
|    clip_fraction        | 0.444      |
|    clip_range           | 0.2        |
|    entropy_loss         | 1.68       |
|    explained_variance   | -0.283     |
|    learning_rate        | 0.0001     |
|    loss                 | -0.135     |
|    n_updates            | 870        |
|    policy_gradient_loss | -0.0968    |
|    std                  | 0.104      |
|    value_loss           | 0.0104     |
----------------------------------------
-----------------------------------------
| rollout/                |             |
|    ep_len_mean          | 241         |
|    ep_rew_mean          | -35.8       |
| time/                   |             |
|    fps                  | 205         |
|    iterations           | 89          |
|    time_elapsed         | 1329        |
|    total_timesteps      | 273408      |
| train/                  |             |
|    approx_kl            | 0.096689075 |
|    clip_fraction        | 0.421       |
|    clip_range           | 0.2         |
|    entropy_loss         | 1.69        |
|    explained_variance   | -0.0236     |
|    learning_rate        | 0.0001      |
|    loss                 | -0.134      |
|    n_updates            | 880         |
|    policy_gradient_loss | -0.0946     |
|    std                  | 0.104       |
|    value_loss           | 0.00611     |
-----------------------------------------
-----------------------------------------
| rollout/                |             |
|    ep_len_mean          | 241         |
|    ep_rew_mean          | -36.3       |
| time/                   |             |
|    fps                  | 206         |
|    iterations           | 90          |
|    time_elapsed         | 1337        |
|    total_timesteps      | 276480      |
| train/                  |             |
|    approx_kl            | 0.091473125 |
|    clip_fraction        | 0.427       |
|    clip_range           | 0.2         |
|    entropy_loss         | 1.7         |
|    explained_variance   | 0.0299      |
|    learning_rate        | 0.0001      |
|    loss                 | -0.131      |
|    n_updates            | 890         |
|    policy_gradient_loss | -0.0925     |
|    std                  | 0.103       |
|    value_loss           | 0.00583     |
-----------------------------------------
----------------------------------------
| rollout/                |            |
|    ep_len_mean          | 241        |
|    ep_rew_mean          | -36.1      |
| time/                   |            |
|    fps                  | 207        |
|    iterations           | 91         |
|    time_elapsed         | 1345       |
|    total_timesteps      | 279552     |
| train/                  |            |
|    approx_kl            | 0.09817054 |
|    clip_fraction        | 0.428      |
|    clip_range           | 0.2        |
|    entropy_loss         | 1.71       |
|    explained_variance   | -0.0653    |
|    learning_rate        | 0.0001     |
|    loss                 | -0.134     |
|    n_updates            | 900        |
|    policy_gradient_loss | -0.0933    |
|    std                  | 0.103      |
|    value_loss           | 0.006      |
----------------------------------------
---------------------------------------
| rollout/                |           |
|    ep_len_mean          | 241       |
|    ep_rew_mean          | -35.8     |
| time/                   |           |
|    fps                  | 208       |
|    iterations           | 92        |
|    time_elapsed         | 1353      |
|    total_timesteps      | 282624    |
| train/                  |           |
|    approx_kl            | 0.1057005 |
|    clip_fraction        | 0.428     |
|    clip_range           | 0.2       |
|    entropy_loss         | 1.72      |
|    explained_variance   | 0.084     |
|    learning_rate        | 0.0001    |
|    loss                 | -0.138    |
|    n_updates            | 910       |
|    policy_gradient_loss | -0.0925   |
|    std                  | 0.102     |
|    value_loss           | 0.0062    |
---------------------------------------
---------------------------------------
| rollout/                |           |
|    ep_len_mean          | 241       |
|    ep_rew_mean          | -35.7     |
| time/                   |           |
|    fps                  | 209       |
|    iterations           | 93        |
|    time_elapsed         | 1360      |
|    total_timesteps      | 285696    |
| train/                  |           |
|    approx_kl            | 0.0998413 |
|    clip_fraction        | 0.427     |
|    clip_range           | 0.2       |
|    entropy_loss         | 1.72      |
|    explained_variance   | 0.0985    |
|    learning_rate        | 0.0001    |
|    loss                 | -0.131    |
|    n_updates            | 920       |
|    policy_gradient_loss | -0.0936   |
|    std                  | 0.102     |
|    value_loss           | 0.00589   |
---------------------------------------
-----------------------------------------
| rollout/                |             |
|    ep_len_mean          | 241         |
|    ep_rew_mean          | -35.7       |
| time/                   |             |
|    fps                  | 211         |
|    iterations           | 94          |
|    time_elapsed         | 1368        |
|    total_timesteps      | 288768      |
| train/                  |             |
|    approx_kl            | 0.112866394 |
|    clip_fraction        | 0.435       |
|    clip_range           | 0.2         |
|    entropy_loss         | 1.73        |
|    explained_variance   | 0.00695     |
|    learning_rate        | 0.0001      |
|    loss                 | -0.134      |
|    n_updates            | 930         |
|    policy_gradient_loss | -0.0941     |
|    std                  | 0.101       |
|    value_loss           | 0.0066      |
-----------------------------------------
----------------------------------------
| rollout/                |            |
|    ep_len_mean          | 241        |
|    ep_rew_mean          | -35.6      |
| time/                   |            |
|    fps                  | 212        |
|    iterations           | 95         |
|    time_elapsed         | 1375       |
|    total_timesteps      | 291840     |
| train/                  |            |
|    approx_kl            | 0.10565751 |
|    clip_fraction        | 0.431      |
|    clip_range           | 0.2        |
|    entropy_loss         | 1.74       |
|    explained_variance   | 0.0104     |
|    learning_rate        | 0.0001     |
|    loss                 | -0.137     |
|    n_updates            | 940        |
|    policy_gradient_loss | -0.0923    |
|    std                  | 0.101      |
|    value_loss           | 0.00626    |
----------------------------------------
----------------------------------------
| rollout/                |            |
|    ep_len_mean          | 241        |
|    ep_rew_mean          | -35.5      |
| time/                   |            |
|    fps                  | 213        |
|    iterations           | 96         |
|    time_elapsed         | 1383       |
|    total_timesteps      | 294912     |
| train/                  |            |
|    approx_kl            | 0.10410311 |
|    clip_fraction        | 0.438      |
|    clip_range           | 0.2        |
|    entropy_loss         | 1.75       |
|    explained_variance   | 0.204      |
|    learning_rate        | 0.0001     |
|    loss                 | -0.136     |
|    n_updates            | 950        |
|    policy_gradient_loss | -0.0934    |
|    std                  | 0.101      |
|    value_loss           | 0.00815    |
----------------------------------------
-----------------------------------------
| rollout/                |             |
|    ep_len_mean          | 241         |
|    ep_rew_mean          | -35.6       |
| time/                   |             |
|    fps                  | 214         |
|    iterations           | 97          |
|    time_elapsed         | 1392        |
|    total_timesteps      | 297984      |
| train/                  |             |
|    approx_kl            | 0.100121625 |
|    clip_fraction        | 0.431       |
|    clip_range           | 0.2         |
|    entropy_loss         | 1.76        |
|    explained_variance   | 0.243       |
|    learning_rate        | 0.0001      |
|    loss                 | -0.132      |
|    n_updates            | 960         |
|    policy_gradient_loss | -0.0909     |
|    std                  | 0.1         |
|    value_loss           | 0.00718     |
-----------------------------------------
----------------------------------------
| rollout/                |            |
|    ep_len_mean          | 241        |
|    ep_rew_mean          | -35.2      |
| time/                   |            |
|    fps                  | 214        |
|    iterations           | 98         |
|    time_elapsed         | 1401       |
|    total_timesteps      | 301056     |
| train/                  |            |
|    approx_kl            | 0.10706988 |
|    clip_fraction        | 0.44       |
|    clip_range           | 0.2        |
|    entropy_loss         | 1.77       |
|    explained_variance   | -0.00933   |
|    learning_rate        | 0.0001     |
|    loss                 | -0.14      |
|    n_updates            | 970        |
|    policy_gradient_loss | -0.0953    |
|    std                  | 0.0997     |
|    value_loss           | 0.00669    |
----------------------------------------
----------------------------------------
| rollout/                |            |
|    ep_len_mean          | 241        |
|    ep_rew_mean          | -35.1      |
| time/                   |            |
|    fps                  | 215        |
|    iterations           | 99         |
|    time_elapsed         | 1410       |
|    total_timesteps      | 304128     |
| train/                  |            |
|    approx_kl            | 0.10315901 |
|    clip_fraction        | 0.434      |
|    clip_range           | 0.2        |
|    entropy_loss         | 1.78       |
|    explained_variance   | 0.213      |
|    learning_rate        | 0.0001     |
|    loss                 | -0.135     |
|    n_updates            | 980        |
|    policy_gradient_loss | -0.0914    |
|    std                  | 0.0993     |
|    value_loss           | 0.00566    |
----------------------------------------
----------------------------------------
| rollout/                |            |
|    ep_len_mean          | 241        |
|    ep_rew_mean          | -35.1      |
| time/                   |            |
|    fps                  | 216        |
|    iterations           | 100        |
|    time_elapsed         | 1419       |
|    total_timesteps      | 307200     |
| train/                  |            |
|    approx_kl            | 0.10853308 |
|    clip_fraction        | 0.449      |
|    clip_range           | 0.2        |
|    entropy_loss         | 1.78       |
|    explained_variance   | -0.00426   |
|    learning_rate        | 0.0001     |
|    loss                 | -0.134     |
|    n_updates            | 990        |
|    policy_gradient_loss | -0.0945    |
|    std                  | 0.0988     |
|    value_loss           | 0.00646    |
----------------------------------------
----------------------------------------
| rollout/                |            |
|    ep_len_mean          | 241        |
|    ep_rew_mean          | -35.4      |
| time/                   |            |
|    fps                  | 217        |
|    iterations           | 101        |
|    time_elapsed         | 1428       |
|    total_timesteps      | 310272     |
| train/                  |            |
|    approx_kl            | 0.10031665 |
|    clip_fraction        | 0.435      |
|    clip_range           | 0.2        |
|    entropy_loss         | 1.79       |
|    explained_variance   | 0.316      |
|    learning_rate        | 0.0001     |
|    loss                 | -0.138     |
|    n_updates            | 1000       |
|    policy_gradient_loss | -0.0945    |
|    std                  | 0.0984     |
|    value_loss           | 0.00596    |
----------------------------------------
----------------------------------------
| rollout/                |            |
|    ep_len_mean          | 241        |
|    ep_rew_mean          | -35.1      |
| time/                   |            |
|    fps                  | 218        |
|    iterations           | 102        |
|    time_elapsed         | 1437       |
|    total_timesteps      | 313344     |
| train/                  |            |
|    approx_kl            | 0.10875497 |
|    clip_fraction        | 0.44       |
|    clip_range           | 0.2        |
|    entropy_loss         | 1.8        |
|    explained_variance   | -0.0548    |
|    learning_rate        | 0.0001     |
|    loss                 | -0.134     |
|    n_updates            | 1010       |
|    policy_gradient_loss | -0.0942    |
|    std                  | 0.0979     |
|    value_loss           | 0.00811    |
----------------------------------------
-----------------------------------------
| rollout/                |             |
|    ep_len_mean          | 241         |
|    ep_rew_mean          | -35.2       |
| time/                   |             |
|    fps                  | 218         |
|    iterations           | 103         |
|    time_elapsed         | 1446        |
|    total_timesteps      | 316416      |
| train/                  |             |
|    approx_kl            | 0.116147004 |
|    clip_fraction        | 0.458       |
|    clip_range           | 0.2         |
|    entropy_loss         | 1.81        |
|    explained_variance   | 0.108       |
|    learning_rate        | 0.0001      |
|    loss                 | -0.139      |
|    n_updates            | 1020        |
|    policy_gradient_loss | -0.0982     |
|    std                  | 0.0975      |
|    value_loss           | 0.00696     |
-----------------------------------------
----------------------------------------
| rollout/                |            |
|    ep_len_mean          | 241        |
|    ep_rew_mean          | -35.4      |
| time/                   |            |
|    fps                  | 219        |
|    iterations           | 104        |
|    time_elapsed         | 1455       |
|    total_timesteps      | 319488     |
| train/                  |            |
|    approx_kl            | 0.10722634 |
|    clip_fraction        | 0.446      |
|    clip_range           | 0.2        |
|    entropy_loss         | 1.82       |
|    explained_variance   | 0.297      |
|    learning_rate        | 0.0001     |
|    loss                 | -0.137     |
|    n_updates            | 1030       |
|    policy_gradient_loss | -0.094     |
|    std                  | 0.097      |
|    value_loss           | 0.00581    |
----------------------------------------
----------------------------------------
| rollout/                |            |
|    ep_len_mean          | 241        |
|    ep_rew_mean          | -35.2      |
| time/                   |            |
|    fps                  | 220        |
|    iterations           | 105        |
|    time_elapsed         | 1464       |
|    total_timesteps      | 322560     |
| train/                  |            |
|    approx_kl            | 0.10135433 |
|    clip_fraction        | 0.44       |
|    clip_range           | 0.2        |
|    entropy_loss         | 1.83       |
|    explained_variance   | 0.236      |
|    learning_rate        | 0.0001     |
|    loss                 | -0.135     |
|    n_updates            | 1040       |
|    policy_gradient_loss | -0.0904    |
|    std                  | 0.0967     |
|    value_loss           | 0.00493    |
----------------------------------------
-----------------------------------------
| rollout/                |             |
|    ep_len_mean          | 241         |
|    ep_rew_mean          | -35.1       |
| time/                   |             |
|    fps                  | 220         |
|    iterations           | 106         |
|    time_elapsed         | 1473        |
|    total_timesteps      | 325632      |
| train/                  |             |
|    approx_kl            | 0.103772305 |
|    clip_fraction        | 0.434       |
|    clip_range           | 0.2         |
|    entropy_loss         | 1.84        |
|    explained_variance   | 0.18        |
|    learning_rate        | 0.0001      |
|    loss                 | -0.136      |
|    n_updates            | 1050        |
|    policy_gradient_loss | -0.0954     |
|    std                  | 0.0962      |
|    value_loss           | 0.00472     |
-----------------------------------------
----------------------------------------
| rollout/                |            |
|    ep_len_mean          | 241        |
|    ep_rew_mean          | -35        |
| time/                   |            |
|    fps                  | 221        |
|    iterations           | 107        |
|    time_elapsed         | 1482       |
|    total_timesteps      | 328704     |
| train/                  |            |
|    approx_kl            | 0.10724416 |
|    clip_fraction        | 0.454      |
|    clip_range           | 0.2        |
|    entropy_loss         | 1.85       |
|    explained_variance   | 0.16       |
|    learning_rate        | 0.0001     |
|    loss                 | -0.142     |
|    n_updates            | 1060       |
|    policy_gradient_loss | -0.0979    |
|    std                  | 0.0957     |
|    value_loss           | 0.00565    |
----------------------------------------
----------------------------------------
| rollout/                |            |
|    ep_len_mean          | 241        |
|    ep_rew_mean          | -34.8      |
| time/                   |            |
|    fps                  | 222        |
|    iterations           | 108        |
|    time_elapsed         | 1491       |
|    total_timesteps      | 331776     |
| train/                  |            |
|    approx_kl            | 0.11072191 |
|    clip_fraction        | 0.454      |
|    clip_range           | 0.2        |
|    entropy_loss         | 1.86       |
|    explained_variance   | 0.0437     |
|    learning_rate        | 0.0001     |
|    loss                 | -0.139     |
|    n_updates            | 1070       |
|    policy_gradient_loss | -0.0963    |
|    std                  | 0.0952     |
|    value_loss           | 0.00626    |
----------------------------------------
----------------------------------------
| rollout/                |            |
|    ep_len_mean          | 241        |
|    ep_rew_mean          | -34.4      |
| time/                   |            |
|    fps                  | 223        |
|    iterations           | 109        |
|    time_elapsed         | 1500       |
|    total_timesteps      | 334848     |
| train/                  |            |
|    approx_kl            | 0.11564707 |
|    clip_fraction        | 0.451      |
|    clip_range           | 0.2        |
|    entropy_loss         | 1.87       |
|    explained_variance   | 0.265      |
|    learning_rate        | 0.0001     |
|    loss                 | -0.134     |
|    n_updates            | 1080       |
|    policy_gradient_loss | -0.0954    |
|    std                  | 0.0948     |
|    value_loss           | 0.00607    |
----------------------------------------
----------------------------------------
| rollout/                |            |
|    ep_len_mean          | 241        |
|    ep_rew_mean          | -34.4      |
| time/                   |            |
|    fps                  | 223        |
|    iterations           | 110        |
|    time_elapsed         | 1510       |
|    total_timesteps      | 337920     |
| train/                  |            |
|    approx_kl            | 0.11599555 |
|    clip_fraction        | 0.455      |
|    clip_range           | 0.2        |
|    entropy_loss         | 1.88       |
|    explained_variance   | 0.401      |
|    learning_rate        | 0.0001     |
|    loss                 | -0.141     |
|    n_updates            | 1090       |
|    policy_gradient_loss | -0.0999    |
|    std                  | 0.0944     |
|    value_loss           | 0.00774    |
----------------------------------------
----------------------------------------
| rollout/                |            |
|    ep_len_mean          | 241        |
|    ep_rew_mean          | -34        |
| time/                   |            |
|    fps                  | 224        |
|    iterations           | 111        |
|    time_elapsed         | 1519       |
|    total_timesteps      | 340992     |
| train/                  |            |
|    approx_kl            | 0.12558794 |
|    clip_fraction        | 0.464      |
|    clip_range           | 0.2        |
|    entropy_loss         | 1.89       |
|    explained_variance   | 0.096      |
|    learning_rate        | 0.0001     |
|    loss                 | -0.138     |
|    n_updates            | 1100       |
|    policy_gradient_loss | -0.0977    |
|    std                  | 0.0939     |
|    value_loss           | 0.0069     |
----------------------------------------
----------------------------------------
| rollout/                |            |
|    ep_len_mean          | 241        |
|    ep_rew_mean          | -33.6      |
| time/                   |            |
|    fps                  | 225        |
|    iterations           | 112        |
|    time_elapsed         | 1528       |
|    total_timesteps      | 344064     |
| train/                  |            |
|    approx_kl            | 0.11782437 |
|    clip_fraction        | 0.455      |
|    clip_range           | 0.2        |
|    entropy_loss         | 1.9        |
|    explained_variance   | 0.136      |
|    learning_rate        | 0.0001     |
|    loss                 | -0.132     |
|    n_updates            | 1110       |
|    policy_gradient_loss | -0.0928    |
|    std                  | 0.0936     |
|    value_loss           | 0.00575    |
----------------------------------------
-----------------------------------------
| rollout/                |             |
|    ep_len_mean          | 241         |
|    ep_rew_mean          | -33.6       |
| time/                   |             |
|    fps                  | 225         |
|    iterations           | 113         |
|    time_elapsed         | 1537        |
|    total_timesteps      | 347136      |
| train/                  |             |
|    approx_kl            | 0.115193635 |
|    clip_fraction        | 0.451       |
|    clip_range           | 0.2         |
|    entropy_loss         | 1.9         |
|    explained_variance   | 0.384       |
|    learning_rate        | 0.0001      |
|    loss                 | -0.137      |
|    n_updates            | 1120        |
|    policy_gradient_loss | -0.0932     |
|    std                  | 0.0932      |
|    value_loss           | 0.00749     |
-----------------------------------------
----------------------------------------
| rollout/                |            |
|    ep_len_mean          | 241        |
|    ep_rew_mean          | -33.6      |
| time/                   |            |
|    fps                  | 226        |
|    iterations           | 114        |
|    time_elapsed         | 1546       |
|    total_timesteps      | 350208     |
| train/                  |            |
|    approx_kl            | 0.12450097 |
|    clip_fraction        | 0.455      |
|    clip_range           | 0.2        |
|    entropy_loss         | 1.91       |
|    explained_variance   | 0.188      |
|    learning_rate        | 0.0001     |
|    loss                 | -0.14      |
|    n_updates            | 1130       |
|    policy_gradient_loss | -0.0958    |
|    std                  | 0.0929     |
|    value_loss           | 0.00517    |
----------------------------------------
----------------------------------------
| rollout/                |            |
|    ep_len_mean          | 241        |
|    ep_rew_mean          | -33.7      |
| time/                   |            |
|    fps                  | 226        |
|    iterations           | 115        |
|    time_elapsed         | 1556       |
|    total_timesteps      | 353280     |
| train/                  |            |
|    approx_kl            | 0.12989278 |
|    clip_fraction        | 0.471      |
|    clip_range           | 0.2        |
|    entropy_loss         | 1.92       |
|    explained_variance   | 0.133      |
|    learning_rate        | 0.0001     |
|    loss                 | -0.135     |
|    n_updates            | 1140       |
|    policy_gradient_loss | -0.0964    |
|    std                  | 0.0925     |
|    value_loss           | 0.00615    |
----------------------------------------
----------------------------------------
| rollout/                |            |
|    ep_len_mean          | 241        |
|    ep_rew_mean          | -34.1      |
| time/                   |            |
|    fps                  | 227        |
|    iterations           | 116        |
|    time_elapsed         | 1566       |
|    total_timesteps      | 356352     |
| train/                  |            |
|    approx_kl            | 0.11658633 |
|    clip_fraction        | 0.46       |
|    clip_range           | 0.2        |
|    entropy_loss         | 1.93       |
|    explained_variance   | 0.191      |
|    learning_rate        | 0.0001     |
|    loss                 | -0.133     |
|    n_updates            | 1150       |
|    policy_gradient_loss | -0.0944    |
|    std                  | 0.0922     |
|    value_loss           | 0.00514    |
----------------------------------------
----------------------------------------
| rollout/                |            |
|    ep_len_mean          | 241        |
|    ep_rew_mean          | -34.3      |
| time/                   |            |
|    fps                  | 228        |
|    iterations           | 117        |
|    time_elapsed         | 1575       |
|    total_timesteps      | 359424     |
| train/                  |            |
|    approx_kl            | 0.11262592 |
|    clip_fraction        | 0.461      |
|    clip_range           | 0.2        |
|    entropy_loss         | 1.93       |
|    explained_variance   | 0.0901     |
|    learning_rate        | 0.0001     |
|    loss                 | -0.14      |
|    n_updates            | 1160       |
|    policy_gradient_loss | -0.0949    |
|    std                  | 0.0918     |
|    value_loss           | 0.00488    |
----------------------------------------
----------------------------------------
| rollout/                |            |
|    ep_len_mean          | 241        |
|    ep_rew_mean          | -34.9      |
| time/                   |            |
|    fps                  | 228        |
|    iterations           | 118        |
|    time_elapsed         | 1584       |
|    total_timesteps      | 362496     |
| train/                  |            |
|    approx_kl            | 0.12745513 |
|    clip_fraction        | 0.47       |
|    clip_range           | 0.2        |
|    entropy_loss         | 1.94       |
|    explained_variance   | 0.244      |
|    learning_rate        | 0.0001     |
|    loss                 | -0.138     |
|    n_updates            | 1170       |
|    policy_gradient_loss | -0.0996    |
|    std                  | 0.0913     |
|    value_loss           | 0.00429    |
----------------------------------------
----------------------------------------
| rollout/                |            |
|    ep_len_mean          | 241        |
|    ep_rew_mean          | -35.1      |
| time/                   |            |
|    fps                  | 229        |
|    iterations           | 119        |
|    time_elapsed         | 1594       |
|    total_timesteps      | 365568     |
| train/                  |            |
|    approx_kl            | 0.12657459 |
|    clip_fraction        | 0.478      |
|    clip_range           | 0.2        |
|    entropy_loss         | 1.95       |
|    explained_variance   | 0.316      |
|    learning_rate        | 0.0001     |
|    loss                 | -0.136     |
|    n_updates            | 1180       |
|    policy_gradient_loss | -0.0971    |
|    std                  | 0.0909     |
|    value_loss           | 0.00468    |
----------------------------------------
----------------------------------------
| rollout/                |            |
|    ep_len_mean          | 241        |
|    ep_rew_mean          | -35        |
| time/                   |            |
|    fps                  | 229        |
|    iterations           | 120        |
|    time_elapsed         | 1604       |
|    total_timesteps      | 368640     |
| train/                  |            |
|    approx_kl            | 0.11634266 |
|    clip_fraction        | 0.438      |
|    clip_range           | 0.2        |
|    entropy_loss         | 1.96       |
|    explained_variance   | 0.115      |
|    learning_rate        | 0.0001     |
|    loss                 | -0.133     |
|    n_updates            | 1190       |
|    policy_gradient_loss | -0.0896    |
|    std                  | 0.0904     |
|    value_loss           | 0.00477    |
----------------------------------------
----------------------------------------
| rollout/                |            |
|    ep_len_mean          | 241        |
|    ep_rew_mean          | -34.9      |
| time/                   |            |
|    fps                  | 230        |
|    iterations           | 121        |
|    time_elapsed         | 1614       |
|    total_timesteps      | 371712     |
| train/                  |            |
|    approx_kl            | 0.11424271 |
|    clip_fraction        | 0.458      |
|    clip_range           | 0.2        |
|    entropy_loss         | 1.97       |
|    explained_variance   | 0.351      |
|    learning_rate        | 0.0001     |
|    loss                 | -0.143     |
|    n_updates            | 1200       |
|    policy_gradient_loss | -0.0976    |
|    std                  | 0.09       |
|    value_loss           | 0.00639    |
----------------------------------------
---------------------------------------
| rollout/                |           |
|    ep_len_mean          | 241       |
|    ep_rew_mean          | -34.5     |
| time/                   |           |
|    fps                  | 230       |
|    iterations           | 122       |
|    time_elapsed         | 1624      |
|    total_timesteps      | 374784    |
| train/                  |           |
|    approx_kl            | 0.1291174 |
|    clip_fraction        | 0.468     |
|    clip_range           | 0.2       |
|    entropy_loss         | 1.98      |
|    explained_variance   | 0.434     |
|    learning_rate        | 0.0001    |
|    loss                 | -0.138    |
|    n_updates            | 1210      |
|    policy_gradient_loss | -0.0971   |
|    std                  | 0.0897    |
|    value_loss           | 0.00558   |
---------------------------------------
----------------------------------------
| rollout/                |            |
|    ep_len_mean          | 241        |
|    ep_rew_mean          | -34.2      |
| time/                   |            |
|    fps                  | 231        |
|    iterations           | 123        |
|    time_elapsed         | 1633       |
|    total_timesteps      | 377856     |
| train/                  |            |
|    approx_kl            | 0.13684364 |
|    clip_fraction        | 0.47       |
|    clip_range           | 0.2        |
|    entropy_loss         | 1.99       |
|    explained_variance   | 0.29       |
|    learning_rate        | 0.0001     |
|    loss                 | -0.139     |
|    n_updates            | 1220       |
|    policy_gradient_loss | -0.0971    |
|    std                  | 0.0893     |
|    value_loss           | 0.00641    |
----------------------------------------
----------------------------------------
| rollout/                |            |
|    ep_len_mean          | 241        |
|    ep_rew_mean          | -34.1      |
| time/                   |            |
|    fps                  | 231        |
|    iterations           | 124        |
|    time_elapsed         | 1642       |
|    total_timesteps      | 380928     |
| train/                  |            |
|    approx_kl            | 0.12636243 |
|    clip_fraction        | 0.452      |
|    clip_range           | 0.2        |
|    entropy_loss         | 2          |
|    explained_variance   | 0.218      |
|    learning_rate        | 0.0001     |
|    loss                 | -0.134     |
|    n_updates            | 1230       |
|    policy_gradient_loss | -0.0934    |
|    std                  | 0.089      |
|    value_loss           | 0.00525    |
----------------------------------------
----------------------------------------
| rollout/                |            |
|    ep_len_mean          | 241        |
|    ep_rew_mean          | -34.1      |
| time/                   |            |
|    fps                  | 232        |
|    iterations           | 125        |
|    time_elapsed         | 1651       |
|    total_timesteps      | 384000     |
| train/                  |            |
|    approx_kl            | 0.13238369 |
|    clip_fraction        | 0.468      |
|    clip_range           | 0.2        |
|    entropy_loss         | 2          |
|    explained_variance   | 0.366      |
|    learning_rate        | 0.0001     |
|    loss                 | -0.136     |
|    n_updates            | 1240       |
|    policy_gradient_loss | -0.0952    |
|    std                  | 0.0886     |
|    value_loss           | 0.00499    |
----------------------------------------
----------------------------------------
| rollout/                |            |
|    ep_len_mean          | 241        |
|    ep_rew_mean          | -33.9      |
| time/                   |            |
|    fps                  | 233        |
|    iterations           | 126        |
|    time_elapsed         | 1660       |
|    total_timesteps      | 387072     |
| train/                  |            |
|    approx_kl            | 0.12505028 |
|    clip_fraction        | 0.468      |
|    clip_range           | 0.2        |
|    entropy_loss         | 2.01       |
|    explained_variance   | 0.347      |
|    learning_rate        | 0.0001     |
|    loss                 | -0.137     |
|    n_updates            | 1250       |
|    policy_gradient_loss | -0.0937    |
|    std                  | 0.0884     |
|    value_loss           | 0.00485    |
----------------------------------------
----------------------------------------
| rollout/                |            |
|    ep_len_mean          | 241        |
|    ep_rew_mean          | -33.9      |
| time/                   |            |
|    fps                  | 233        |
|    iterations           | 127        |
|    time_elapsed         | 1670       |
|    total_timesteps      | 390144     |
| train/                  |            |
|    approx_kl            | 0.12170073 |
|    clip_fraction        | 0.473      |
|    clip_range           | 0.2        |
|    entropy_loss         | 2.02       |
|    explained_variance   | 0.389      |
|    learning_rate        | 0.0001     |
|    loss                 | -0.133     |
|    n_updates            | 1260       |
|    policy_gradient_loss | -0.0953    |
|    std                  | 0.088      |
|    value_loss           | 0.00525    |
----------------------------------------
---------------------------------------
| rollout/                |           |
|    ep_len_mean          | 241       |
|    ep_rew_mean          | -34.2     |
| time/                   |           |
|    fps                  | 233       |
|    iterations           | 128       |
|    time_elapsed         | 1681      |
|    total_timesteps      | 393216    |
| train/                  |           |
|    approx_kl            | 0.1266236 |
|    clip_fraction        | 0.479     |
|    clip_range           | 0.2       |
|    entropy_loss         | 2.03      |
|    explained_variance   | 0.289     |
|    learning_rate        | 0.0001    |
|    loss                 | -0.142    |
|    n_updates            | 1270      |
|    policy_gradient_loss | -0.0986   |
|    std                  | 0.0876    |
|    value_loss           | 0.00557   |
---------------------------------------
----------------------------------------
| rollout/                |            |
|    ep_len_mean          | 241        |
|    ep_rew_mean          | -34.2      |
| time/                   |            |
|    fps                  | 234        |
|    iterations           | 129        |
|    time_elapsed         | 1690       |
|    total_timesteps      | 396288     |
| train/                  |            |
|    approx_kl            | 0.13950053 |
|    clip_fraction        | 0.48       |
|    clip_range           | 0.2        |
|    entropy_loss         | 2.04       |
|    explained_variance   | 0.358      |
|    learning_rate        | 0.0001     |
|    loss                 | -0.135     |
|    n_updates            | 1280       |
|    policy_gradient_loss | -0.0968    |
|    std                  | 0.0873     |
|    value_loss           | 0.00668    |
----------------------------------------
----------------------------------------
| rollout/                |            |
|    ep_len_mean          | 241        |
|    ep_rew_mean          | -34.2      |
| time/                   |            |
|    fps                  | 234        |
|    iterations           | 130        |
|    time_elapsed         | 1699       |
|    total_timesteps      | 399360     |
| train/                  |            |
|    approx_kl            | 0.12951465 |
|    clip_fraction        | 0.485      |
|    clip_range           | 0.2        |
|    entropy_loss         | 2.04       |
|    explained_variance   | 0.215      |
|    learning_rate        | 0.0001     |
|    loss                 | -0.143     |
|    n_updates            | 1290       |
|    policy_gradient_loss | -0.0968    |
|    std                  | 0.0869     |
|    value_loss           | 0.00453    |
----------------------------------------
---------------------------------------
| rollout/                |           |
|    ep_len_mean          | 241       |
|    ep_rew_mean          | -34.4     |
| time/                   |           |
|    fps                  | 235       |
|    iterations           | 131       |
|    time_elapsed         | 1708      |
|    total_timesteps      | 402432    |
| train/                  |           |
|    approx_kl            | 0.1344586 |
|    clip_fraction        | 0.475     |
|    clip_range           | 0.2       |
|    entropy_loss         | 2.05      |
|    explained_variance   | 0.475     |
|    learning_rate        | 0.0001    |
|    loss                 | -0.14     |
|    n_updates            | 1300      |
|    policy_gradient_loss | -0.0962   |
|    std                  | 0.0865    |
|    value_loss           | 0.00626   |
---------------------------------------

  saved ppo_big.zip and ppo_big_vecnorm.pkl
