Using cpu device
  6 envs x 6 stacked frames, 24 training seas, preview 8.0 s
  400,000 steps -- the plant runs at ~85x real time per core

----------------------------------
| rollout/           |           |
|    ep_len_mean     | 241       |
|    ep_rew_mean     | -2.89e+03 |
| time/              |           |
|    fps             | 174       |
|    iterations      | 1         |
|    time_elapsed    | 17        |
|    total_timesteps | 3072      |
----------------------------------
-----------------------------------------
| rollout/                |             |
|    ep_len_mean          | 241         |
|    ep_rew_mean          | -2.95e+03   |
| time/                   |             |
|    fps                  | 171         |
|    iterations           | 2           |
|    time_elapsed         | 35          |
|    total_timesteps      | 6144        |
| train/                  |             |
|    approx_kl            | 0.006381812 |
|    clip_fraction        | 0.0521      |
|    clip_range           | 0.2         |
|    entropy_loss         | -2.84       |
|    explained_variance   | -0.143      |
|    learning_rate        | 0.0003      |
|    loss                 | 0.759       |
|    n_updates            | 10          |
|    policy_gradient_loss | -0.00839    |
|    std                  | 1           |
|    value_loss           | 2.34        |
-----------------------------------------
------------------------------------------
| rollout/                |              |
|    ep_len_mean          | 241          |
|    ep_rew_mean          | -2.71e+03    |
| time/                   |              |
|    fps                  | 169          |
|    iterations           | 3            |
|    time_elapsed         | 54           |
|    total_timesteps      | 9216         |
| train/                  |              |
|    approx_kl            | 0.0058351755 |
|    clip_fraction        | 0.0481       |
|    clip_range           | 0.2          |
|    entropy_loss         | -2.83        |
|    explained_variance   | -0.526       |
|    learning_rate        | 0.0003       |
|    loss                 | 0.0494       |
|    n_updates            | 20           |
|    policy_gradient_loss | -0.0113      |
|    std                  | 0.994        |
|    value_loss           | 0.224        |
------------------------------------------
------------------------------------------
| rollout/                |              |
|    ep_len_mean          | 241          |
|    ep_rew_mean          | -2.57e+03    |
| time/                   |              |
|    fps                  | 167          |
|    iterations           | 4            |
|    time_elapsed         | 73           |
|    total_timesteps      | 12288        |
| train/                  |              |
|    approx_kl            | 0.0067959055 |
|    clip_fraction        | 0.0591       |
|    clip_range           | 0.2          |
|    entropy_loss         | -2.82        |
|    explained_variance   | -0.463       |
|    learning_rate        | 0.0003       |
|    loss                 | 0.0129       |
|    n_updates            | 30           |
|    policy_gradient_loss | -0.0139      |
|    std                  | 0.987        |
|    value_loss           | 0.0857       |
------------------------------------------
------------------------------------------
| rollout/                |              |
|    ep_len_mean          | 241          |
|    ep_rew_mean          | -2.58e+03    |
| time/                   |              |
|    fps                  | 166          |
|    iterations           | 5            |
|    time_elapsed         | 92           |
|    total_timesteps      | 15360        |
| train/                  |              |
|    approx_kl            | 0.0064312364 |
|    clip_fraction        | 0.0538       |
|    clip_range           | 0.2          |
|    entropy_loss         | -2.81        |
|    explained_variance   | -0.239       |
|    learning_rate        | 0.0003       |
|    loss                 | -0.000718    |
|    n_updates            | 40           |
|    policy_gradient_loss | -0.0124      |
|    std                  | 0.985        |
|    value_loss           | 0.0639       |
------------------------------------------
------------------------------------------
| rollout/                |              |
|    ep_len_mean          | 241          |
|    ep_rew_mean          | -2.52e+03    |
| time/                   |              |
|    fps                  | 165          |
|    iterations           | 6            |
|    time_elapsed         | 111          |
|    total_timesteps      | 18432        |
| train/                  |              |
|    approx_kl            | 0.0065147816 |
|    clip_fraction        | 0.0564       |
|    clip_range           | 0.2          |
|    entropy_loss         | -2.8         |
|    explained_variance   | -0.275       |
|    learning_rate        | 0.0003       |
|    loss                 | 0.00243      |
|    n_updates            | 50           |
|    policy_gradient_loss | -0.013       |
|    std                  | 0.981        |
|    value_loss           | 0.0654       |
------------------------------------------
------------------------------------------
| rollout/                |              |
|    ep_len_mean          | 241          |
|    ep_rew_mean          | -2.48e+03    |
| time/                   |              |
|    fps                  | 165          |
|    iterations           | 7            |
|    time_elapsed         | 129          |
|    total_timesteps      | 21504        |
| train/                  |              |
|    approx_kl            | 0.0062509594 |
|    clip_fraction        | 0.0569       |
|    clip_range           | 0.2          |
|    entropy_loss         | -2.79        |
|    explained_variance   | 0.00115      |
|    learning_rate        | 0.0003       |
|    loss                 | -0.0028      |
|    n_updates            | 60           |
|    policy_gradient_loss | -0.0135      |
|    std                  | 0.976        |
|    value_loss           | 0.0639       |
------------------------------------------
-----------------------------------------
| rollout/                |             |
|    ep_len_mean          | 241         |
|    ep_rew_mean          | -2.46e+03   |
| time/                   |             |
|    fps                  | 165         |
|    iterations           | 8           |
|    time_elapsed         | 148         |
|    total_timesteps      | 24576       |
| train/                  |             |
|    approx_kl            | 0.008438711 |
|    clip_fraction        | 0.0723      |
|    clip_range           | 0.2         |
|    entropy_loss         | -2.78       |
|    explained_variance   | 0.12        |
|    learning_rate        | 0.0003      |
|    loss                 | 0.00317     |
|    n_updates            | 70          |
|    policy_gradient_loss | -0.0136     |
|    std                  | 0.971       |
|    value_loss           | 0.0616      |
-----------------------------------------
------------------------------------------
| rollout/                |              |
|    ep_len_mean          | 241          |
|    ep_rew_mean          | -2.39e+03    |
| time/                   |              |
|    fps                  | 165          |
|    iterations           | 9            |
|    time_elapsed         | 167          |
|    total_timesteps      | 27648        |
| train/                  |              |
|    approx_kl            | 0.0077038403 |
|    clip_fraction        | 0.0726       |
|    clip_range           | 0.2          |
|    entropy_loss         | -2.78        |
|    explained_variance   | 0.0846       |
|    learning_rate        | 0.0003       |
|    loss                 | -0.0112      |
|    n_updates            | 80           |
|    policy_gradient_loss | -0.0159      |
|    std                  | 0.972        |
|    value_loss           | 0.0404       |
------------------------------------------
-----------------------------------------
| rollout/                |             |
|    ep_len_mean          | 241         |
|    ep_rew_mean          | -2.31e+03   |
| time/                   |             |
|    fps                  | 165         |
|    iterations           | 10          |
|    time_elapsed         | 186         |
|    total_timesteps      | 30720       |
| train/                  |             |
|    approx_kl            | 0.006434787 |
|    clip_fraction        | 0.0617      |
|    clip_range           | 0.2         |
|    entropy_loss         | -2.78       |
|    explained_variance   | -0.391      |
|    learning_rate        | 0.0003      |
|    loss                 | -0.00306    |
|    n_updates            | 90          |
|    policy_gradient_loss | -0.0159     |
|    std                  | 0.973       |
|    value_loss           | 0.0624      |
-----------------------------------------
-----------------------------------------
| rollout/                |             |
|    ep_len_mean          | 241         |
|    ep_rew_mean          | -2.34e+03   |
| time/                   |             |
|    fps                  | 164         |
|    iterations           | 11          |
|    time_elapsed         | 204         |
|    total_timesteps      | 33792       |
| train/                  |             |
|    approx_kl            | 0.006832492 |
|    clip_fraction        | 0.065       |
|    clip_range           | 0.2         |
|    entropy_loss         | -2.79       |
|    explained_variance   | 0.188       |
|    learning_rate        | 0.0003      |
|    loss                 | -0.00248    |
|    n_updates            | 100         |
|    policy_gradient_loss | -0.0157     |
|    std                  | 0.974       |
|    value_loss           | 0.0516      |
-----------------------------------------
-----------------------------------------
| rollout/                |             |
|    ep_len_mean          | 241         |
|    ep_rew_mean          | -2.39e+03   |
| time/                   |             |
|    fps                  | 164         |
|    iterations           | 12          |
|    time_elapsed         | 223         |
|    total_timesteps      | 36864       |
| train/                  |             |
|    approx_kl            | 0.007523319 |
|    clip_fraction        | 0.0649      |
|    clip_range           | 0.2         |
|    entropy_loss         | -2.79       |
|    explained_variance   | 0.484       |
|    learning_rate        | 0.0003      |
|    loss                 | -0.0039     |
|    n_updates            | 110         |
|    policy_gradient_loss | -0.0156     |
|    std                  | 0.981       |
|    value_loss           | 0.0664      |
-----------------------------------------
------------------------------------------
| rollout/                |              |
|    ep_len_mean          | 241          |
|    ep_rew_mean          | -2.28e+03    |
| time/                   |              |
|    fps                  | 164          |
|    iterations           | 13           |
|    time_elapsed         | 242          |
|    total_timesteps      | 39936        |
| train/                  |              |
|    approx_kl            | 0.0068349056 |
|    clip_fraction        | 0.0587       |
|    clip_range           | 0.2          |
|    entropy_loss         | -2.79        |
|    explained_variance   | 0.586        |
|    learning_rate        | 0.0003       |
|    loss                 | -0.00423     |
|    n_updates            | 120          |
|    policy_gradient_loss | -0.018       |
|    std                  | 0.973        |
|    value_loss           | 0.0504       |
------------------------------------------
----------------------------------------
| rollout/                |            |
|    ep_len_mean          | 241        |
|    ep_rew_mean          | -2.24e+03  |
| time/                   |            |
|    fps                  | 164        |
|    iterations           | 14         |
|    time_elapsed         | 260        |
|    total_timesteps      | 43008      |
| train/                  |            |
|    approx_kl            | 0.01034674 |
|    clip_fraction        | 0.114      |
|    clip_range           | 0.2        |
|    entropy_loss         | -2.78      |
|    explained_variance   | 0.538      |
|    learning_rate        | 0.0003     |
|    loss                 | -0.0138    |
|    n_updates            | 130        |
|    policy_gradient_loss | -0.0218    |
|    std                  | 0.971      |
|    value_loss           | 0.0543     |
----------------------------------------
-----------------------------------------
| rollout/                |             |
|    ep_len_mean          | 241         |
|    ep_rew_mean          | -2.24e+03   |
| time/                   |             |
|    fps                  | 164         |
|    iterations           | 15          |
|    time_elapsed         | 279         |
|    total_timesteps      | 46080       |
| train/                  |             |
|    approx_kl            | 0.010783784 |
|    clip_fraction        | 0.104       |
|    clip_range           | 0.2         |
|    entropy_loss         | -2.78       |
|    explained_variance   | 0.172       |
|    learning_rate        | 0.0003      |
|    loss                 | -0.0156     |
|    n_updates            | 140         |
|    policy_gradient_loss | -0.021      |
|    std                  | 0.969       |
|    value_loss           | 0.0425      |
-----------------------------------------
----------------------------------------
| rollout/                |            |
|    ep_len_mean          | 241        |
|    ep_rew_mean          | -2.34e+03  |
| time/                   |            |
|    fps                  | 164        |
|    iterations           | 16         |
|    time_elapsed         | 298        |
|    total_timesteps      | 49152      |
| train/                  |            |
|    approx_kl            | 0.00757591 |
|    clip_fraction        | 0.071      |
|    clip_range           | 0.2        |
|    entropy_loss         | -2.77      |
|    explained_variance   | -0.382     |
|    learning_rate        | 0.0003     |
|    loss                 | -0.00909   |
|    n_updates            | 150        |
|    policy_gradient_loss | -0.0169    |
|    std                  | 0.967      |
|    value_loss           | 0.0598     |
----------------------------------------
-----------------------------------------
| rollout/                |             |
|    ep_len_mean          | 241         |
|    ep_rew_mean          | -2.53e+03   |
| time/                   |             |
|    fps                  | 164         |
|    iterations           | 17          |
|    time_elapsed         | 317         |
|    total_timesteps      | 52224       |
| train/                  |             |
|    approx_kl            | 0.009051196 |
|    clip_fraction        | 0.0842      |
|    clip_range           | 0.2         |
|    entropy_loss         | -2.77       |
|    explained_variance   | -0.0432     |
|    learning_rate        | 0.0003      |
|    loss                 | -0.00135    |
|    n_updates            | 160         |
|    policy_gradient_loss | -0.0177     |
|    std                  | 0.966       |
|    value_loss           | 0.0565      |
-----------------------------------------
-----------------------------------------
| rollout/                |             |
|    ep_len_mean          | 241         |
|    ep_rew_mean          | -2.58e+03   |
| time/                   |             |
|    fps                  | 164         |
|    iterations           | 18          |
|    time_elapsed         | 336         |
|    total_timesteps      | 55296       |
| train/                  |             |
|    approx_kl            | 0.008452303 |
|    clip_fraction        | 0.0789      |
|    clip_range           | 0.2         |
|    entropy_loss         | -2.77       |
|    explained_variance   | 0.504       |
|    learning_rate        | 0.0003      |
|    loss                 | -0.0129     |
|    n_updates            | 170         |
|    policy_gradient_loss | -0.0184     |
|    std                  | 0.965       |
|    value_loss           | 0.0604      |
-----------------------------------------
------------------------------------------
| rollout/                |              |
|    ep_len_mean          | 241          |
|    ep_rew_mean          | -2.69e+03    |
| time/                   |              |
|    fps                  | 164          |
|    iterations           | 19           |
|    time_elapsed         | 355          |
|    total_timesteps      | 58368        |
| train/                  |              |
|    approx_kl            | 0.0078678345 |
|    clip_fraction        | 0.0741       |
|    clip_range           | 0.2          |
|    entropy_loss         | -2.76        |
|    explained_variance   | 0.523        |
|    learning_rate        | 0.0003       |
|    loss                 | 0.00481      |
|    n_updates            | 180          |
|    policy_gradient_loss | -0.0194      |
|    std                  | 0.961        |
|    value_loss           | 0.0863       |
------------------------------------------
-----------------------------------------
| rollout/                |             |
|    ep_len_mean          | 241         |
|    ep_rew_mean          | -2.66e+03   |
| time/                   |             |
|    fps                  | 164         |
|    iterations           | 20          |
|    time_elapsed         | 373         |
|    total_timesteps      | 61440       |
| train/                  |             |
|    approx_kl            | 0.007965698 |
|    clip_fraction        | 0.0771      |
|    clip_range           | 0.2         |
|    entropy_loss         | -2.75       |
|    explained_variance   | 0.688       |
|    learning_rate        | 0.0003      |
|    loss                 | -0.0117     |
|    n_updates            | 190         |
|    policy_gradient_loss | -0.0183     |
|    std                  | 0.954       |
|    value_loss           | 0.0667      |
-----------------------------------------
-----------------------------------------
| rollout/                |             |
|    ep_len_mean          | 241         |
|    ep_rew_mean          | -2.71e+03   |
| time/                   |             |
|    fps                  | 164         |
|    iterations           | 21          |
|    time_elapsed         | 392         |
|    total_timesteps      | 64512       |
| train/                  |             |
|    approx_kl            | 0.008550021 |
|    clip_fraction        | 0.0789      |
|    clip_range           | 0.2         |
|    entropy_loss         | -2.74       |
|    explained_variance   | 0.745       |
|    learning_rate        | 0.0003      |
|    loss                 | -0.00732    |
|    n_updates            | 200         |
|    policy_gradient_loss | -0.0189     |
|    std                  | 0.951       |
|    value_loss           | 0.0414      |
-----------------------------------------
-----------------------------------------
| rollout/                |             |
|    ep_len_mean          | 241         |
|    ep_rew_mean          | -2.82e+03   |
| time/                   |             |
|    fps                  | 164         |
|    iterations           | 22          |
|    time_elapsed         | 410         |
|    total_timesteps      | 67584       |
| train/                  |             |
|    approx_kl            | 0.010233445 |
|    clip_fraction        | 0.0951      |
|    clip_range           | 0.2         |
|    entropy_loss         | -2.73       |
|    explained_variance   | 0.696       |
|    learning_rate        | 0.0003      |
|    loss                 | -0.0243     |
|    n_updates            | 210         |
|    policy_gradient_loss | -0.023      |
|    std                  | 0.945       |
|    value_loss           | 0.0677      |
-----------------------------------------
-----------------------------------------
| rollout/                |             |
|    ep_len_mean          | 241         |
|    ep_rew_mean          | -2.77e+03   |
| time/                   |             |
|    fps                  | 164         |
|    iterations           | 23          |
|    time_elapsed         | 428         |
|    total_timesteps      | 70656       |
| train/                  |             |
|    approx_kl            | 0.010571728 |
|    clip_fraction        | 0.109       |
|    clip_range           | 0.2         |
|    entropy_loss         | -2.72       |
|    explained_variance   | 0.391       |
|    learning_rate        | 0.0003      |
|    loss                 | 0.00731     |
|    n_updates            | 220         |
|    policy_gradient_loss | -0.0215     |
|    std                  | 0.943       |
|    value_loss           | 0.0896      |
-----------------------------------------
-----------------------------------------
| rollout/                |             |
|    ep_len_mean          | 241         |
|    ep_rew_mean          | -2.73e+03   |
| time/                   |             |
|    fps                  | 164         |
|    iterations           | 24          |
|    time_elapsed         | 447         |
|    total_timesteps      | 73728       |
| train/                  |             |
|    approx_kl            | 0.013222796 |
|    clip_fraction        | 0.115       |
|    clip_range           | 0.2         |
|    entropy_loss         | -2.71       |
|    explained_variance   | 0.154       |
|    learning_rate        | 0.0003      |
|    loss                 | -0.0172     |
|    n_updates            | 230         |
|    policy_gradient_loss | -0.0253     |
|    std                  | 0.937       |
|    value_loss           | 0.057       |
-----------------------------------------
-----------------------------------------
| rollout/                |             |
|    ep_len_mean          | 241         |
|    ep_rew_mean          | -2.66e+03   |
| time/                   |             |
|    fps                  | 164         |
|    iterations           | 25          |
|    time_elapsed         | 465         |
|    total_timesteps      | 76800       |
| train/                  |             |
|    approx_kl            | 0.009328827 |
|    clip_fraction        | 0.0889      |
|    clip_range           | 0.2         |
|    entropy_loss         | -2.71       |
|    explained_variance   | -0.152      |
|    learning_rate        | 0.0003      |
|    loss                 | -0.0147     |
|    n_updates            | 240         |
|    policy_gradient_loss | -0.0218     |
|    std                  | 0.936       |
|    value_loss           | 0.0534      |
-----------------------------------------
-----------------------------------------
| rollout/                |             |
|    ep_len_mean          | 241         |
|    ep_rew_mean          | -2.66e+03   |
| time/                   |             |
|    fps                  | 165         |
|    iterations           | 26          |
|    time_elapsed         | 483         |
|    total_timesteps      | 79872       |
| train/                  |             |
|    approx_kl            | 0.010061785 |
|    clip_fraction        | 0.0841      |
|    clip_range           | 0.2         |
|    entropy_loss         | -2.7        |
|    explained_variance   | 0.196       |
|    learning_rate        | 0.0003      |
|    loss                 | -0.0163     |
|    n_updates            | 250         |
|    policy_gradient_loss | -0.0223     |
|    std                  | 0.931       |
|    value_loss           | 0.0474      |
-----------------------------------------
-----------------------------------------
| rollout/                |             |
|    ep_len_mean          | 241         |
|    ep_rew_mean          | -2.67e+03   |
| time/                   |             |
|    fps                  | 165         |
|    iterations           | 27          |
|    time_elapsed         | 502         |
|    total_timesteps      | 82944       |
| train/                  |             |
|    approx_kl            | 0.009512368 |
|    clip_fraction        | 0.0828      |
|    clip_range           | 0.2         |
|    entropy_loss         | -2.69       |
|    explained_variance   | 0.437       |
|    learning_rate        | 0.0003      |
|    loss                 | -0.0148     |
|    n_updates            | 260         |
|    policy_gradient_loss | -0.0199     |
|    std                  | 0.928       |
|    value_loss           | 0.0629      |
-----------------------------------------
-----------------------------------------
| rollout/                |             |
|    ep_len_mean          | 241         |
|    ep_rew_mean          | -2.65e+03   |
| time/                   |             |
|    fps                  | 165         |
|    iterations           | 28          |
|    time_elapsed         | 520         |
|    total_timesteps      | 86016       |
| train/                  |             |
|    approx_kl            | 0.011433091 |
|    clip_fraction        | 0.101       |
|    clip_range           | 0.2         |
|    entropy_loss         | -2.69       |
|    explained_variance   | 0.449       |
|    learning_rate        | 0.0003      |
|    loss                 | -0.00516    |
|    n_updates            | 270         |
|    policy_gradient_loss | -0.0234     |
|    std                  | 0.925       |
|    value_loss           | 0.0652      |
-----------------------------------------
-----------------------------------------
| rollout/                |             |
|    ep_len_mean          | 241         |
|    ep_rew_mean          | -2.59e+03   |
| time/                   |             |
|    fps                  | 165         |
|    iterations           | 29          |
|    time_elapsed         | 539         |
|    total_timesteps      | 89088       |
| train/                  |             |
|    approx_kl            | 0.012946188 |
|    clip_fraction        | 0.122       |
|    clip_range           | 0.2         |
|    entropy_loss         | -2.68       |
|    explained_variance   | 0.529       |
|    learning_rate        | 0.0003      |
|    loss                 | -0.0292     |
|    n_updates            | 280         |
|    policy_gradient_loss | -0.0255     |
|    std                  | 0.928       |
|    value_loss           | 0.0382      |
-----------------------------------------
-----------------------------------------
| rollout/                |             |
|    ep_len_mean          | 241         |
|    ep_rew_mean          | -2.41e+03   |
| time/                   |             |
|    fps                  | 165         |
|    iterations           | 30          |
|    time_elapsed         | 557         |
|    total_timesteps      | 92160       |
| train/                  |             |
|    approx_kl            | 0.012183751 |
|    clip_fraction        | 0.121       |
|    clip_range           | 0.2         |
|    entropy_loss         | -2.68       |
|    explained_variance   | 0.593       |
|    learning_rate        | 0.0003      |
|    loss                 | -0.0201     |
|    n_updates            | 290         |
|    policy_gradient_loss | -0.0258     |
|    std                  | 0.919       |
|    value_loss           | 0.0478      |
-----------------------------------------
-----------------------------------------
| rollout/                |             |
|    ep_len_mean          | 241         |
|    ep_rew_mean          | -2.31e+03   |
| time/                   |             |
|    fps                  | 165         |
|    iterations           | 31          |
|    time_elapsed         | 575         |
|    total_timesteps      | 95232       |
| train/                  |             |
|    approx_kl            | 0.010362774 |
|    clip_fraction        | 0.11        |
|    clip_range           | 0.2         |
|    entropy_loss         | -2.67       |
|    explained_variance   | 0.203       |
|    learning_rate        | 0.0003      |
|    loss                 | -0.0223     |
|    n_updates            | 300         |
|    policy_gradient_loss | -0.0219     |
|    std                  | 0.918       |
|    value_loss           | 0.0252      |
-----------------------------------------
-----------------------------------------
| rollout/                |             |
|    ep_len_mean          | 241         |
|    ep_rew_mean          | -2.21e+03   |
| time/                   |             |
|    fps                  | 165         |
|    iterations           | 32          |
|    time_elapsed         | 595         |
|    total_timesteps      | 98304       |
| train/                  |             |
|    approx_kl            | 0.008897304 |
|    clip_fraction        | 0.0992      |
|    clip_range           | 0.2         |
|    entropy_loss         | -2.66       |
|    explained_variance   | -0.301      |
|    learning_rate        | 0.0003      |
|    loss                 | -0.0274     |
|    n_updates            | 310         |
|    policy_gradient_loss | -0.021      |
|    std                  | 0.911       |
|    value_loss           | 0.023       |
-----------------------------------------
-----------------------------------------
| rollout/                |             |
|    ep_len_mean          | 241         |
|    ep_rew_mean          | -1.86e+03   |
| time/                   |             |
|    fps                  | 165         |
|    iterations           | 33          |
|    time_elapsed         | 612         |
|    total_timesteps      | 101376      |
| train/                  |             |
|    approx_kl            | 0.012421697 |
|    clip_fraction        | 0.142       |
|    clip_range           | 0.2         |
|    entropy_loss         | -2.64       |
|    explained_variance   | 0.276       |
|    learning_rate        | 0.0003      |
|    loss                 | -0.0318     |
|    n_updates            | 320         |
|    policy_gradient_loss | -0.0255     |
|    std                  | 0.903       |
|    value_loss           | 0.0316      |
-----------------------------------------
-----------------------------------------
| rollout/                |             |
|    ep_len_mean          | 241         |
|    ep_rew_mean          | -1.62e+03   |
| time/                   |             |
|    fps                  | 166         |
|    iterations           | 34          |
|    time_elapsed         | 626         |
|    total_timesteps      | 104448      |
| train/                  |             |
|    approx_kl            | 0.012050681 |
|    clip_fraction        | 0.122       |
|    clip_range           | 0.2         |
|    entropy_loss         | -2.63       |
|    explained_variance   | -0.294      |
|    learning_rate        | 0.0003      |
|    loss                 | -0.0304     |
|    n_updates            | 330         |
|    policy_gradient_loss | -0.0239     |
|    std                  | 0.904       |
|    value_loss           | 0.0145      |
-----------------------------------------
----------------------------------------
| rollout/                |            |
|    ep_len_mean          | 241        |
|    ep_rew_mean          | -1.43e+03  |
| time/                   |            |
|    fps                  | 169        |
|    iterations           | 35         |
|    time_elapsed         | 634        |
|    total_timesteps      | 107520     |
| train/                  |            |
|    approx_kl            | 0.01132111 |
|    clip_fraction        | 0.111      |
|    clip_range           | 0.2        |
|    entropy_loss         | -2.63      |
|    explained_variance   | -0.00688   |
|    learning_rate        | 0.0003     |
|    loss                 | -0.0313    |
|    n_updates            | 340        |
|    policy_gradient_loss | -0.024     |
|    std                  | 0.895      |
|    value_loss           | 0.0157     |
----------------------------------------
-----------------------------------------
| rollout/                |             |
|    ep_len_mean          | 241         |
|    ep_rew_mean          | -1.3e+03    |
| time/                   |             |
|    fps                  | 169         |
|    iterations           | 36          |
|    time_elapsed         | 650         |
|    total_timesteps      | 110592      |
| train/                  |             |
|    approx_kl            | 0.010343263 |
|    clip_fraction        | 0.11        |
|    clip_range           | 0.2         |
|    entropy_loss         | -2.61       |
|    explained_variance   | 0.253       |
|    learning_rate        | 0.0003      |
|    loss                 | -0.033      |
|    n_updates            | 350         |
|    policy_gradient_loss | -0.0202     |
|    std                  | 0.891       |
|    value_loss           | 0.016       |
-----------------------------------------
-----------------------------------------
| rollout/                |             |
|    ep_len_mean          | 241         |
|    ep_rew_mean          | -1.16e+03   |
| time/                   |             |
|    fps                  | 169         |
|    iterations           | 37          |
|    time_elapsed         | 669         |
|    total_timesteps      | 113664      |
| train/                  |             |
|    approx_kl            | 0.011329521 |
|    clip_fraction        | 0.131       |
|    clip_range           | 0.2         |
|    entropy_loss         | -2.6        |
|    explained_variance   | 0.527       |
|    learning_rate        | 0.0003      |
|    loss                 | -0.0372     |
|    n_updates            | 360         |
|    policy_gradient_loss | -0.0244     |
|    std                  | 0.89        |
|    value_loss           | 0.0104      |
-----------------------------------------
-----------------------------------------
| rollout/                |             |
|    ep_len_mean          | 241         |
|    ep_rew_mean          | -1.1e+03    |
| time/                   |             |
|    fps                  | 169         |
|    iterations           | 38          |
|    time_elapsed         | 687         |
|    total_timesteps      | 116736      |
| train/                  |             |
|    approx_kl            | 0.012566931 |
|    clip_fraction        | 0.13        |
|    clip_range           | 0.2         |
|    entropy_loss         | -2.61       |
|    explained_variance   | 0.292       |
|    learning_rate        | 0.0003      |
|    loss                 | -0.0364     |
|    n_updates            | 370         |
|    policy_gradient_loss | -0.0248     |
|    std                  | 0.892       |
|    value_loss           | 0.0106      |
-----------------------------------------
-----------------------------------------
| rollout/                |             |
|    ep_len_mean          | 241         |
|    ep_rew_mean          | -1.09e+03   |
| time/                   |             |
|    fps                  | 169         |
|    iterations           | 39          |
|    time_elapsed         | 706         |
|    total_timesteps      | 119808      |
| train/                  |             |
|    approx_kl            | 0.012067481 |
|    clip_fraction        | 0.124       |
|    clip_range           | 0.2         |
|    entropy_loss         | -2.6        |
|    explained_variance   | 0.0291      |
|    learning_rate        | 0.0003      |
|    loss                 | -0.0311     |
|    n_updates            | 380         |
|    policy_gradient_loss | -0.0238     |
|    std                  | 0.887       |
|    value_loss           | 0.0109      |
-----------------------------------------
-----------------------------------------
| rollout/                |             |
|    ep_len_mean          | 241         |
|    ep_rew_mean          | -968        |
| time/                   |             |
|    fps                  | 169         |
|    iterations           | 40          |
|    time_elapsed         | 725         |
|    total_timesteps      | 122880      |
| train/                  |             |
|    approx_kl            | 0.013281647 |
|    clip_fraction        | 0.129       |
|    clip_range           | 0.2         |
|    entropy_loss         | -2.59       |
|    explained_variance   | 0.158       |
|    learning_rate        | 0.0003      |
|    loss                 | -0.0329     |
|    n_updates            | 390         |
|    policy_gradient_loss | -0.0278     |
|    std                  | 0.883       |
|    value_loss           | 0.0175      |
-----------------------------------------
------------------------------------------
| rollout/                |              |
|    ep_len_mean          | 241          |
|    ep_rew_mean          | -901         |
| time/                   |              |
|    fps                  | 169          |
|    iterations           | 41           |
|    time_elapsed         | 743          |
|    total_timesteps      | 125952       |
| train/                  |              |
|    approx_kl            | 0.0111945495 |
|    clip_fraction        | 0.104        |
|    clip_range           | 0.2          |
|    entropy_loss         | -2.58        |
|    explained_variance   | 0.248        |
|    learning_rate        | 0.0003       |
|    loss                 | -0.0302      |
|    n_updates            | 400          |
|    policy_gradient_loss | -0.023       |
|    std                  | 0.877        |
|    value_loss           | 0.016        |
------------------------------------------
------------------------------------------
| rollout/                |              |
|    ep_len_mean          | 241          |
|    ep_rew_mean          | -861         |
| time/                   |              |
|    fps                  | 169          |
|    iterations           | 42           |
|    time_elapsed         | 762          |
|    total_timesteps      | 129024       |
| train/                  |              |
|    approx_kl            | 0.0107254125 |
|    clip_fraction        | 0.113        |
|    clip_range           | 0.2          |
|    entropy_loss         | -2.57        |
|    explained_variance   | 0.302        |
|    learning_rate        | 0.0003       |
|    loss                 | -0.0361      |
|    n_updates            | 410          |
|    policy_gradient_loss | -0.024       |
|    std                  | 0.872        |
|    value_loss           | 0.00727      |
------------------------------------------
-----------------------------------------
| rollout/                |             |
|    ep_len_mean          | 241         |
|    ep_rew_mean          | -831        |
| time/                   |             |
|    fps                  | 169         |
|    iterations           | 43          |
|    time_elapsed         | 780         |
|    total_timesteps      | 132096      |
| train/                  |             |
|    approx_kl            | 0.013451229 |
|    clip_fraction        | 0.134       |
|    clip_range           | 0.2         |
|    entropy_loss         | -2.56       |
|    explained_variance   | 0.319       |
|    learning_rate        | 0.0003      |
|    loss                 | -0.0346     |
|    n_updates            | 420         |
|    policy_gradient_loss | -0.0227     |
|    std                  | 0.867       |
|    value_loss           | 0.00735     |
-----------------------------------------
-----------------------------------------
| rollout/                |             |
|    ep_len_mean          | 241         |
|    ep_rew_mean          | -797        |
| time/                   |             |
|    fps                  | 169         |
|    iterations           | 44          |
|    time_elapsed         | 798         |
|    total_timesteps      | 135168      |
| train/                  |             |
|    approx_kl            | 0.010440285 |
|    clip_fraction        | 0.104       |
|    clip_range           | 0.2         |
|    entropy_loss         | -2.55       |
|    explained_variance   | 0.149       |
|    learning_rate        | 0.0003      |
|    loss                 | -0.0326     |
|    n_updates            | 430         |
|    policy_gradient_loss | -0.0218     |
|    std                  | 0.86        |
|    value_loss           | 0.00765     |
-----------------------------------------
----------------------------------------
| rollout/                |            |
|    ep_len_mean          | 241        |
|    ep_rew_mean          | -753       |
| time/                   |            |
|    fps                  | 169        |
|    iterations           | 45         |
|    time_elapsed         | 817        |
|    total_timesteps      | 138240     |
| train/                  |            |
|    approx_kl            | 0.01253458 |
|    clip_fraction        | 0.139      |
|    clip_range           | 0.2        |
|    entropy_loss         | -2.53      |
|    explained_variance   | 0.0779     |
|    learning_rate        | 0.0003     |
|    loss                 | -0.0553    |
|    n_updates            | 440        |
|    policy_gradient_loss | -0.0277    |
|    std                  | 0.854      |
|    value_loss           | 0.00561    |
----------------------------------------
-----------------------------------------
| rollout/                |             |
|    ep_len_mean          | 241         |
|    ep_rew_mean          | -717        |
| time/                   |             |
|    fps                  | 169         |
|    iterations           | 46          |
|    time_elapsed         | 835         |
|    total_timesteps      | 141312      |
| train/                  |             |
|    approx_kl            | 0.010065524 |
|    clip_fraction        | 0.0927      |
|    clip_range           | 0.2         |
|    entropy_loss         | -2.52       |
|    explained_variance   | -0.105      |
|    learning_rate        | 0.0003      |
|    loss                 | -0.0296     |
|    n_updates            | 450         |
|    policy_gradient_loss | -0.0194     |
|    std                  | 0.851       |
|    value_loss           | 0.00628     |
-----------------------------------------
------------------------------------------
| rollout/                |              |
|    ep_len_mean          | 241          |
|    ep_rew_mean          | -659         |
| time/                   |              |
|    fps                  | 169          |
|    iterations           | 47           |
|    time_elapsed         | 853          |
|    total_timesteps      | 144384       |
| train/                  |              |
|    approx_kl            | 0.0114102615 |
|    clip_fraction        | 0.105        |
|    clip_range           | 0.2          |
|    entropy_loss         | -2.51        |
|    explained_variance   | -0.23        |
|    learning_rate        | 0.0003       |
|    loss                 | -0.0412      |
|    n_updates            | 460          |
|    policy_gradient_loss | -0.0221      |
|    std                  | 0.848        |
|    value_loss           | 0.00351      |
------------------------------------------
----------------------------------------
| rollout/                |            |
|    ep_len_mean          | 241        |
|    ep_rew_mean          | -596       |
| time/                   |            |
|    fps                  | 169        |
|    iterations           | 48         |
|    time_elapsed         | 871        |
|    total_timesteps      | 147456     |
| train/                  |            |
|    approx_kl            | 0.01123703 |
|    clip_fraction        | 0.108      |
|    clip_range           | 0.2        |
|    entropy_loss         | -2.51      |
|    explained_variance   | -0.134     |
|    learning_rate        | 0.0003     |
|    loss                 | -0.0349    |
|    n_updates            | 470        |
|    policy_gradient_loss | -0.022     |
|    std                  | 0.851      |
|    value_loss           | 0.00477    |
----------------------------------------
-----------------------------------------
| rollout/                |             |
|    ep_len_mean          | 241         |
|    ep_rew_mean          | -563        |
| time/                   |             |
|    fps                  | 169         |
|    iterations           | 49          |
|    time_elapsed         | 889         |
|    total_timesteps      | 150528      |
| train/                  |             |
|    approx_kl            | 0.010943774 |
|    clip_fraction        | 0.122       |
|    clip_range           | 0.2         |
|    entropy_loss         | -2.51       |
|    explained_variance   | -0.281      |
|    learning_rate        | 0.0003      |
|    loss                 | -0.0412     |
|    n_updates            | 480         |
|    policy_gradient_loss | -0.0233     |
|    std                  | 0.846       |
|    value_loss           | 0.00391     |
-----------------------------------------
-----------------------------------------
| rollout/                |             |
|    ep_len_mean          | 241         |
|    ep_rew_mean          | -542        |
| time/                   |             |
|    fps                  | 169         |
|    iterations           | 50          |
|    time_elapsed         | 907         |
|    total_timesteps      | 153600      |
| train/                  |             |
|    approx_kl            | 0.013455041 |
|    clip_fraction        | 0.115       |
|    clip_range           | 0.2         |
|    entropy_loss         | -2.5        |
|    explained_variance   | -0.135      |
|    learning_rate        | 0.0003      |
|    loss                 | -0.0449     |
|    n_updates            | 490         |
|    policy_gradient_loss | -0.0257     |
|    std                  | 0.842       |
|    value_loss           | 0.00353     |
-----------------------------------------
-----------------------------------------
| rollout/                |             |
|    ep_len_mean          | 241         |
|    ep_rew_mean          | -483        |
| time/                   |             |
|    fps                  | 169         |
|    iterations           | 51          |
|    time_elapsed         | 926         |
|    total_timesteps      | 156672      |
| train/                  |             |
|    approx_kl            | 0.012499463 |
|    clip_fraction        | 0.115       |
|    clip_range           | 0.2         |
|    entropy_loss         | -2.5        |
|    explained_variance   | -0.24       |
|    learning_rate        | 0.0003      |
|    loss                 | -0.0271     |
|    n_updates            | 500         |
|    policy_gradient_loss | -0.021      |
|    std                  | 0.844       |
|    value_loss           | 0.00356     |
-----------------------------------------
-----------------------------------------
| rollout/                |             |
|    ep_len_mean          | 241         |
|    ep_rew_mean          | -452        |
| time/                   |             |
|    fps                  | 168         |
|    iterations           | 52          |
|    time_elapsed         | 945         |
|    total_timesteps      | 159744      |
| train/                  |             |
|    approx_kl            | 0.012796152 |
|    clip_fraction        | 0.114       |
|    clip_range           | 0.2         |
|    entropy_loss         | -2.5        |
|    explained_variance   | -0.0889     |
|    learning_rate        | 0.0003      |
|    loss                 | -0.0519     |
|    n_updates            | 510         |
|    policy_gradient_loss | -0.0251     |
|    std                  | 0.843       |
|    value_loss           | 0.00368     |
-----------------------------------------
-----------------------------------------
| rollout/                |             |
|    ep_len_mean          | 241         |
|    ep_rew_mean          | -444        |
| time/                   |             |
|    fps                  | 168         |
|    iterations           | 53          |
|    time_elapsed         | 964         |
|    total_timesteps      | 162816      |
| train/                  |             |
|    approx_kl            | 0.013541687 |
|    clip_fraction        | 0.123       |
|    clip_range           | 0.2         |
|    entropy_loss         | -2.5        |
|    explained_variance   | -0.327      |
|    learning_rate        | 0.0003      |
|    loss                 | -0.0439     |
|    n_updates            | 520         |
|    policy_gradient_loss | -0.0278     |
|    std                  | 0.845       |
|    value_loss           | 0.0032      |
-----------------------------------------
-----------------------------------------
| rollout/                |             |
|    ep_len_mean          | 241         |
|    ep_rew_mean          | -455        |
| time/                   |             |
|    fps                  | 168         |
|    iterations           | 54          |
|    time_elapsed         | 982         |
|    total_timesteps      | 165888      |
| train/                  |             |
|    approx_kl            | 0.013606698 |
|    clip_fraction        | 0.131       |
|    clip_range           | 0.2         |
|    entropy_loss         | -2.5        |
|    explained_variance   | -0.273      |
|    learning_rate        | 0.0003      |
|    loss                 | -0.0452     |
|    n_updates            | 530         |
|    policy_gradient_loss | -0.0264     |
|    std                  | 0.841       |
|    value_loss           | 0.00303     |
-----------------------------------------
-----------------------------------------
| rollout/                |             |
|    ep_len_mean          | 241         |
|    ep_rew_mean          | -435        |
| time/                   |             |
|    fps                  | 168         |
|    iterations           | 55          |
|    time_elapsed         | 1001        |
|    total_timesteps      | 168960      |
| train/                  |             |
|    approx_kl            | 0.013984789 |
|    clip_fraction        | 0.132       |
|    clip_range           | 0.2         |
|    entropy_loss         | -2.48       |
|    explained_variance   | 0.011       |
|    learning_rate        | 0.0003      |
|    loss                 | -0.0476     |
|    n_updates            | 540         |
|    policy_gradient_loss | -0.028      |
|    std                  | 0.836       |
|    value_loss           | 0.00522     |
-----------------------------------------
-----------------------------------------
| rollout/                |             |
|    ep_len_mean          | 241         |
|    ep_rew_mean          | -420        |
| time/                   |             |
|    fps                  | 168         |
|    iterations           | 56          |
|    time_elapsed         | 1020        |
|    total_timesteps      | 172032      |
| train/                  |             |
|    approx_kl            | 0.013273147 |
|    clip_fraction        | 0.121       |
|    clip_range           | 0.2         |
|    entropy_loss         | -2.47       |
|    explained_variance   | 0.257       |
|    learning_rate        | 0.0003      |
|    loss                 | -0.039      |
|    n_updates            | 550         |
|    policy_gradient_loss | -0.0252     |
|    std                  | 0.829       |
|    value_loss           | 0.00316     |
-----------------------------------------
-----------------------------------------
| rollout/                |             |
|    ep_len_mean          | 241         |
|    ep_rew_mean          | -404        |
| time/                   |             |
|    fps                  | 168         |
|    iterations           | 57          |
|    time_elapsed         | 1038        |
|    total_timesteps      | 175104      |
| train/                  |             |
|    approx_kl            | 0.012033819 |
|    clip_fraction        | 0.128       |
|    clip_range           | 0.2         |
|    entropy_loss         | -2.46       |
|    explained_variance   | 0.235       |
|    learning_rate        | 0.0003      |
|    loss                 | -0.0422     |
|    n_updates            | 560         |
|    policy_gradient_loss | -0.0264     |
|    std                  | 0.827       |
|    value_loss           | 0.00216     |
-----------------------------------------
-----------------------------------------
| rollout/                |             |
|    ep_len_mean          | 241         |
|    ep_rew_mean          | -389        |
| time/                   |             |
|    fps                  | 168         |
|    iterations           | 58          |
|    time_elapsed         | 1057        |
|    total_timesteps      | 178176      |
| train/                  |             |
|    approx_kl            | 0.012906469 |
|    clip_fraction        | 0.135       |
|    clip_range           | 0.2         |
|    entropy_loss         | -2.45       |
|    explained_variance   | -0.239      |
|    learning_rate        | 0.0003      |
|    loss                 | -0.0353     |
|    n_updates            | 570         |
|    policy_gradient_loss | -0.026      |
|    std                  | 0.822       |
|    value_loss           | 0.00267     |
-----------------------------------------
-----------------------------------------
| rollout/                |             |
|    ep_len_mean          | 241         |
|    ep_rew_mean          | -367        |
| time/                   |             |
|    fps                  | 168         |
|    iterations           | 59          |
|    time_elapsed         | 1075        |
|    total_timesteps      | 181248      |
| train/                  |             |
|    approx_kl            | 0.014309508 |
|    clip_fraction        | 0.133       |
|    clip_range           | 0.2         |
|    entropy_loss         | -2.44       |
|    explained_variance   | -0.0075     |
|    learning_rate        | 0.0003      |
|    loss                 | -0.0501     |
|    n_updates            | 580         |
|    policy_gradient_loss | -0.0272     |
|    std                  | 0.815       |
|    value_loss           | 0.00219     |
-----------------------------------------
-----------------------------------------
| rollout/                |             |
|    ep_len_mean          | 241         |
|    ep_rew_mean          | -355        |
| time/                   |             |
|    fps                  | 168         |
|    iterations           | 60          |
|    time_elapsed         | 1093        |
|    total_timesteps      | 184320      |
| train/                  |             |
|    approx_kl            | 0.013962292 |
|    clip_fraction        | 0.132       |
|    clip_range           | 0.2         |
|    entropy_loss         | -2.42       |
|    explained_variance   | -0.265      |
|    learning_rate        | 0.0003      |
|    loss                 | -0.0414     |
|    n_updates            | 590         |
|    policy_gradient_loss | -0.0256     |
|    std                  | 0.81        |
|    value_loss           | 0.00151     |
-----------------------------------------
-----------------------------------------
| rollout/                |             |
|    ep_len_mean          | 241         |
|    ep_rew_mean          | -341        |
| time/                   |             |
|    fps                  | 168         |
|    iterations           | 61          |
|    time_elapsed         | 1111        |
|    total_timesteps      | 187392      |
| train/                  |             |
|    approx_kl            | 0.012501106 |
|    clip_fraction        | 0.13        |
|    clip_range           | 0.2         |
|    entropy_loss         | -2.4        |
|    explained_variance   | 0.159       |
|    learning_rate        | 0.0003      |
|    loss                 | -0.0431     |
|    n_updates            | 600         |
|    policy_gradient_loss | -0.0271     |
|    std                  | 0.802       |
|    value_loss           | 0.00164     |
-----------------------------------------
-----------------------------------------
| rollout/                |             |
|    ep_len_mean          | 241         |
|    ep_rew_mean          | -304        |
| time/                   |             |
|    fps                  | 168         |
|    iterations           | 62          |
|    time_elapsed         | 1129        |
|    total_timesteps      | 190464      |
| train/                  |             |
|    approx_kl            | 0.011789109 |
|    clip_fraction        | 0.11        |
|    clip_range           | 0.2         |
|    entropy_loss         | -2.39       |
|    explained_variance   | -0.00712    |
|    learning_rate        | 0.0003      |
|    loss                 | -0.042      |
|    n_updates            | 610         |
|    policy_gradient_loss | -0.023      |
|    std                  | 0.794       |
|    value_loss           | 0.00119     |
-----------------------------------------
-----------------------------------------
| rollout/                |             |
|    ep_len_mean          | 241         |
|    ep_rew_mean          | -299        |
| time/                   |             |
|    fps                  | 168         |
|    iterations           | 63          |
|    time_elapsed         | 1147        |
|    total_timesteps      | 193536      |
| train/                  |             |
|    approx_kl            | 0.015564098 |
|    clip_fraction        | 0.136       |
|    clip_range           | 0.2         |
|    entropy_loss         | -2.36       |
|    explained_variance   | 0.176       |
|    learning_rate        | 0.0003      |
|    loss                 | -0.0391     |
|    n_updates            | 620         |
|    policy_gradient_loss | -0.0253     |
|    std                  | 0.787       |
|    value_loss           | 0.00185     |
-----------------------------------------
-----------------------------------------
| rollout/                |             |
|    ep_len_mean          | 241         |
|    ep_rew_mean          | -289        |
| time/                   |             |
|    fps                  | 168         |
|    iterations           | 64          |
|    time_elapsed         | 1165        |
|    total_timesteps      | 196608      |
| train/                  |             |
|    approx_kl            | 0.016343927 |
|    clip_fraction        | 0.146       |
|    clip_range           | 0.2         |
|    entropy_loss         | -2.35       |
|    explained_variance   | 0.138       |
|    learning_rate        | 0.0003      |
|    loss                 | -0.046      |
|    n_updates            | 630         |
|    policy_gradient_loss | -0.0277     |
|    std                  | 0.778       |
|    value_loss           | 0.00151     |
-----------------------------------------
-----------------------------------------
| rollout/                |             |
|    ep_len_mean          | 241         |
|    ep_rew_mean          | -267        |
| time/                   |             |
|    fps                  | 168         |
|    iterations           | 65          |
|    time_elapsed         | 1183        |
|    total_timesteps      | 199680      |
| train/                  |             |
|    approx_kl            | 0.011622884 |
|    clip_fraction        | 0.122       |
|    clip_range           | 0.2         |
|    entropy_loss         | -2.32       |
|    explained_variance   | -0.413      |
|    learning_rate        | 0.0003      |
|    loss                 | -0.0418     |
|    n_updates            | 640         |
|    policy_gradient_loss | -0.0239     |
|    std                  | 0.769       |
|    value_loss           | 0.00105     |
-----------------------------------------
-----------------------------------------
| rollout/                |             |
|    ep_len_mean          | 241         |
|    ep_rew_mean          | -248        |
| time/                   |             |
|    fps                  | 168         |
|    iterations           | 66          |
|    time_elapsed         | 1200        |
|    total_timesteps      | 202752      |
| train/                  |             |
|    approx_kl            | 0.014367682 |
|    clip_fraction        | 0.119       |
|    clip_range           | 0.2         |
|    entropy_loss         | -2.3        |
|    explained_variance   | -0.673      |
|    learning_rate        | 0.0003      |
|    loss                 | -0.045      |
|    n_updates            | 650         |
|    policy_gradient_loss | -0.0241     |
|    std                  | 0.764       |
|    value_loss           | 0.00113     |
-----------------------------------------
-----------------------------------------
| rollout/                |             |
|    ep_len_mean          | 241         |
|    ep_rew_mean          | -240        |
| time/                   |             |
|    fps                  | 169         |
|    iterations           | 67          |
|    time_elapsed         | 1214        |
|    total_timesteps      | 205824      |
| train/                  |             |
|    approx_kl            | 0.015279266 |
|    clip_fraction        | 0.148       |
|    clip_range           | 0.2         |
|    entropy_loss         | -2.29       |
|    explained_variance   | -0.728      |
|    learning_rate        | 0.0003      |
|    loss                 | -0.0438     |
|    n_updates            | 660         |
|    policy_gradient_loss | -0.0272     |
|    std                  | 0.76        |
|    value_loss           | 0.000684    |
-----------------------------------------
-----------------------------------------
| rollout/                |             |
|    ep_len_mean          | 241         |
|    ep_rew_mean          | -231        |
| time/                   |             |
|    fps                  | 171         |
|    iterations           | 68          |
|    time_elapsed         | 1220        |
|    total_timesteps      | 208896      |
| train/                  |             |
|    approx_kl            | 0.014517861 |
|    clip_fraction        | 0.137       |
|    clip_range           | 0.2         |
|    entropy_loss         | -2.29       |
|    explained_variance   | -0.361      |
|    learning_rate        | 0.0003      |
|    loss                 | -0.033      |
|    n_updates            | 670         |
|    policy_gradient_loss | -0.0232     |
|    std                  | 0.759       |
|    value_loss           | 0.000755    |
-----------------------------------------
----------------------------------------
| rollout/                |            |
|    ep_len_mean          | 241        |
|    ep_rew_mean          | -228       |
| time/                   |            |
|    fps                  | 172        |
|    iterations           | 69         |
|    time_elapsed         | 1226       |
|    total_timesteps      | 211968     |
| train/                  |            |
|    approx_kl            | 0.01558952 |
|    clip_fraction        | 0.129      |
|    clip_range           | 0.2        |
|    entropy_loss         | -2.28      |
|    explained_variance   | -0.402     |
|    learning_rate        | 0.0003     |
|    loss                 | -0.0392    |
|    n_updates            | 680        |
|    policy_gradient_loss | -0.0222    |
|    std                  | 0.753      |
|    value_loss           | 0.00108    |
----------------------------------------
----------------------------------------
| rollout/                |            |
|    ep_len_mean          | 241        |
|    ep_rew_mean          | -214       |
| time/                   |            |
|    fps                  | 174        |
|    iterations           | 70         |
|    time_elapsed         | 1232       |
|    total_timesteps      | 215040     |
| train/                  |            |
|    approx_kl            | 0.01281768 |
|    clip_fraction        | 0.13       |
|    clip_range           | 0.2        |
|    entropy_loss         | -2.27      |
|    explained_variance   | -0.417     |
|    learning_rate        | 0.0003     |
|    loss                 | -0.0447    |
|    n_updates            | 690        |
|    policy_gradient_loss | -0.0239    |
|    std                  | 0.756      |
|    value_loss           | 0.000776   |
----------------------------------------
---------------------------------------
| rollout/                |           |
|    ep_len_mean          | 241       |
|    ep_rew_mean          | -204      |
| time/                   |           |
|    fps                  | 176       |
|    iterations           | 71        |
|    time_elapsed         | 1238      |
|    total_timesteps      | 218112    |
| train/                  |           |
|    approx_kl            | 0.0127617 |
|    clip_fraction        | 0.121     |
|    clip_range           | 0.2       |
|    entropy_loss         | -2.27     |
|    explained_variance   | -0.519    |
|    learning_rate        | 0.0003    |
|    loss                 | -0.0391   |
|    n_updates            | 700       |
|    policy_gradient_loss | -0.0251   |
|    std                  | 0.753     |
|    value_loss           | 0.000587  |
---------------------------------------
----------------------------------------
| rollout/                |            |
|    ep_len_mean          | 241        |
|    ep_rew_mean          | -200       |
| time/                   |            |
|    fps                  | 177        |
|    iterations           | 72         |
|    time_elapsed         | 1244       |
|    total_timesteps      | 221184     |
| train/                  |            |
|    approx_kl            | 0.01327297 |
|    clip_fraction        | 0.142      |
|    clip_range           | 0.2        |
|    entropy_loss         | -2.26      |
|    explained_variance   | -0.882     |
|    learning_rate        | 0.0003     |
|    loss                 | -0.0386    |
|    n_updates            | 710        |
|    policy_gradient_loss | -0.0259    |
|    std                  | 0.749      |
|    value_loss           | 0.000613   |
----------------------------------------
-----------------------------------------
| rollout/                |             |
|    ep_len_mean          | 241         |
|    ep_rew_mean          | -201        |
| time/                   |             |
|    fps                  | 179         |
|    iterations           | 73          |
|    time_elapsed         | 1251        |
|    total_timesteps      | 224256      |
| train/                  |             |
|    approx_kl            | 0.015506778 |
|    clip_fraction        | 0.126       |
|    clip_range           | 0.2         |
|    entropy_loss         | -2.25       |
|    explained_variance   | -0.363      |
|    learning_rate        | 0.0003      |
|    loss                 | -0.0427     |
|    n_updates            | 720         |
|    policy_gradient_loss | -0.0269     |
|    std                  | 0.745       |
|    value_loss           | 0.000943    |
-----------------------------------------
-----------------------------------------
| rollout/                |             |
|    ep_len_mean          | 241         |
|    ep_rew_mean          | -203        |
| time/                   |             |
|    fps                  | 180         |
|    iterations           | 74          |
|    time_elapsed         | 1256        |
|    total_timesteps      | 227328      |
| train/                  |             |
|    approx_kl            | 0.013470904 |
|    clip_fraction        | 0.123       |
|    clip_range           | 0.2         |
|    entropy_loss         | -2.25       |
|    explained_variance   | -0.494      |
|    learning_rate        | 0.0003      |
|    loss                 | -0.0408     |
|    n_updates            | 730         |
|    policy_gradient_loss | -0.0236     |
|    std                  | 0.745       |
|    value_loss           | 0.000977    |
-----------------------------------------
-----------------------------------------
| rollout/                |             |
|    ep_len_mean          | 241         |
|    ep_rew_mean          | -211        |
| time/                   |             |
|    fps                  | 182         |
|    iterations           | 75          |
|    time_elapsed         | 1262        |
|    total_timesteps      | 230400      |
| train/                  |             |
|    approx_kl            | 0.013964287 |
|    clip_fraction        | 0.143       |
|    clip_range           | 0.2         |
|    entropy_loss         | -2.25       |
|    explained_variance   | -0.339      |
|    learning_rate        | 0.0003      |
|    loss                 | -0.0413     |
|    n_updates            | 740         |
|    policy_gradient_loss | -0.0243     |
|    std                  | 0.746       |
|    value_loss           | 0.000843    |
-----------------------------------------
-----------------------------------------
| rollout/                |             |
|    ep_len_mean          | 241         |
|    ep_rew_mean          | -206        |
| time/                   |             |
|    fps                  | 183         |
|    iterations           | 76          |
|    time_elapsed         | 1268        |
|    total_timesteps      | 233472      |
| train/                  |             |
|    approx_kl            | 0.014590721 |
|    clip_fraction        | 0.143       |
|    clip_range           | 0.2         |
|    entropy_loss         | -2.25       |
|    explained_variance   | -0.656      |
|    learning_rate        | 0.0003      |
|    loss                 | -0.0472     |
|    n_updates            | 750         |
|    policy_gradient_loss | -0.0269     |
|    std                  | 0.742       |
|    value_loss           | 0.00105     |
-----------------------------------------
-----------------------------------------
| rollout/                |             |
|    ep_len_mean          | 241         |
|    ep_rew_mean          | -208        |
| time/                   |             |
|    fps                  | 185         |
|    iterations           | 77          |
|    time_elapsed         | 1274        |
|    total_timesteps      | 236544      |
| train/                  |             |
|    approx_kl            | 0.013453116 |
|    clip_fraction        | 0.144       |
|    clip_range           | 0.2         |
|    entropy_loss         | -2.24       |
|    explained_variance   | -0.803      |
|    learning_rate        | 0.0003      |
|    loss                 | -0.0407     |
|    n_updates            | 760         |
|    policy_gradient_loss | -0.0249     |
|    std                  | 0.741       |
|    value_loss           | 0.000787    |
-----------------------------------------
-----------------------------------------
| rollout/                |             |
|    ep_len_mean          | 241         |
|    ep_rew_mean          | -207        |
| time/                   |             |
|    fps                  | 187         |
|    iterations           | 78          |
|    time_elapsed         | 1280        |
|    total_timesteps      | 239616      |
| train/                  |             |
|    approx_kl            | 0.015775122 |
|    clip_fraction        | 0.153       |
|    clip_range           | 0.2         |
|    entropy_loss         | -2.23       |
|    explained_variance   | -0.418      |
|    learning_rate        | 0.0003      |
|    loss                 | -0.0519     |
|    n_updates            | 770         |
|    policy_gradient_loss | -0.0282     |
|    std                  | 0.739       |
|    value_loss           | 0.0011      |
-----------------------------------------
-----------------------------------------
| rollout/                |             |
|    ep_len_mean          | 241         |
|    ep_rew_mean          | -204        |
| time/                   |             |
|    fps                  | 188         |
|    iterations           | 79          |
|    time_elapsed         | 1287        |
|    total_timesteps      | 242688      |
| train/                  |             |
|    approx_kl            | 0.013917565 |
|    clip_fraction        | 0.145       |
|    clip_range           | 0.2         |
|    entropy_loss         | -2.23       |
|    explained_variance   | -0.61       |
|    learning_rate        | 0.0003      |
|    loss                 | -0.0446     |
|    n_updates            | 780         |
|    policy_gradient_loss | -0.0262     |
|    std                  | 0.734       |
|    value_loss           | 0.000831    |
-----------------------------------------
-----------------------------------------
| rollout/                |             |
|    ep_len_mean          | 241         |
|    ep_rew_mean          | -202        |
| time/                   |             |
|    fps                  | 190         |
|    iterations           | 80          |
|    time_elapsed         | 1293        |
|    total_timesteps      | 245760      |
| train/                  |             |
|    approx_kl            | 0.014058418 |
|    clip_fraction        | 0.137       |
|    clip_range           | 0.2         |
|    entropy_loss         | -2.21       |
|    explained_variance   | -0.734      |
|    learning_rate        | 0.0003      |
|    loss                 | -0.0498     |
|    n_updates            | 790         |
|    policy_gradient_loss | -0.0252     |
|    std                  | 0.729       |
|    value_loss           | 0.000694    |
-----------------------------------------
-----------------------------------------
| rollout/                |             |
|    ep_len_mean          | 241         |
|    ep_rew_mean          | -192        |
| time/                   |             |
|    fps                  | 191         |
|    iterations           | 81          |
|    time_elapsed         | 1299        |
|    total_timesteps      | 248832      |
| train/                  |             |
|    approx_kl            | 0.016169623 |
|    clip_fraction        | 0.154       |
|    clip_range           | 0.2         |
|    entropy_loss         | -2.2        |
|    explained_variance   | -0.402      |
|    learning_rate        | 0.0003      |
|    loss                 | -0.0453     |
|    n_updates            | 800         |
|    policy_gradient_loss | -0.0287     |
|    std                  | 0.723       |
|    value_loss           | 0.000837    |
-----------------------------------------
-----------------------------------------
| rollout/                |             |
|    ep_len_mean          | 241         |
|    ep_rew_mean          | -184        |
| time/                   |             |
|    fps                  | 192         |
|    iterations           | 82          |
|    time_elapsed         | 1305        |
|    total_timesteps      | 251904      |
| train/                  |             |
|    approx_kl            | 0.014538842 |
|    clip_fraction        | 0.134       |
|    clip_range           | 0.2         |
|    entropy_loss         | -2.18       |
|    explained_variance   | -0.81       |
|    learning_rate        | 0.0003      |
|    loss                 | -0.0475     |
|    n_updates            | 810         |
|    policy_gradient_loss | -0.0263     |
|    std                  | 0.717       |
|    value_loss           | 0.000651    |
-----------------------------------------
----------------------------------------
| rollout/                |            |
|    ep_len_mean          | 241        |
|    ep_rew_mean          | -182       |
| time/                   |            |
|    fps                  | 194        |
|    iterations           | 83         |
|    time_elapsed         | 1311       |
|    total_timesteps      | 254976     |
| train/                  |            |
|    approx_kl            | 0.01321584 |
|    clip_fraction        | 0.139      |
|    clip_range           | 0.2        |
|    entropy_loss         | -2.17      |
|    explained_variance   | -2.01      |
|    learning_rate        | 0.0003     |
|    loss                 | -0.0443    |
|    n_updates            | 820        |
|    policy_gradient_loss | -0.0252    |
|    std                  | 0.715      |
|    value_loss           | 0.000404   |
----------------------------------------
-----------------------------------------
| rollout/                |             |
|    ep_len_mean          | 241         |
|    ep_rew_mean          | -176        |
| time/                   |             |
|    fps                  | 195         |
|    iterations           | 84          |
|    time_elapsed         | 1317        |
|    total_timesteps      | 258048      |
| train/                  |             |
|    approx_kl            | 0.015384189 |
|    clip_fraction        | 0.147       |
|    clip_range           | 0.2         |
|    entropy_loss         | -2.16       |
|    explained_variance   | -0.438      |
|    learning_rate        | 0.0003      |
|    loss                 | -0.0415     |
|    n_updates            | 830         |
|    policy_gradient_loss | -0.0288     |
|    std                  | 0.712       |
|    value_loss           | 0.000788    |
-----------------------------------------
----------------------------------------
| rollout/                |            |
|    ep_len_mean          | 241        |
|    ep_rew_mean          | -174       |
| time/                   |            |
|    fps                  | 197        |
|    iterations           | 85         |
|    time_elapsed         | 1323       |
|    total_timesteps      | 261120     |
| train/                  |            |
|    approx_kl            | 0.01427944 |
|    clip_fraction        | 0.135      |
|    clip_range           | 0.2        |
|    entropy_loss         | -2.15      |
|    explained_variance   | -1.19      |
|    learning_rate        | 0.0003     |
|    loss                 | -0.0472    |
|    n_updates            | 840        |
|    policy_gradient_loss | -0.0268    |
|    std                  | 0.709      |
|    value_loss           | 0.000663   |
----------------------------------------
-----------------------------------------
| rollout/                |             |
|    ep_len_mean          | 241         |
|    ep_rew_mean          | -179        |
| time/                   |             |
|    fps                  | 198         |
|    iterations           | 86          |
|    time_elapsed         | 1329        |
|    total_timesteps      | 264192      |
| train/                  |             |
|    approx_kl            | 0.016780065 |
|    clip_fraction        | 0.148       |
|    clip_range           | 0.2         |
|    entropy_loss         | -2.15       |
|    explained_variance   | -1.38       |
|    learning_rate        | 0.0003      |
|    loss                 | -0.0418     |
|    n_updates            | 850         |
|    policy_gradient_loss | -0.0272     |
|    std                  | 0.706       |
|    value_loss           | 0.000607    |
-----------------------------------------
----------------------------------------
| rollout/                |            |
|    ep_len_mean          | 241        |
|    ep_rew_mean          | -182       |
| time/                   |            |
|    fps                  | 200        |
|    iterations           | 87         |
|    time_elapsed         | 1335       |
|    total_timesteps      | 267264     |
| train/                  |            |
|    approx_kl            | 0.01532741 |
|    clip_fraction        | 0.135      |
|    clip_range           | 0.2        |
|    entropy_loss         | -2.13      |
|    explained_variance   | -0.437     |
|    learning_rate        | 0.0003     |
|    loss                 | -0.0541    |
|    n_updates            | 860        |
|    policy_gradient_loss | -0.0246    |
|    std                  | 0.702      |
|    value_loss           | 0.000805   |
----------------------------------------
-----------------------------------------
| rollout/                |             |
|    ep_len_mean          | 241         |
|    ep_rew_mean          | -177        |
| time/                   |             |
|    fps                  | 201         |
|    iterations           | 88          |
|    time_elapsed         | 1341        |
|    total_timesteps      | 270336      |
| train/                  |             |
|    approx_kl            | 0.016466897 |
|    clip_fraction        | 0.146       |
|    clip_range           | 0.2         |
|    entropy_loss         | -2.13       |
|    explained_variance   | -0.506      |
|    learning_rate        | 0.0003      |
|    loss                 | -0.0408     |
|    n_updates            | 870         |
|    policy_gradient_loss | -0.025      |
|    std                  | 0.699       |
|    value_loss           | 0.000597    |
-----------------------------------------
-----------------------------------------
| rollout/                |             |
|    ep_len_mean          | 241         |
|    ep_rew_mean          | -170        |
| time/                   |             |
|    fps                  | 202         |
|    iterations           | 89          |
|    time_elapsed         | 1347        |
|    total_timesteps      | 273408      |
| train/                  |             |
|    approx_kl            | 0.014729433 |
|    clip_fraction        | 0.143       |
|    clip_range           | 0.2         |
|    entropy_loss         | -2.11       |
|    explained_variance   | -0.966      |
|    learning_rate        | 0.0003      |
|    loss                 | -0.0469     |
|    n_updates            | 880         |
|    policy_gradient_loss | -0.027      |
|    std                  | 0.693       |
|    value_loss           | 0.000622    |
-----------------------------------------
-----------------------------------------
| rollout/                |             |
|    ep_len_mean          | 241         |
|    ep_rew_mean          | -166        |
| time/                   |             |
|    fps                  | 204         |
|    iterations           | 90          |
|    time_elapsed         | 1353        |
|    total_timesteps      | 276480      |
| train/                  |             |
|    approx_kl            | 0.014958265 |
|    clip_fraction        | 0.134       |
|    clip_range           | 0.2         |
|    entropy_loss         | -2.1        |
|    explained_variance   | -1.62       |
|    learning_rate        | 0.0003      |
|    loss                 | -0.0412     |
|    n_updates            | 890         |
|    policy_gradient_loss | -0.0279     |
|    std                  | 0.688       |
|    value_loss           | 0.00043     |
-----------------------------------------
-----------------------------------------
| rollout/                |             |
|    ep_len_mean          | 241         |
|    ep_rew_mean          | -157        |
| time/                   |             |
|    fps                  | 205         |
|    iterations           | 91          |
|    time_elapsed         | 1359        |
|    total_timesteps      | 279552      |
| train/                  |             |
|    approx_kl            | 0.015597685 |
|    clip_fraction        | 0.148       |
|    clip_range           | 0.2         |
|    entropy_loss         | -2.09       |
|    explained_variance   | -2.73       |
|    learning_rate        | 0.0003      |
|    loss                 | -0.0415     |
|    n_updates            | 900         |
|    policy_gradient_loss | -0.0264     |
|    std                  | 0.687       |
|    value_loss           | 0.000412    |
-----------------------------------------
-----------------------------------------
| rollout/                |             |
|    ep_len_mean          | 241         |
|    ep_rew_mean          | -147        |
| time/                   |             |
|    fps                  | 207         |
|    iterations           | 92          |
|    time_elapsed         | 1365        |
|    total_timesteps      | 282624      |
| train/                  |             |
|    approx_kl            | 0.015099589 |
|    clip_fraction        | 0.146       |
|    clip_range           | 0.2         |
|    entropy_loss         | -2.09       |
|    explained_variance   | -1.34       |
|    learning_rate        | 0.0003      |
|    loss                 | -0.0415     |
|    n_updates            | 910         |
|    policy_gradient_loss | -0.0265     |
|    std                  | 0.686       |
|    value_loss           | 0.00055     |
-----------------------------------------
----------------------------------------
| rollout/                |            |
|    ep_len_mean          | 241        |
|    ep_rew_mean          | -150       |
| time/                   |            |
|    fps                  | 208        |
|    iterations           | 93         |
|    time_elapsed         | 1371       |
|    total_timesteps      | 285696     |
| train/                  |            |
|    approx_kl            | 0.01434356 |
|    clip_fraction        | 0.131      |
|    clip_range           | 0.2        |
|    entropy_loss         | -2.08      |
|    explained_variance   | -1.96      |
|    learning_rate        | 0.0003     |
|    loss                 | -0.0444    |
|    n_updates            | 920        |
|    policy_gradient_loss | -0.0278    |
|    std                  | 0.679      |
|    value_loss           | 0.000434   |
----------------------------------------
-----------------------------------------
| rollout/                |             |
|    ep_len_mean          | 241         |
|    ep_rew_mean          | -140        |
| time/                   |             |
|    fps                  | 209         |
|    iterations           | 94          |
|    time_elapsed         | 1377        |
|    total_timesteps      | 288768      |
| train/                  |             |
|    approx_kl            | 0.019089404 |
|    clip_fraction        | 0.173       |
|    clip_range           | 0.2         |
|    entropy_loss         | -2.06       |
|    explained_variance   | -0.911      |
|    learning_rate        | 0.0003      |
|    loss                 | -0.0492     |
|    n_updates            | 930         |
|    policy_gradient_loss | -0.0289     |
|    std                  | 0.678       |
|    value_loss           | 0.000507    |
-----------------------------------------
-----------------------------------------
| rollout/                |             |
|    ep_len_mean          | 241         |
|    ep_rew_mean          | -132        |
| time/                   |             |
|    fps                  | 211         |
|    iterations           | 95          |
|    time_elapsed         | 1383        |
|    total_timesteps      | 291840      |
| train/                  |             |
|    approx_kl            | 0.015489042 |
|    clip_fraction        | 0.15        |
|    clip_range           | 0.2         |
|    entropy_loss         | -2.06       |
|    explained_variance   | -2.01       |
|    learning_rate        | 0.0003      |
|    loss                 | -0.0412     |
|    n_updates            | 940         |
|    policy_gradient_loss | -0.0289     |
|    std                  | 0.679       |
|    value_loss           | 0.000415    |
-----------------------------------------
-----------------------------------------
| rollout/                |             |
|    ep_len_mean          | 241         |
|    ep_rew_mean          | -129        |
| time/                   |             |
|    fps                  | 212         |
|    iterations           | 96          |
|    time_elapsed         | 1389        |
|    total_timesteps      | 294912      |
| train/                  |             |
|    approx_kl            | 0.016364442 |
|    clip_fraction        | 0.139       |
|    clip_range           | 0.2         |
|    entropy_loss         | -2.06       |
|    explained_variance   | -0.977      |
|    learning_rate        | 0.0003      |
|    loss                 | -0.04       |
|    n_updates            | 950         |
|    policy_gradient_loss | -0.0249     |
|    std                  | 0.673       |
|    value_loss           | 0.000473    |
-----------------------------------------
-----------------------------------------
| rollout/                |             |
|    ep_len_mean          | 241         |
|    ep_rew_mean          | -128        |
| time/                   |             |
|    fps                  | 213         |
|    iterations           | 97          |
|    time_elapsed         | 1394        |
|    total_timesteps      | 297984      |
| train/                  |             |
|    approx_kl            | 0.017754864 |
|    clip_fraction        | 0.161       |
|    clip_range           | 0.2         |
|    entropy_loss         | -2.05       |
|    explained_variance   | -1.5        |
|    learning_rate        | 0.0003      |
|    loss                 | -0.0455     |
|    n_updates            | 960         |
|    policy_gradient_loss | -0.0259     |
|    std                  | 0.672       |
|    value_loss           | 0.000427    |
-----------------------------------------
-----------------------------------------
| rollout/                |             |
|    ep_len_mean          | 241         |
|    ep_rew_mean          | -131        |
| time/                   |             |
|    fps                  | 214         |
|    iterations           | 98          |
|    time_elapsed         | 1400        |
|    total_timesteps      | 301056      |
| train/                  |             |
|    approx_kl            | 0.018327387 |
|    clip_fraction        | 0.156       |
|    clip_range           | 0.2         |
|    entropy_loss         | -2.04       |
|    explained_variance   | -1.4        |
|    learning_rate        | 0.0003      |
|    loss                 | -0.0372     |
|    n_updates            | 970         |
|    policy_gradient_loss | -0.0291     |
|    std                  | 0.668       |
|    value_loss           | 0.000398    |
-----------------------------------------
-----------------------------------------
| rollout/                |             |
|    ep_len_mean          | 241         |
|    ep_rew_mean          | -132        |
| time/                   |             |
|    fps                  | 216         |
|    iterations           | 99          |
|    time_elapsed         | 1406        |
|    total_timesteps      | 304128      |
| train/                  |             |
|    approx_kl            | 0.017080711 |
|    clip_fraction        | 0.166       |
|    clip_range           | 0.2         |
|    entropy_loss         | -2.03       |
|    explained_variance   | -0.698      |
|    learning_rate        | 0.0003      |
|    loss                 | -0.0411     |
|    n_updates            | 980         |
|    policy_gradient_loss | -0.0269     |
|    std                  | 0.666       |
|    value_loss           | 0.00064     |
-----------------------------------------
-----------------------------------------
| rollout/                |             |
|    ep_len_mean          | 241         |
|    ep_rew_mean          | -128        |
| time/                   |             |
|    fps                  | 217         |
|    iterations           | 100         |
|    time_elapsed         | 1412        |
|    total_timesteps      | 307200      |
| train/                  |             |
|    approx_kl            | 0.017270593 |
|    clip_fraction        | 0.162       |
|    clip_range           | 0.2         |
|    entropy_loss         | -2.02       |
|    explained_variance   | -1.72       |
|    learning_rate        | 0.0003      |
|    loss                 | -0.0469     |
|    n_updates            | 990         |
|    policy_gradient_loss | -0.0279     |
|    std                  | 0.663       |
|    value_loss           | 0.000427    |
-----------------------------------------
-----------------------------------------
| rollout/                |             |
|    ep_len_mean          | 241         |
|    ep_rew_mean          | -124        |
| time/                   |             |
|    fps                  | 218         |
|    iterations           | 101         |
|    time_elapsed         | 1418        |
|    total_timesteps      | 310272      |
| train/                  |             |
|    approx_kl            | 0.014701511 |
|    clip_fraction        | 0.157       |
|    clip_range           | 0.2         |
|    entropy_loss         | -2.01       |
|    explained_variance   | -3.15       |
|    learning_rate        | 0.0003      |
|    loss                 | -0.0447     |
|    n_updates            | 1000        |
|    policy_gradient_loss | -0.0255     |
|    std                  | 0.658       |
|    value_loss           | 0.000338    |
-----------------------------------------
-----------------------------------------
| rollout/                |             |
|    ep_len_mean          | 241         |
|    ep_rew_mean          | -127        |
| time/                   |             |
|    fps                  | 219         |
|    iterations           | 102         |
|    time_elapsed         | 1424        |
|    total_timesteps      | 313344      |
| train/                  |             |
|    approx_kl            | 0.017065724 |
|    clip_fraction        | 0.154       |
|    clip_range           | 0.2         |
|    entropy_loss         | -2          |
|    explained_variance   | -2.22       |
|    learning_rate        | 0.0003      |
|    loss                 | -0.051      |
|    n_updates            | 1010        |
|    policy_gradient_loss | -0.029      |
|    std                  | 0.655       |
|    value_loss           | 0.000328    |
-----------------------------------------
-----------------------------------------
| rollout/                |             |
|    ep_len_mean          | 241         |
|    ep_rew_mean          | -127        |
| time/                   |             |
|    fps                  | 221         |
|    iterations           | 103         |
|    time_elapsed         | 1430        |
|    total_timesteps      | 316416      |
| train/                  |             |
|    approx_kl            | 0.018333951 |
|    clip_fraction        | 0.161       |
|    clip_range           | 0.2         |
|    entropy_loss         | -1.99       |
|    explained_variance   | -0.643      |
|    learning_rate        | 0.0003      |
|    loss                 | -0.0455     |
|    n_updates            | 1020        |
|    policy_gradient_loss | -0.0286     |
|    std                  | 0.651       |
|    value_loss           | 0.000447    |
-----------------------------------------
-----------------------------------------
| rollout/                |             |
|    ep_len_mean          | 241         |
|    ep_rew_mean          | -132        |
| time/                   |             |
|    fps                  | 222         |
|    iterations           | 104         |
|    time_elapsed         | 1436        |
|    total_timesteps      | 319488      |
| train/                  |             |
|    approx_kl            | 0.018036583 |
|    clip_fraction        | 0.172       |
|    clip_range           | 0.2         |
|    entropy_loss         | -1.97       |
|    explained_variance   | -0.813      |
|    learning_rate        | 0.0003      |
|    loss                 | -0.0397     |
|    n_updates            | 1030        |
|    policy_gradient_loss | -0.0307     |
|    std                  | 0.647       |
|    value_loss           | 0.000446    |
-----------------------------------------
-----------------------------------------
| rollout/                |             |
|    ep_len_mean          | 241         |
|    ep_rew_mean          | -132        |
| time/                   |             |
|    fps                  | 223         |
|    iterations           | 105         |
|    time_elapsed         | 1441        |
|    total_timesteps      | 322560      |
| train/                  |             |
|    approx_kl            | 0.018721642 |
|    clip_fraction        | 0.175       |
|    clip_range           | 0.2         |
|    entropy_loss         | -1.96       |
|    explained_variance   | -1          |
|    learning_rate        | 0.0003      |
|    loss                 | -0.0447     |
|    n_updates            | 1040        |
|    policy_gradient_loss | -0.0296     |
|    std                  | 0.645       |
|    value_loss           | 0.00052     |
-----------------------------------------
----------------------------------------
| rollout/                |            |
|    ep_len_mean          | 241        |
|    ep_rew_mean          | -128       |
| time/                   |            |
|    fps                  | 224        |
|    iterations           | 106        |
|    time_elapsed         | 1447       |
|    total_timesteps      | 325632     |
| train/                  |            |
|    approx_kl            | 0.01176805 |
|    clip_fraction        | 0.133      |
|    clip_range           | 0.2        |
|    entropy_loss         | -1.96      |
|    explained_variance   | -1.11      |
|    learning_rate        | 0.0003     |
|    loss                 | -0.0363    |
|    n_updates            | 1050       |
|    policy_gradient_loss | -0.0232    |
|    std                  | 0.644      |
|    value_loss           | 0.000578   |
----------------------------------------
-----------------------------------------
| rollout/                |             |
|    ep_len_mean          | 241         |
|    ep_rew_mean          | -129        |
| time/                   |             |
|    fps                  | 226         |
|    iterations           | 107         |
|    time_elapsed         | 1453        |
|    total_timesteps      | 328704      |
| train/                  |             |
|    approx_kl            | 0.019456787 |
|    clip_fraction        | 0.167       |
|    clip_range           | 0.2         |
|    entropy_loss         | -1.96       |
|    explained_variance   | -0.765      |
|    learning_rate        | 0.0003      |
|    loss                 | -0.0565     |
|    n_updates            | 1060        |
|    policy_gradient_loss | -0.0277     |
|    std                  | 0.642       |
|    value_loss           | 0.000493    |
-----------------------------------------
-----------------------------------------
| rollout/                |             |
|    ep_len_mean          | 241         |
|    ep_rew_mean          | -134        |
| time/                   |             |
|    fps                  | 227         |
|    iterations           | 108         |
|    time_elapsed         | 1459        |
|    total_timesteps      | 331776      |
| train/                  |             |
|    approx_kl            | 0.017281981 |
|    clip_fraction        | 0.166       |
|    clip_range           | 0.2         |
|    entropy_loss         | -1.95       |
|    explained_variance   | -1.46       |
|    learning_rate        | 0.0003      |
|    loss                 | -0.0384     |
|    n_updates            | 1070        |
|    policy_gradient_loss | -0.0278     |
|    std                  | 0.64        |
|    value_loss           | 0.000315    |
-----------------------------------------
-----------------------------------------
| rollout/                |             |
|    ep_len_mean          | 241         |
|    ep_rew_mean          | -135        |
| time/                   |             |
|    fps                  | 228         |
|    iterations           | 109         |
|    time_elapsed         | 1465        |
|    total_timesteps      | 334848      |
| train/                  |             |
|    approx_kl            | 0.015850877 |
|    clip_fraction        | 0.16        |
|    clip_range           | 0.2         |
|    entropy_loss         | -1.95       |
|    explained_variance   | -0.65       |
|    learning_rate        | 0.0003      |
|    loss                 | -0.0371     |
|    n_updates            | 1080        |
|    policy_gradient_loss | -0.0251     |
|    std                  | 0.64        |
|    value_loss           | 0.000498    |
-----------------------------------------
-----------------------------------------
| rollout/                |             |
|    ep_len_mean          | 241         |
|    ep_rew_mean          | -131        |
| time/                   |             |
|    fps                  | 229         |
|    iterations           | 110         |
|    time_elapsed         | 1471        |
|    total_timesteps      | 337920      |
| train/                  |             |
|    approx_kl            | 0.015686637 |
|    clip_fraction        | 0.16        |
|    clip_range           | 0.2         |
|    entropy_loss         | -1.94       |
|    explained_variance   | -0.826      |
|    learning_rate        | 0.0003      |
|    loss                 | -0.0392     |
|    n_updates            | 1090        |
|    policy_gradient_loss | -0.027      |
|    std                  | 0.638       |
|    value_loss           | 0.000431    |
-----------------------------------------
---------------------------------------
| rollout/                |           |
|    ep_len_mean          | 241       |
|    ep_rew_mean          | -135      |
| time/                   |           |
|    fps                  | 230       |
|    iterations           | 111       |
|    time_elapsed         | 1477      |
|    total_timesteps      | 340992    |
| train/                  |           |
|    approx_kl            | 0.0186209 |
|    clip_fraction        | 0.167     |
|    clip_range           | 0.2       |
|    entropy_loss         | -1.93     |
|    explained_variance   | -0.673    |
|    learning_rate        | 0.0003    |
|    loss                 | -0.0385   |
|    n_updates            | 1100      |
|    policy_gradient_loss | -0.0277   |
|    std                  | 0.635     |
|    value_loss           | 0.000437  |
---------------------------------------
-----------------------------------------
| rollout/                |             |
|    ep_len_mean          | 241         |
|    ep_rew_mean          | -132        |
| time/                   |             |
|    fps                  | 232         |
|    iterations           | 112         |
|    time_elapsed         | 1483        |
|    total_timesteps      | 344064      |
| train/                  |             |
|    approx_kl            | 0.017088588 |
|    clip_fraction        | 0.168       |
|    clip_range           | 0.2         |
|    entropy_loss         | -1.93       |
|    explained_variance   | -0.513      |
|    learning_rate        | 0.0003      |
|    loss                 | -0.0427     |
|    n_updates            | 1110        |
|    policy_gradient_loss | -0.0267     |
|    std                  | 0.633       |
|    value_loss           | 0.00052     |
-----------------------------------------
-----------------------------------------
| rollout/                |             |
|    ep_len_mean          | 241         |
|    ep_rew_mean          | -130        |
| time/                   |             |
|    fps                  | 233         |
|    iterations           | 113         |
|    time_elapsed         | 1488        |
|    total_timesteps      | 347136      |
| train/                  |             |
|    approx_kl            | 0.018497767 |
|    clip_fraction        | 0.158       |
|    clip_range           | 0.2         |
|    entropy_loss         | -1.92       |
|    explained_variance   | -0.279      |
|    learning_rate        | 0.0003      |
|    loss                 | -0.0498     |
|    n_updates            | 1120        |
|    policy_gradient_loss | -0.0285     |
|    std                  | 0.63        |
|    value_loss           | 0.000824    |
-----------------------------------------
-----------------------------------------
| rollout/                |             |
|    ep_len_mean          | 241         |
|    ep_rew_mean          | -127        |
| time/                   |             |
|    fps                  | 234         |
|    iterations           | 114         |
|    time_elapsed         | 1494        |
|    total_timesteps      | 350208      |
| train/                  |             |
|    approx_kl            | 0.019992543 |
|    clip_fraction        | 0.159       |
|    clip_range           | 0.2         |
|    entropy_loss         | -1.91       |
|    explained_variance   | -2.14       |
|    learning_rate        | 0.0003      |
|    loss                 | -0.0486     |
|    n_updates            | 1130        |
|    policy_gradient_loss | -0.0297     |
|    std                  | 0.626       |
|    value_loss           | 0.000278    |
-----------------------------------------
----------------------------------------
| rollout/                |            |
|    ep_len_mean          | 241        |
|    ep_rew_mean          | -126       |
| time/                   |            |
|    fps                  | 235        |
|    iterations           | 115        |
|    time_elapsed         | 1500       |
|    total_timesteps      | 353280     |
| train/                  |            |
|    approx_kl            | 0.01772229 |
|    clip_fraction        | 0.16       |
|    clip_range           | 0.2        |
|    entropy_loss         | -1.9       |
|    explained_variance   | -1.74      |
|    learning_rate        | 0.0003     |
|    loss                 | -0.0556    |
|    n_updates            | 1140       |
|    policy_gradient_loss | -0.0298    |
|    std                  | 0.624      |
|    value_loss           | 0.000263   |
----------------------------------------
-----------------------------------------
| rollout/                |             |
|    ep_len_mean          | 241         |
|    ep_rew_mean          | -124        |
| time/                   |             |
|    fps                  | 236         |
|    iterations           | 116         |
|    time_elapsed         | 1506        |
|    total_timesteps      | 356352      |
| train/                  |             |
|    approx_kl            | 0.015682764 |
|    clip_fraction        | 0.151       |
|    clip_range           | 0.2         |
|    entropy_loss         | -1.89       |
|    explained_variance   | -0.501      |
|    learning_rate        | 0.0003      |
|    loss                 | -0.048      |
|    n_updates            | 1150        |
|    policy_gradient_loss | -0.0252     |
|    std                  | 0.621       |
|    value_loss           | 0.000426    |
-----------------------------------------
---------------------------------------
| rollout/                |           |
|    ep_len_mean          | 241       |
|    ep_rew_mean          | -120      |
| time/                   |           |
|    fps                  | 237       |
|    iterations           | 117       |
|    time_elapsed         | 1512      |
|    total_timesteps      | 359424    |
| train/                  |           |
|    approx_kl            | 0.0173998 |
|    clip_fraction        | 0.173     |
|    clip_range           | 0.2       |
|    entropy_loss         | -1.88     |
|    explained_variance   | -1.74     |
|    learning_rate        | 0.0003    |
|    loss                 | -0.0452   |
|    n_updates            | 1160      |
|    policy_gradient_loss | -0.0298   |
|    std                  | 0.619     |
|    value_loss           | 0.000238  |
---------------------------------------
-----------------------------------------
| rollout/                |             |
|    ep_len_mean          | 241         |
|    ep_rew_mean          | -119        |
| time/                   |             |
|    fps                  | 238         |
|    iterations           | 118         |
|    time_elapsed         | 1518        |
|    total_timesteps      | 362496      |
| train/                  |             |
|    approx_kl            | 0.022273548 |
|    clip_fraction        | 0.192       |
|    clip_range           | 0.2         |
|    entropy_loss         | -1.87       |
|    explained_variance   | -1.67       |
|    learning_rate        | 0.0003      |
|    loss                 | -0.0447     |
|    n_updates            | 1170        |
|    policy_gradient_loss | -0.0297     |
|    std                  | 0.614       |
|    value_loss           | 0.000273    |
-----------------------------------------
-----------------------------------------
| rollout/                |             |
|    ep_len_mean          | 241         |
|    ep_rew_mean          | -114        |
| time/                   |             |
|    fps                  | 239         |
|    iterations           | 119         |
|    time_elapsed         | 1523        |
|    total_timesteps      | 365568      |
| train/                  |             |
|    approx_kl            | 0.018777872 |
|    clip_fraction        | 0.16        |
|    clip_range           | 0.2         |
|    entropy_loss         | -1.85       |
|    explained_variance   | -0.861      |
|    learning_rate        | 0.0003      |
|    loss                 | -0.0383     |
|    n_updates            | 1180        |
|    policy_gradient_loss | -0.0293     |
|    std                  | 0.609       |
|    value_loss           | 0.000315    |
-----------------------------------------
-----------------------------------------
| rollout/                |             |
|    ep_len_mean          | 241         |
|    ep_rew_mean          | -112        |
| time/                   |             |
|    fps                  | 240         |
|    iterations           | 120         |
|    time_elapsed         | 1529        |
|    total_timesteps      | 368640      |
| train/                  |             |
|    approx_kl            | 0.017728427 |
|    clip_fraction        | 0.164       |
|    clip_range           | 0.2         |
|    entropy_loss         | -1.84       |
|    explained_variance   | -1.36       |
|    learning_rate        | 0.0003      |
|    loss                 | -0.0548     |
|    n_updates            | 1190        |
|    policy_gradient_loss | -0.0285     |
|    std                  | 0.608       |
|    value_loss           | 0.000351    |
-----------------------------------------
-----------------------------------------
| rollout/                |             |
|    ep_len_mean          | 241         |
|    ep_rew_mean          | -111        |
| time/                   |             |
|    fps                  | 242         |
|    iterations           | 121         |
|    time_elapsed         | 1535        |
|    total_timesteps      | 371712      |
| train/                  |             |
|    approx_kl            | 0.020013181 |
|    clip_fraction        | 0.182       |
|    clip_range           | 0.2         |
|    entropy_loss         | -1.84       |
|    explained_variance   | -1.22       |
|    learning_rate        | 0.0003      |
|    loss                 | -0.0508     |
|    n_updates            | 1200        |
|    policy_gradient_loss | -0.0317     |
|    std                  | 0.606       |
|    value_loss           | 0.000304    |
-----------------------------------------
-----------------------------------------
| rollout/                |             |
|    ep_len_mean          | 241         |
|    ep_rew_mean          | -111        |
| time/                   |             |
|    fps                  | 243         |
|    iterations           | 122         |
|    time_elapsed         | 1541        |
|    total_timesteps      | 374784      |
| train/                  |             |
|    approx_kl            | 0.016401742 |
|    clip_fraction        | 0.164       |
|    clip_range           | 0.2         |
|    entropy_loss         | -1.83       |
|    explained_variance   | -1.31       |
|    learning_rate        | 0.0003      |
|    loss                 | -0.0422     |
|    n_updates            | 1210        |
|    policy_gradient_loss | -0.0263     |
|    std                  | 0.605       |
|    value_loss           | 0.000287    |
-----------------------------------------
-----------------------------------------
| rollout/                |             |
|    ep_len_mean          | 241         |
|    ep_rew_mean          | -107        |
| time/                   |             |
|    fps                  | 244         |
|    iterations           | 123         |
|    time_elapsed         | 1547        |
|    total_timesteps      | 377856      |
| train/                  |             |
|    approx_kl            | 0.015802396 |
|    clip_fraction        | 0.159       |
|    clip_range           | 0.2         |
|    entropy_loss         | -1.83       |
|    explained_variance   | -1.08       |
|    learning_rate        | 0.0003      |
|    loss                 | -0.0478     |
|    n_updates            | 1220        |
|    policy_gradient_loss | -0.0252     |
|    std                  | 0.604       |
|    value_loss           | 0.000263    |
-----------------------------------------
-----------------------------------------
| rollout/                |             |
|    ep_len_mean          | 241         |
|    ep_rew_mean          | -105        |
| time/                   |             |
|    fps                  | 245         |
|    iterations           | 124         |
|    time_elapsed         | 1552        |
|    total_timesteps      | 380928      |
| train/                  |             |
|    approx_kl            | 0.019519232 |
|    clip_fraction        | 0.185       |
|    clip_range           | 0.2         |
|    entropy_loss         | -1.82       |
|    explained_variance   | -1.47       |
|    learning_rate        | 0.0003      |
|    loss                 | -0.0394     |
|    n_updates            | 1230        |
|    policy_gradient_loss | -0.0313     |
|    std                  | 0.598       |
|    value_loss           | 0.000255    |
-----------------------------------------
-----------------------------------------
| rollout/                |             |
|    ep_len_mean          | 241         |
|    ep_rew_mean          | -107        |
| time/                   |             |
|    fps                  | 246         |
|    iterations           | 125         |
|    time_elapsed         | 1558        |
|    total_timesteps      | 384000      |
| train/                  |             |
|    approx_kl            | 0.019236298 |
|    clip_fraction        | 0.188       |
|    clip_range           | 0.2         |
|    entropy_loss         | -1.8        |
|    explained_variance   | -1.53       |
|    learning_rate        | 0.0003      |
|    loss                 | -0.053      |
|    n_updates            | 1240        |
|    policy_gradient_loss | -0.029      |
|    std                  | 0.595       |
|    value_loss           | 0.000222    |
-----------------------------------------
-----------------------------------------
| rollout/                |             |
|    ep_len_mean          | 241         |
|    ep_rew_mean          | -104        |
| time/                   |             |
|    fps                  | 247         |
|    iterations           | 126         |
|    time_elapsed         | 1564        |
|    total_timesteps      | 387072      |
| train/                  |             |
|    approx_kl            | 0.017804734 |
|    clip_fraction        | 0.179       |
|    clip_range           | 0.2         |
|    entropy_loss         | -1.8        |
|    explained_variance   | -0.977      |
|    learning_rate        | 0.0003      |
|    loss                 | -0.0499     |
|    n_updates            | 1250        |
|    policy_gradient_loss | -0.0277     |
|    std                  | 0.595       |
|    value_loss           | 0.00026     |
-----------------------------------------
-----------------------------------------
| rollout/                |             |
|    ep_len_mean          | 241         |
|    ep_rew_mean          | -103        |
| time/                   |             |
|    fps                  | 248         |
|    iterations           | 127         |
|    time_elapsed         | 1569        |
|    total_timesteps      | 390144      |
| train/                  |             |
|    approx_kl            | 0.022886863 |
|    clip_fraction        | 0.199       |
|    clip_range           | 0.2         |
|    entropy_loss         | -1.8        |
|    explained_variance   | -1.16       |
|    learning_rate        | 0.0003      |
|    loss                 | -0.0465     |
|    n_updates            | 1260        |
|    policy_gradient_loss | -0.0311     |
|    std                  | 0.595       |
|    value_loss           | 0.000208    |
-----------------------------------------
----------------------------------------
| rollout/                |            |
|    ep_len_mean          | 241        |
|    ep_rew_mean          | -102       |
| time/                   |            |
|    fps                  | 249        |
|    iterations           | 128        |
|    time_elapsed         | 1575       |
|    total_timesteps      | 393216     |
| train/                  |            |
|    approx_kl            | 0.01921826 |
|    clip_fraction        | 0.184      |
|    clip_range           | 0.2        |
|    entropy_loss         | -1.8       |
|    explained_variance   | -1.65      |
|    learning_rate        | 0.0003     |
|    loss                 | -0.0429    |
|    n_updates            | 1270       |
|    policy_gradient_loss | -0.0318    |
|    std                  | 0.594      |
|    value_loss           | 0.000206   |
----------------------------------------
----------------------------------------
| rollout/                |            |
|    ep_len_mean          | 241        |
|    ep_rew_mean          | -102       |
| time/                   |            |
|    fps                  | 250        |
|    iterations           | 129        |
|    time_elapsed         | 1581       |
|    total_timesteps      | 396288     |
| train/                  |            |
|    approx_kl            | 0.01631965 |
|    clip_fraction        | 0.159      |
|    clip_range           | 0.2        |
|    entropy_loss         | -1.78      |
|    explained_variance   | -0.712     |
|    learning_rate        | 0.0003     |
|    loss                 | -0.0492    |
|    n_updates            | 1280       |
|    policy_gradient_loss | -0.0281    |
|    std                  | 0.587      |
|    value_loss           | 0.00026    |
----------------------------------------
-----------------------------------------
| rollout/                |             |
|    ep_len_mean          | 241         |
|    ep_rew_mean          | -102        |
| time/                   |             |
|    fps                  | 251         |
|    iterations           | 130         |
|    time_elapsed         | 1587        |
|    total_timesteps      | 399360      |
| train/                  |             |
|    approx_kl            | 0.017592382 |
|    clip_fraction        | 0.184       |
|    clip_range           | 0.2         |
|    entropy_loss         | -1.77       |
|    explained_variance   | -1.11       |
|    learning_rate        | 0.0003      |
|    loss                 | -0.0556     |
|    n_updates            | 1290        |
|    policy_gradient_loss | -0.026      |
|    std                  | 0.585       |
|    value_loss           | 0.000238    |
-----------------------------------------
-----------------------------------------
| rollout/                |             |
|    ep_len_mean          | 241         |
|    ep_rew_mean          | -106        |
| time/                   |             |
|    fps                  | 252         |
|    iterations           | 131         |
|    time_elapsed         | 1592        |
|    total_timesteps      | 402432      |
| train/                  |             |
|    approx_kl            | 0.018998243 |
|    clip_fraction        | 0.184       |
|    clip_range           | 0.2         |
|    entropy_loss         | -1.76       |
|    explained_variance   | -1.28       |
|    learning_rate        | 0.0003      |
|    loss                 | -0.0529     |
|    n_updates            | 1300        |
|    policy_gradient_loss | -0.0301     |
|    std                  | 0.583       |
|    value_loss           | 0.000209    |
-----------------------------------------

  saved ppo_usv.zip and ppo_usv_vecnorm.pkl
